100 30000
1024 57 3 58
512 41 2 85
42 17 3 22
88 19 3 86
5000 80 3 25
512 43 2 75
88 22 1 85
777 53 3 14
19 11 2 34
2048 68 2 95
7 1 3 86
128 35 2 97
88 19 1 83
777 51 3 6
6500 82 1 79
19 8 1 83
88 23 3 31
19 9 1 87
9001 100 2 5
1024 60 2 92
2048 70 1 23
8192 89 2 94
512 42 2 87
2048 67 3 14
7 4 3 1
9001 98 3 16
19 10 3 30
2048 68 3 87
5000 78 2 67
6500 87 1 89
2048 66 2 89
88 20 2 89
1024 55 1 96
42 16 3 74
1024 60 1 30
128 34 1 96
7 2 3 29
5000 81 2 26
7 2 1 85
88 22 3 27
42 18 2 92
512 45 1 99
19 6 1 85
2048 69 3 34
1024 58 1 96
4096 73 3 45
1024 54 2 87
5000 76 1 14
128 32 2 97
19 6 3 65
1024 59 1 100
2048 66 3 10
7 5 1 11
7 1 1 87
256 38 3 0
6500 84 1 89
4096 71 3 66
4096 74 2 87
88 25 3 12
6500 85 3 7
128 31 2 79
6500 82 2 80
777 49 1 85
128 27 1 90
5000 81 1 97
8192 90 1 4
88 21 3 31
88 26 2 89
9001 99 1 97
2048 67 1 95
4096 72 1 92
2048 68 1 98
512 41 3 41
1024 60 3 2
19 7 2 100
88 20 3 33
8192 90 3 8
256 40 2 63
1024 55 3 31
42 13 2 76
88 23 1 82
9001 100 3 30
19 10 2 88
2048 63 2 78
256 37 3 18
777 52 2 75
1024 58 3 18
6500 82 3 27
256 36 1 88
128 34 3 29
512 45 2 92
6500 86 3 97
6500 83 3 31
42 18 1 100
6500 86 2 88
777 51 2 82
2048 65 1 8
5000 77 1 46
1024 56 1 89
19 8 2 87
8192 92 1 85
8192 96 3 32
88 19 2 97
128 30 3 10
42 13 3 1
128 32 1 61
2048 63 3 12
2048 64 2 55
4096 74 3 1
9001 99 2 90
8192 91 3 29
128 29 3 32
88 24 3 32
6500 83 1 76
5000 80 1 88
256 38 1 97
512 44 1 92
5000 76 3 14
8192 93 2 50
256 39 1 98
777 47 3 25
256 36 3 72
6500 88 3 27
777 48 2 88
777 48 3 34
1024 59 3 3
777 50 2 90
777 50 3 26
512 44 2 76
4096 74 1 84
19 7 1 82
88 26 3 97
2048 67 2 45
4096 71 1 99
512 46 3 22
4096 75 3 16
6500 84 3 12
42 15 1 28
1024 54 1 94
4096 71 2 79
1024 55 2 44
8192 90 2 79
5000 76 2 81
7 1 2 75
9001 97 1 80
128 34 2 95
8192 96 1 91
19 11 3 19
88 21 2 64
8192 89 1 95
19 9 3 14
2048 69 1 83
128 28 2 51
2048 64 1 95
6500 87 3 16
512 44 3 39
88 24 2 7
42 14 2 95
8192 94 2 96
88 23 2 88
777 53 2 75
128 29 1 39
128 27 2 37
8192 94 3 14
6500 88 1 52
777 47 1 93
512 46 1 81
42 15 2 84
1024 54 3 70
128 30 1 88
8192 89 3 60
6500 86 1 84
19 11 1 81
777 49 3 27
1024 61 3 34
8192 95 1 93
777 50 1 84
512 43 1 86
7 2 2 56
8192 92 2 94
19 7 3 65
2048 70 2 77
88 20 1 56
2048 65 3 33
9001 97 2 88
42 14 3 53
42 15 3 7
8192 93 3 30
8192 91 1 17
777 48 1 89
42 12 2 81
8192 92 3 56
8192 93 1 93
5000 78 1 96
4096 75 1 91
777 49 2 24
88 25 2 56
88 26 1 83
88 24 1 91
1024 56 3 38
8192 95 3 3
512 45 3 32
5000 79 3 73
19 9 2 94
6500 84 2 85
7 5 3 23
1024 56 2 86
777 52 3 11
777 51 1 88
128 30 2 12
2048 70 3 3
6500 85 1 85
1024 58 2 6
128 33 1 88
5000 79 1 87
4096 72 3 87
256 39 3 68
5000 79 2 79
7 3 3 64
128 29 2 80
7 5 2 86
42 17 2 93
42 16 1 88
9001 98 1 23
4096 72 2 97
8192 95 2 27
7 4 1 76
1024 61 2 77
128 33 2 76
2048 69 2 96
6500 88 2 89
19 6 2 85
128 27 3 29
1024 57 2 80
42 17 1 86
128 28 1 91
5000 80 2 33
512 43 3 78
128 28 3 34
4096 75 2 13
7 3 2 77
8192 91 2 99
8192 96 2 81
42 16 2 90
5000 77 2 91
42 13 1 57
88 21 1 100
6500 87 2 51
512 42 1 85
128 35 1 22
128 31 3 34
9001 98 2 92
128 32 3 8
8192 94 1 69
512 46 2 61
2048 64 3 21
19 8 3 10
88 22 2 32
42 12 3 35
2048 62 3 28
128 33 3 9
256 40 1 94
9001 99 3 88
256 38 2 21
4096 73 1 94
512 42 3 47
777 52 1 10
2048 62 2 83
1024 57 1 99
5000 77 3 30
5000 78 3 26
6500 83 2 91
7 3 1 87
2048 66 1 47
9001 97 3 14
128 31 1 84
256 36 2 85
2048 65 2 84
42 12 1 25
777 53 1 32
256 39 2 87
7 4 2 95
777 47 2 87
6500 85 2 22
128 35 3 15
4096 73 2 81
19 10 1 29
5000 81 3 19
88 25 1 90
42 14 1 91
256 40 3 13
1024 61 1 59
42 18 3 92
2048 62 1 95
2048 63 1 88
1024 59 2 28
9001 100 1 92
512 41 1 81
256 37 1 8
256 37 2 92
10000 113 1 52
7224 142 1 52
9999 110 3 1
3852 126 1 51
654 132 3 93
4676 170 3 68
955 157 2 59
5749 182 3 79
4503 117 1 94
798 185 3 21
3422 130 1 71
1310 166 2 87
2499 136 1 18
8204 196 3 58
3552 123 2 45
4885 131 3 9
10000 111 1 93
9999 106 2 94
4501 198 3 66
9087 178 2 44
7921 127 2 30
3265 133 1 55
8866 199 3 64
2809 190 3 91
452 194 3 66
6028 188 1 87
7606 165 2 40
450 122 1 11
654 132 2 94
7952 146 2 62
9999 108 2 92
3265 133 3 52
9305 155 3 28
6856 143 1 6
9999 107 2 85
4503 117 2 83
3552 123 3 64
450 122 3 85
3247 135 2 94
4885 131 1 4
3012 163 3 59
9001 103 2 88
2809 190 2 34
3247 135 1 8
4676 170 2 75
3175 119 2 71
8329 139 3 52
8204 196 2 95
7711 195 2 29
8242 156 3 33
4885 131 2 35
9087 178 3 71
1985 159 1 70
8532 158 2 62
3852 126 3 71
945 164 1 13
6323 180 1 79
3383 197 3 45
6285 148 1 50
5467 129 2 24
1345 151 3 45
10000 113 3 13
2930 121 1 70
955 157 1 86
3012 163 2 56
6661 137 3 0
3236 184 2 2
1020 186 1 76
7481 161 3 95
2499 136 3 1
3175 119 1 89
1500 191 2 25
7481 161 2 9
7711 195 1 21
733 192 1 44
1055 150 2 86
2499 136 2 68
7921 127 1 12
5431 167 3 44
6323 180 2 50
8484 125 3 49
3852 126 2 21
9001 101 3 33
6089 189 2 3
10000 116 3 87
9951 172 1 1
1500 191 3 79
1586 181 1 78
9951 172 2 70
3236 184 3 23
987 153 1 80
8329 139 2 64
4503 117 3 21
5930 169 1 79
769 177 1 41
9999 108 3 22
6089 189 1 46
817 154 1 40
8242 156 1 96
9001 105 2 81
10000 114 1 82
9001 102 3 8
9999 106 3 29
945 164 3 1
10000 115 1 94
7462 175 1 28
9999 106 1 58
9001 103 1 82
8484 125 1 39
4884 138 3 82
7952 146 1 20
2930 121 2 3
6477 145 3 84
8478 187 3 3
3827 174 3 97
1055 150 3 18
5817 141 1 34
9994 118 3 17
3827 174 1 68
8532 158 1 43
2269 149 1 21
5276 140 2 13
19 183 2 52
1586 181 3 74
6285 148 2 57
4699 152 3 86
8823 134 1 15
1310 166 3 20
6856 143 2 48
1055 150 1 91
450 122 2 52
1586 181 2 42
10000 114 3 79
733 192 2 63
452 194 2 50
3012 163 1 78
4374 147 3 59
4884 138 1 82
2269 149 3 23
9999 108 1 95
1021 179 2 99
5467 129 3 78
754 124 2 98
8866 199 1 96
5276 140 3 35
4501 198 2 23
769 177 3 61
2579 200 1 32
10000 112 3 25
9169 128 1 34
3383 197 1 80
9087 178 1 77
7462 175 3 99
9001 105 1 100
10000 111 3 30
7711 195 3 92
4676 170 1 32
8866 199 2 73
8962 160 1 88
8823 134 3 13
6028 188 3 100
10000 114 2 92
9001 104 1 95
5029 144 1 76
4501 198 1 47
5749 182 1 57
8082 176 3 1
9951 172 3 1
9001 101 2 89
3552 123 1 46
3422 130 2 81
4768 173 3 68
9999 110 1 88
4699 152 1 76
1345 151 2 45
9305 155 2 80
10000 115 2 84
4768 173 1 48
1310 166 1 77
8962 160 2 1
10000 115 3 41
6089 189 3 86
5029 144 3 8
798 185 1 53
8962 160 3 22
4374 147 1 37
10000 112 1 84
9999 107 1 99
9305 155 1 5
1021 179 3 81
3175 119 3 46
5817 141 3 84
5817 141 2 68
798 185 2 69
5643 120 2 10
5477 162 2 78
6285 148 3 8
5467 129 1 86
9094 171 1 38
8242 156 2 91
733 192 3 45
4158 193 3 31
8082 176 2 72
1345 151 1 0
8204 196 1 33
8823 134 2 82
4768 173 2 97
6856 143 3 49
9001 105 3 29
5749 182 2 30
10000 116 1 99
8478 187 2 73
4158 193 1 48
5930 169 3 90
9999 109 3 27
3422 130 3 36
5477 162 1 18
3236 184 1 80
9001 102 1 91
3383 197 2 37
6477 145 2 70
9001 104 3 5
5643 120 1 6
6661 137 1 93
4699 152 2 97
8329 139 1 39
9999 107 3 21
5497 168 2 10
452 194 1 97
987 153 2 67
5497 168 1 2
19 183 3 99
1985 159 3 10
754 124 1 25
9094 171 2 41
5477 162 3 31
19 183 1 35
8082 176 1 21
9999 109 2 83
769 177 2 28
5029 144 2 36
4158 193 2 50
9001 101 1 10
9999 110 2 22
7606 165 1 32
1021 179 1 57
5930 169 2 68
6028 188 2 83
10000 113 2 81
9001 103 3 70
7462 175 2 10
10000 116 2 87
9169 128 3 95
6477 145 1 49
9094 171 3 49
9994 118 1 96
2809 190 1 60
754 124 3 55
9999 109 1 88
2579 200 2 65
9994 118 2 53
7481 161 1 94
9001 102 2 91
8478 187 1 60
955 157 3 93
2930 121 3 30
3265 133 2 94
2269 149 2 87
6323 180 3 7
1020 186 2 41
10000 112 2 79
3247 135 3 3
7921 127 3 61
5276 140 1 4
8484 125 2 64
5431 167 2 18
1500 191 1 79
654 132 1 78
2579 200 3 36
817 154 3 51
9001 104 2 80
4884 138 2 4
4374 147 2 53
7224 142 2 82
7952 146 3 100
6661 137 2 79
5643 120 3 80
7606 165 3 88
9169 128 2 86
3827 174 2 59
8532 158 3 18
7224 142 3 8
5497 168 3 91
945 164 2 28
1020 186 3 89
817 154 2 45
1985 159 2 65
10000 111 2 31
987 153 3 52
5431 167 1 41
7930 286 1 9
3874 222 3 12
2574 250 1 59
5976 263 3 68
7762 205 2 90
5815 210 3 30
5395 289 3 50
9492 241 2 3
8841 228 2 56
7442 275 1 50
7572 260 3 85
3041 238 2 100
7572 260 1 96
7825 296 3 2
6620 231 1 82
2771 219 1 28
8324 224 1 73
7779 215 2 26
8266 284 3 69
4313 230 1 10
3795 298 3 17
7515 297 3 6
8979 294 2 6
6620 231 3 12
5391 273 1 65
5102 257 1 59
7933 253 1 42
9208 227 3 19
7799 264 1 17
1595 208 2 74
7004 249 1 11
7004 249 3 83
999 262 2 77
6683 259 3 7
3647 300 2 90
8266 284 1 79
9306 207 1 26
1950 212 3 95
3041 238 3 95
3703 256 2 34
8841 228 3 82
4048 252 1 33
6962 233 3 84
103 237 3 41
5102 257 2 37
4313 230 2 63
2986 283 3 29
5391 273 3 32
3306 225 2 94
2951 221 2 43
7205 223 1 29
5030 232 1 39
4605 274 1 55
7538 236 2 50
3874 222 1 65
2592 266 3 13
3874 222 2 70
8039 267 1 46
8706 246 3 11
1437 285 2 11
5708 282 3 86
7650 276 2 100
7859 261 2 55
1437 285 3 1
8841 228 1 94
6751 287 3 12
7515 297 1 50
7779 215 3 78
2399 299 3 97
8775 234 1 98
6751 287 2 32
7859 261 3 22
5623 226 2 10
3703 256 3 59
7205 223 3 67
272 251 2 36
2398 245 2 45
5708 282 2 50
9186 220 3 87
4291 268 2 26
9429 204 1 21
6295 281 1 76
9261 213 2 95
863 290 3 69
2674 209 2 24
999 262 3 76
2674 209 1 53
2592 266 1 12
6488 247 2 67
7933 253 2 12
7059 291 3 70
7825 296 1 82
8951 203 2 62
9261 213 1 72
6310 269 2 24
9492 241 1 74
2652 218 3 98
7221 216 2 0
9306 207 2 58
5008 214 1 33
9261 213 3 95
9208 227 1 94
2398 245 3 57
7572 260 2 35
3703 256 1 85
2440 280 1 2
1068 270 2 42
7442 275 3 54
6879 295 3 31
5316 293 1 82
3306 225 1 50
4826 206 1 30
2440 280 2 26
6620 231 2 96
7859 261 1 28
4546 279 2 97
2398 245 1 74
6492 239 3 28
8706 246 1 81
9306 207 3 40
7538 236 1 73
1595 208 3 79
2670 235 1 38
1950 212 2 96
1254 229 3 70
1437 285 1 67
7835 288 3 12
4826 206 3 27
7221 216 1 54
4546 279 1 85
5976 263 1 71
3569 255 2 6
8696 271 2 93
9186 220 2 92
5395 289 2 75
6034 277 2 83
2670 235 2 9
3569 255 1 91
5623 226 1 87
2670 235 3 50
7779 215 1 29
5815 210 2 11
7933 253 3 58
5976 263 2 17
7825 296 2 44
1254 229 2 11
999 262 1 19
8706 246 2 43
1068 270 3 72
3795 298 2 18
7930 286 3 52
1874 240 3 0
7059 291 1 11
6295 281 3 49
8656 211 1 66
5395 289 1 50
2660 254 3 78
7515 297 2 75
4413 217 3 0
8951 203 1 44
3171 265 2 14
8696 271 3 47
6310 269 1 92
7538 236 3 85
6879 295 1 25
1874 240 2 16
3795 298 1 93
4313 230 3 63
5391 273 2 60
6492 239 1 40
2986 283 1 69
6537 243 2 73
1116 242 3 53
7930 286 2 41
8951 203 3 71
103 237 2 3
3171 265 1 87
2592 266 2 29
1874 240 1 86
1440 292 3 96
7343 244 1 35
6492 239 2 30
2652 218 1 23
7835 288 2 7
2440 280 3 2
8775 234 3 90
8324 224 2 34
863 290 1 13
5008 214 3 5
7835 288 1 21
9492 241 3 15
2986 283 2 33
4048 252 3 85
6531 202 1 20
440 248 1 68
9429 204 3 33
6683 259 1 58
1950 212 1 30
9429 204 2 4
7004 249 2 59
8089 201 1 44
7205 223 2 56
1595 208 1 58
8738 258 3 9
2660 254 2 15
8979 294 3 24
6401 272 1 1
8979 294 1 87
7343 244 3 62
7762 205 1 78
2574 250 2 31
1254 229 1 0
8738 258 2 68
2771 219 3 36
272 251 1 26
6034 277 1 35
8775 234 2 6
4605 274 3 11
5030 232 3 83
6537 243 1 81
2951 221 3 35
7650 276 1 100
4020 278 2 36
7799 264 2 80
6531 202 2 61
5815 210 1 51
5008 214 2 21
8738 258 1 38
2399 299 2 80
4020 278 3 1
2660 254 1 19
5623 226 3 72
4413 217 2 7
2399 299 1 20
6537 243 3 56
6962 233 2 2
2652 218 2 21
6531 202 3 68
6879 295 2 69
440 248 3 72
2574 250 3 87
8266 284 2 87
2771 219 2 7
6683 259 2 68
6962 233 1 82
7762 205 3 79
8089 201 2 100
3569 255 3 65
6295 281 2 79
9186 220 1 22
7343 244 2 20
1440 292 1 46
863 290 2 0
8656 211 2 53
4413 217 1 44
9208 227 2 55
7442 275 2 62
440 248 2 58
7650 276 3 66
7799 264 3 70
4546 279 3 22
4605 274 2 87
1068 270 1 75
4826 206 2 64
5316 293 2 71
4291 268 1 52
2951 221 1 45
6488 247 3 56
8696 271 1 55
6751 287 1 8
1116 242 2 83
8039 267 3 70
6310 269 3 72
1440 292 2 95
7059 291 2 89
7221 216 3 73
4048 252 2 92
8089 201 3 0
272 251 3 82
6034 277 3 10
3647 300 1 5
5102 257 3 38
1116 242 1 96
2674 209 3 39
6488 247 1 48
3647 300 3 49
5316 293 3 57
6401 272 3 91
103 237 1 25
4291 268 3 93
3171 265 3 96
8324 224 3 31
6401 272 2 37
8039 267 2 68
5708 282 1 93
3041 238 1 86
8656 211 3 23
4020 278 1 68
5030 232 2 40
3306 225 3 48
7114 322 3 67
4630 356 3 16
7510 333 1 77
8667 332 2 53
2939 368 2 23
8717 379 3 73
8667 332 1 36
9287 345 2 55
68 348 2 63
872 325 3 18
8717 379 1 86
8943 386 2 66
4489 327 1 79
4405 304 3 16
3131 370 3 85
2720 329 2 26
7526 376 2 66
904 383 1 31
6827 364 1 49
2105 400 1 48
5601 341 3 42
2489 319 3 29
7510 333 3 20
3494 369 1 90
2489 319 2 60
5739 351 2 20
1118 352 2 16
4489 327 2 23
6569 305 2 61
9825 393 1 76
6030 384 3 68
6030 384 2 56
1564 387 1 25
404 316 3 25
9177 314 3 89
6850 303 3 80
1245 347 1 50
2105 400 3 86
5483 353 3 60
7395 343 2 8
9135 388 2 63
3573 366 1 13
6850 303 1 3
3047 361 3 28
3047 361 2 3
68 348 3 1
5091 350 2 87
6513 323 1 95
3573 366 2 64
8943 386 3 81
9936 324 1 94
4738 308 1 86
2939 368 1 95
5739 351 3 16
8700 337 3 8
629 397 2 80
904 383 2 5
8929 377 1 97
6569 305 1 11
2733 391 1 71
7995 312 3 53
8943 386 1 36
7821 342 3 99
6513 323 3 32
4618 349 2 30
3532 392 2 71
3006 301 2 4
4624 355 3 7
4232 381 1 72
761 395 2 60
404 316 1 35
2489 319 1 24
5028 375 2 55
1322 360 2 73
8477 354 3 21
6569 305 3 10
2720 329 3 77
8477 354 2 43
1484 374 3 55
8172 335 2 94
4765 363 2 4
5091 350 1 64
8001 396 2 36
9064 311 2 37
7552 315 3 29
5739 351 1 26
8667 332 3 7
8001 396 1 20
3295 334 1 7
4853 373 1 85
8163 358 1 2
4541 382 3 79
7012 372 1 26
6206 365 1 46
6144 310 3 91
850 306 3 28
1322 360 1 74
4842 330 1 18
6317 320 1 78
999 371 3 92
6513 323 2 63
3532 392 3 64
872 325 2 58
922 307 1 76
7012 372 2 89
1872 302 2 16
3573 366 3 28
1484 374 2 31
8898 346 2 91
8229 359 3 19
8229 359 2 62
5243 394 2 74
761 395 1 32
9936 324 3 98
6317 320 2 75
8700 337 1 14
872 325 1 44
444 318 3 52
9905 313 2 45
629 397 1 61
3845 378 2 11
9177 314 1 88
4405 304 1 34
7012 372 3 26
5091 350 3 63
68 348 1 61
1425 344 1 70
2791 380 2 86
4630 356 1 36
3494 369 3 9
674 309 2 40
3295 334 3 59
7395 343 1 24
9345 340 1 44
922 307 2 82
3845 378 3 83
8664 339 1 12
1484 374 1 56
2105 400 2 64
8811 317 3 48
3131 370 1 57
3532 392 1 11
4541 382 2 6
4624 355 2 94
7821 342 1 33
2754 357 2 6
1425 344 3 54
6615 321 3 31
8229 359 1 38
192 338 2 53
761 395 3 60
8811 317 2 22
7995 312 1 73
4618 349 1 77
850 306 2 72
4853 373 2 54
9825 393 3 53
6850 303 2 81
6144 310 2 23
5243 394 1 53
6615 321 2 79
9905 313 1 49
6144 310 1 0
6827 364 3 82
5483 353 2 61
9135 388 3 82
404 316 2 42
9287 345 3 60
9177 314 2 60
3113 331 2 19
3508 336 2 26
4232 381 3 36
8664 339 3 2
1872 302 1 49
1872 302 3 91
1232 367 3 68
3508 336 1 95
4618 349 3 3
4724 328 2 61
4030 385 3 76
5601 341 1 33
4853 373 3 36
629 397 3 73
2791 380 3 85
3131 370 2 51
3521 390 1 42
6981 398 2 24
9936 324 2 46
5601 341 2 83
9345 340 3 95
5028 375 1 49
4842 330 2 100
7552 315 1 1
4724 328 1 70
1232 367 1 65
8811 317 1 52
8172 335 3 20
3845 378 1 42
6206 365 2 37
192 338 3 0
4738 308 3 81
7821 342 2 2
7114 322 2 56
7510 333 2 64
2720 329 1 87
922 307 3 2
2754 357 1 36
2370 399 3 7
4765 363 1 87
4630 356 2 7
7526 376 3 59
3113 331 1 50
2370 399 1 12
8477 354 1 32
8700 337 2 29
4842 330 3 62
9064 311 1 10
3047 361 1 47
1293 362 1 41
4030 385 1 35
4405 304 2 9
4489 327 3 100
3006 301 3 94
1425 344 2 25
8929 377 3 23
3295 334 2 94
9135 388 1 78
1118 352 1 21
4242 326 2 55
5483 353 1 93
2733 391 3 38
7552 315 2 22
4724 328 3 65
8717 379 2 85
3006 301 1 35
6827 364 2 20
8163 358 3 86
1322 360 3 9
1245 347 2 33
444 318 2 7
3494 369 2 97
4242 326 3 7
4765 363 3 17
4541 382 1 19
444 318 1 64
192 338 1 89
999 371 1 34
4624 355 1 81
4232 381 2 29
5243 394 3 3
3521 390 3 13
8898 346 1 65
6206 365 3 85
2939 368 3 22
8172 335 1 29
3508 336 3 68
674 309 1 89
4242 326 1 15
1564 387 3 81
9825 393 2 91
850 306 1 84
6981 398 1 41
2370 399 2 77
8898 346 3 65
1232 367 2 4
6030 384 1 19
8929 377 2 79
4738 308 2 38
6615 321 1 64
9345 340 2 55
2791 380 1 12
287 389 2 59
3521 390 2 70
7995 312 2 75
2733 391 2 21
6317 320 3 41
9064 311 3 80
7395 343 3 44
674 309 3 28
5028 375 3 21
287 389 1 55
2754 357 3 81
287 389 3 10
1118 352 3 66
904 383 3 53
3113 331 3 43
6981 398 3 78
1293 362 2 56
9287 345 1 99
1293 362 3 13
9905 313 3 54
8001 396 3 56
1245 347 3 44
4030 385 2 38
8664 339 2 21
7114 322 1 29
1564 387 2 40
999 371 2 34
7526 376 1 54
8163 358 2 39
9946 420 1 52
7913 452 1 48
2210 480 1 37
6074 463 3 31
9050 408 3 58
7489 473 2 16
7163 456 2 100
681 465 2 14
9904 453 1 9
3735 414 1 100
6598 405 2 2
2087 404 1 15
2175 496 3 52
3911 445 2 14
896 424 2 24
896 424 1 85
3260 440 2 56
7260 474 3 36
7042 461 3 41
9653 428 1 20
5194 455 2 27
2223 434 1 1
4061 490 1 49
5985 499 2 98
9739 422 1 11
5264 406 3 21
1379 478 1 87
577 436 3 60
5471 482 2 10
577 436 2 95
7163 456 1 56
7489 473 1 78
9764 470 3 31
7427 467 1 96
681 465 1 41
9462 469 3 100
5444 449 3 40
2662 486 3 73
7437 447 2 9
5630 444 2 72
2629 500 1 40
7913 452 3 28
3260 440 1 68
7899 495 3 54
2087 404 2 55
455 494 1 83
3022 471 3 100
6565 430 2 94
2745 411 1 27
5839 416 1 87
5471 498 3 30
877 418 1 16
2472 425 1 29
9904 453 3 34
6944 487 2 74
5194 455 3 85
2745 411 3 3
577 436 1 8
6074 463 1 83
1379 478 2 30
6074 463 2 71
5471 482 3 37
9945 475 2 14
7427 467 3 44
3735 414 3 62
7388 401 1 36
6352 492 2 85
6565 430 1 16
903 481 2 37
7489 473 3 94
5206 435 2 82
9739 422 3 16
681 465 3 73
3260 440 3 93
2453 410 3 89
2223 434 3 32
15 432 1 64
8169 412 2 99
6505 402 1 11
6598 405 3 17
8158 409 2 44
5471 498 2 21
2472 425 2 31
9653 428 3 63
7879 438 1 11
857 442 3 66
6853 437 2 7
8895 468 2 59
3218 460 1 55
4525 458 2 27
8489 451 3 64
4143 419 1 99
5295 423 2 97
8610 429 1 2
9945 475 3 15
45 450 3 53
5194 455 1 11
994 472 3 45
6028 491 1 58
9904 453 2 4
3723 464 3 37
9946 420 2 7
5264 406 1 61
2453 410 2 97
5630 444 1 88
6970 431 2 15
6853 437 3 67
7859 476 2 80
9811 443 1 69
7842 403 2 12
6751 488 2 25
7842 403 3 90
7260 474 2 26
3911 445 3 0
4143 419 3 8
6662 421 2 4
8117 493 1 94
6699 483 2 26
7437 447 3 27
2872 462 1 100
3022 471 1 35
6352 492 1 0
8158 409 3 15
2894 457 3 67
2894 427 3 4
455 494 2 78
2894 427 1 61
7042 461 1 82
293 426 3 43
2629 500 2 66
2894 457 1 6
8117 493 2 56
9811 443 3 32
2072 448 1 15
5264 406 2 71
2087 404 3 1
7899 495 1 44
8653 446 3 60
5860 485 3 52
2175 496 2 20
4251 433 3 98
857 442 1 10
5471 498 1 43
9462 469 1 86
8653 446 2 94
5860 485 1 44
6598 405 1 85
5444 449 2 81
2453 410 1 88
9653 428 2 91
9067 489 1 40
2662 486 2 39
6853 437 1 29
4251 433 1 4
2894 457 2 90
2894 427 2 27
2210 480 3 88
1796 417 1 81
6028 491 2 56
4748 479 2 38
5444 449 1 61
6640 441 1 98
8367 477 3 76
6662 421 3 26
9945 475 1 0
6662 421 1 25
6640 441 3 28
4329 497 2 74
4748 479 3 78
4143 419 2 54
857 442 2 93
7879 438 2 35
8169 412 3 97
8169 412 1 47
15 432 3 94
1379 478 3 75
3723 464 1 65
5471 482 1 11
15 432 2 48
3670 454 2 12
994 472 1 96
1021 415 3 39
7859 476 1 71
8367 477 2 39
6699 483 3 43
2472 425 3 56
3723 464 2 45
5295 423 1 26
8158 409 1 46
6970 431 3 97
2210 480 2 8
8117 493 3 82
5985 499 1 78
6699 483 1 80
7427 467 2 38
4251 433 2 59
6751 488 1 96
7388 401 2 78
3218 460 2 56
9764 470 1 100
455 494 3 30
8653 446 1 28
3670 454 3 68
1021 415 1 93
8610 429 3 2
2175 496 1 4
9067 489 3 20
4061 490 3 35
293 426 1 14
7430 439 3 55
3022 471 2 99
4329 497 1 41
7859 476 3 3
9946 420 3 67
5967 459 3 86
6028 491 3 86
5967 459 2 70
6944 487 3 71
7042 461 2 81
1021 415 2 79
1796 417 2 55
5730 407 2 10
9462 469 2 62
3336 466 3 85
3336 466 2 69
45 450 1 61
6505 402 3 36
7437 447 1 61
994 472 2 15
7430 439 2 32
6352 492 3 95
8610 429 2 61
9811 443 2 22
5839 416 3 17
8489 451 1 95
3336 466 1 26
4329 497 3 45
8052 484 3 92
5730 407 1 79
7899 495 2 87
5967 459 1 79
2745 411 2 25
8367 477 1 46
1663 413 2 50
7260 474 1 58
1663 413 3 54
6944 487 1 62
9739 422 2 69
6565 430 3 44
5730 407 3 7
2223 434 2 74
5206 435 1 36
9050 408 1 70
7879 438 3 70
2872 462 2 19
8052 484 1 87
4061 490 2 61
5839 416 2 80
2072 448 3 15
3735 414 2 76
4748 479 1 30
2662 486 1 60
5985 499 3 14
293 426 2 52
5860 485 2 57
3911 445 1 66
8052 484 2 26
7388 401 3 16
7913 452 2 2
903 481 1 14
8489 451 2 59
5295 423 3 100
903 481 3 33
9764 470 2 96
7163 456 3 55
1796 417 3 73
877 418 2 7
1663 413 1 38
8895 468 1 82
877 418 3 81
2629 500 3 25
2872 462 3 30
4525 458 3 22
8895 468 3 71
3218 460 3 94
6751 488 3 38
7430 439 1 84
7842 403 1 42
45 450 2 55
9067 489 2 95
9050 408 2 65
2072 448 2 57
896 424 3 92
6970 431 1 32
5630 444 3 87
4525 458 1 58
5206 435 3 88
6505 402 2 52
6640 441 2 37
3670 454 1 36
1707 509 2 56
7433 597 2 39
6201 502 2 17
8574 526 2 46
966 566 2 26
4762 558 1 30
814 508 3 10
7609 596 1 94
1707 509 1 61
2100 549 2 48
4066 519 1 49
5229 586 3 32
9282 579 2 10
9399 503 2 81
7092 591 1 88
7524 580 2 48
4411 537 2 82
4973 561 2 76
7882 598 2 92
7164 589 3 4
7605 600 2 70
3418 585 3 30
3968 577 3 70
9282 579 1 6
1369 539 3 84
7605 600 3 56
2585 529 1 47
7605 600 1 18
3546 534 3 99
934 518 1 32
57 510 2 51
7333 541 2 61
2553 544 3 22
3817 565 3 47
4031 595 1 11
7433 597 1 27
4411 537 3 83
9633 501 3 92
368 542 2 89
57 510 1 42
1974 550 2 73
2643 593 3 75
368 542 1 78
8451 557 2 12
494 527 1 77
4656 515 3 40
8584 587 1 8
5473 522 1 80
1262 551 3 33
6903 552 1 86
2859 521 2 18
8048 505 2 84
5329 535 2 72
4682 532 2 70
173 568 3 43
1369 539 1 98
7882 598 3 0
8276 548 2 68
8190 545 2 1
9042 554 3 57
6903 552 3 78
8547 512 2 20
5805 513 2 63
2699 559 1 10
1262 551 2 27
8451 557 3 81
3539 525 1 10
4309 592 1 39
2585 529 2 32
3817 565 1 40
3968 577 2 21
1974 550 1 7
4028 594 1 21
3546 534 2 17
7776 517 2 96
5741 571 3 89
8451 557 1 97
8932 563 3 18
7164 589 1 49
2823 533 3 80
3418 585 2 48
7776 517 1 31
9042 554 1 29
2859 521 3 97
6201 502 3 72
8397 564 1 27
1033 536 2 18
8190 545 1 84
368 542 3 96
5792 575 3 94
494 527 2 41
5793 576 1 93
2823 533 1 11
173 568 1 77
1974 550 3 0
538 570 1 47
8547 512 3 76
4656 515 1 89
7524 580 3 36
3469 524 3 87
5762 516 3 60
8574 526 1 36
8700 567 2 90
8932 563 1 41
7333 541 1 63
8550 556 1 56
5229 586 1 81
494 527 3 37
9349 511 2 76
302 546 2 17
4918 574 1 70
4274 514 2 12
6833 523 2 44
167 599 3 11
4918 574 3 40
3546 534 1 79
7333 541 3 57
4682 532 1 97
773 506 2 61
934 518 3 32
8874 528 2 57
4751 555 3 67
1262 551 1 90
6381 530 3 85
8700 567 3 10
6768 578 1 96
8584 587 2 28
9893 540 1 44
302 546 1 14
9897 507 2 76
6381 530 2 97
4648 543 1 91
5329 535 3 53
6768 578 2 4
5741 571 2 100
7164 589 2 21
7882 598 1 39
4682 531 3 81
2553 544 1 54
600 553 2 99
4309 592 3 81
3539 525 2 77
6381 530 1 48
7774 590 3 21
7776 517 3 40
814 508 2 39
8281 573 1 63
9349 511 1 54
3539 525 3 78
1016 504 3 60
9204 584 3 57
3817 565 2 59
2084 583 2 90
1033 536 1 18
9204 584 2 6
3519 562 2 76
2859 521 1 42
5792 575 1 40
9633 501 2 30
692 560 2 96
6745 572 1 6
9399 503 1 6
7774 590 1 41
966 566 1 53
3728 547 1 7
4973 561 3 51
3728 547 2 86
4682 531 1 6
8276 548 3 18
8574 526 3 86
4274 514 3 53
1369 539 2 74
8190 545 3 33
8874 528 1 3
5793 576 2 13
1016 504 1 61
9897 507 3 82
600 553 3 79
538 570 2 26
4973 561 1 67
5274 569 2 92
4066 519 3 15
9042 554 2 52
8550 556 3 20
2100 549 1 18
9633 501 1 73
7609 596 2 24
2585 529 3 91
4751 555 1 3
8916 520 3 48
3728 547 3 91
2084 583 1 71
2643 593 1 97
5229 586 2 31
5762 516 2 66
7774 590 2 46
6833 523 3 40
8397 564 3 26
2553 544 2 87
7033 582 3 98
8916 520 1 1
4762 558 2 85
2643 593 2 90
7092 591 2 9
6745 572 2 77
814 508 1 19
3469 524 2 42
8237 538 1 83
692 560 1 28
8237 538 3 87
4762 558 3 70
2699 559 2 39
5762 516 1 2
8550 556 2 84
8874 528 3 12
173 568 2 80
5274 569 3 18
3418 585 1 7
8397 564 2 52
6833 523 1 53
9282 579 3 95
9893 540 2 86
4411 537 1 42
2084 583 3 79
4656 515 2 44
9893 540 3 41
4682 531 2 73
692 560 3 97
5274 569 1 32
5793 576 3 55
4066 519 2 86
7092 591 3 48
3519 562 3 2
8932 563 2 92
2699 559 3 60
934 518 2 55
4250 581 1 11
3228 588 3 51
57 510 3 51
9399 503 3 24
773 506 3 31
4250 581 3 47
4648 543 3 73
600 553 1 39
3228 588 2 57
7524 580 1 59
302 546 3 86
4274 514 1 82
8700 567 1 56
3228 588 1 11
8237 538 2 26
4031 595 2 12
4918 574 2 76
1033 536 3 29
8281 573 3 53
5473 522 3 77
8281 573 2 39
6201 502 1 51
9204 584 1 82
8048 505 3 27
6903 552 2 45
7033 582 1 3
773 506 1 96
966 566 3 84
8276 548 1 54
8584 587 3 100
4682 532 3 44
7609 596 3 45
7433 597 3 56
4751 555 2 83
7033 582 2 95
6768 578 3 84
3469 524 1 12
1707 509 3 1
6745 572 3 93
167 599 2 34
9349 511 3 90
2100 549 3 52
8916 520 2 9
5329 535 1 34
4309 592 2 2
5805 513 1 47
5805 513 3 0
1016 504 2 12
538 570 3 79
4028 594 3 25
4250 581 2 71
3968 577 1 20
2823 533 2 46
8547 512 1 84
9897 507 1 83
3519 562 1 15
5741 571 1 50
8048 505 1 62
4028 594 2 1
167 599 1 46
4031 595 3 92
5473 522 2 45
4648 543 2 67
5792 575 2 57
1885 699 2 70
7973 676 3 44
7973 676 2 0
6175 632 2 13
6020 695 2 21
510 658 3 36
4543 685 2 96
9960 627 3 56
4342 641 3 84
396 633 2 38
8611 675 3 15
4638 638 1 16
6381 615 1 76
1073 640 1 38
2971 603 1 62
4431 656 1 43
6020 695 3 76
5793 669 1 84
1830 612 2 85
5813 683 3 76
5466 684 2 38
4543 685 1 46
4259 659 3 67
9441 698 3 86
6625 608 2 20
6925 667 3 7
8301 671 2 75
1516 692 1 45
3219 637 1 44
4925 616 1 31
4252 689 2 46
5878 617 1 84
4638 638 3 57
3219 637 2 47
1516 692 3 1
4431 656 2 51
6020 695 1 35
6175 632 3 28
7404 611 3 29
716 677 1 35
6743 624 3 6
1526 700 1 8
707 621 2 6
1073 640 2 25
8453 631 1 78
1526 700 3 28
2997 647 3 2
648 630 3 27
914 664 1 63
4925 616 3 52
2236 618 1 31
5793 669 3 8
690 605 3 30
4925 616 2 89
1526 700 2 84
5859 636 2 49
9509 654 2 19
1830 612 1 94
7291 609 3 7
3631 682 1 31
2710 673 3 92
3081 681 2 15
3438 690 3 80
6925 667 1 23
2713 680 3 49
4083 626 3 14
6625 608 1 82
2435 687 1 51
5837 610 2 28
5318 652 2 91
2861 613 1 87
2997 647 2 37
5878 617 3 0
648 630 1 100
1439 670 3 65
3403 602 1 5
2042 662 2 21
5199 601 2 13
9186 649 1 41
9441 698 1 79
2861 613 2 66
5564 629 1 63
1496 686 1 50
2212 688 1 66
250 623 2 17
3783 622 1 25
4638 638 2 62
3396 653 3 37
8050 614 3 96
2042 662 3 15
1439 670 2 16
9186 649 3 27
2297 651 3 34
7291 609 2 22
9960 627 1 74
690 634 3 92
1300 606 3 89
5318 652 3 57
3219 637 3 43
250 623 1 53
4342 641 1 36
6744 657 1 25
3438 690 1 67
5066 663 3 96
7311 666 3 60
690 634 2 91
6381 615 3 50
5135 620 1 40
5199 601 1 70
5112 607 2 56
1869 665 3 45
690 634 1 25
2861 613 3 13
6563 674 3 54
2230 645 1 17
1484 655 2 65
2212 688 3 23
3081 681 3 59
3631 682 2 83
5466 684 3 16
5410 694 2 74
6519 697 3 46
4042 628 1 13
2011 644 2 62
5857 619 2 88
9893 660 2 39
2914 604 3 87
5318 652 1 36
250 623 3 78
2112 678 1 65
4431 656 3 55
2236 618 2 11
2971 603 3 34
8453 631 3 11
6563 674 2 69
6743 624 2 68
5956 661 3 69
2914 604 1 17
1885 699 3 81
303 691 3 55
2713 680 1 98
1092 693 2 60
6925 667 2 14
6541 679 2 46
6519 697 1 19
5956 661 2 87
1439 670 1 49
9893 660 3 55
7404 611 1 11
9509 654 1 42
3403 602 2 60
4543 685 3 9
4820 648 1 96
6102 639 2 71
5837 610 3 64
5813 683 2 2
5410 694 3 8
690 605 2 61
8301 671 3 0
2230 645 2 18
7311 666 1 95
3438 690 2 11
1484 655 3 39
8611 675 1 87
5112 607 3 100
2971 603 2 11
5410 694 1 49
7791 625 2 55
2236 618 3 82
1694 672 1 23
2297 651 1 21
5878 617 2 6
4042 628 3 86
6175 632 1 26
8453 631 2 0
1073 640 3 49
2297 651 2 73
6102 639 3 68
5779 635 3 92
5112 607 1 18
5135 620 3 37
5857 619 3 87
7791 625 3 66
6102 639 1 84
4252 689 1 29
2710 673 2 99
707 621 1 11
4252 689 3 61
5859 636 3 59
8177 696 1 80
9509 654 3 28
4580 650 3 60
8177 696 3 10
4083 626 2 58
3396 653 1 20
1861 643 3 30
7973 676 1 12
2230 645 3 79
914 664 3 42
4580 650 1 94
1300 606 2 63
5199 601 3 64
5813 683 1 75
2914 604 2 14
1092 693 3 68
5066 663 2 55
6381 615 2 70
8050 614 1 54
4259 659 1 44
7291 609 1 65
6541 679 3 32
1830 612 3 15
2212 688 2 2
4190 642 3 44
4190 642 1 11
6563 674 1 82
510 658 1 14
5779 635 2 66
3783 622 2 100
707 621 3 55
648 630 2 13
1694 672 3 30
9991 646 1 55
9991 646 2 15
9991 646 3 41
4820 648 3 6
7791 625 1 66
6519 697 2 47
2042 662 1 99
6467 668 2 51
9441 698 2 16
1869 665 2 54
6744 657 2 20
2435 687 2 28
1694 672 2 91
1496 686 3 3
1300 606 1 55
1861 643 1 81
8177 696 2 61
5066 663 1 71
3631 682 3 92
3403 602 3 3
3081 681 1 70
6743 624 1 51
2112 678 3 68
8050 614 2 40
5837 610 1 32
4820 648 2 92
6467 668 1 61
2112 678 2 38
2710 673 1 13
5779 635 1 19
396 633 1 84
5793 669 2 12
1496 686 2 97
3396 653 2 20
1092 693 1 23
2011 644 1 81
716 677 2 49
4042 628 2 85
716 677 3 77
4083 626 1 61
396 633 3 95
7311 666 2 3
7404 611 2 21
6467 668 3 19
4580 650 2 23
1885 699 1 26
510 658 2 86
2435 687 3 0
6744 657 3 24
2997 647 1 84
5956 661 1 18
1869 665 1 94
3783 622 3 27
303 691 1 16
5135 620 2 71
4342 641 2 61
6625 608 3 0
5857 619 1 34
5859 636 1 27
9186 649 2 6
2713 680 2 57
8301 671 1 67
8611 675 2 33
303 691 2 54
5466 684 1 61
4259 659 2 24
6541 679 1 56
1484 655 1 26
1516 692 2 85
914 664 2 87
690 605 1 65
9893 660 1 17
2011 644 3 68
4190 642 2 74
9960 627 2 30
1861 643 2 52
5564 629 3 64
5564 629 2 24
2785 789 3 96
3143 724 3 55
4009 782 2 54
4022 781 2 40
517 795 3 3
3884 735 3 40
3628 758 3 64
8403 749 2 100
9642 743 1 37
9293 762 2 12
9443 787 3 17
396 784 2 91
5138 733 3 5
9320 750 3 92
3801 723 3 34
4776 799 3 89
4702 720 3 42
7091 728 3 0
5872 745 1 27
3865 793 1 41
3143 724 1 26
2104 711 1 81
4983 794 2 46
8683 778 1 20
3143 724 2 76
4509 714 3 85
2185 702 2 6
2104 711 3 39
2785 789 1 1
5217 705 1 90
6137 777 2 31
7158 786 2 23
1754 708 1 63
4973 770 2 54
720 783 2 81
6702 731 2 89
3700 760 2 72
3822 721 1 62
8400 712 1 47
7091 728 1 42
6032 796 2 74
8612 716 2 45
3479 790 2 87
3479 790 1 40
5023 706 2 80
7853 756 1 63
4785 780 1 85
3865 793 2 73
6388 764 2 91
844 744 3 58
9642 743 2 45
4544 703 1 86
4150 761 3 39
3459 767 3 68
1570 709 2 11
6361 704 2 20
517 795 1 38
4776 799 2 91
575 773 2 32
2198 717 3 76
897 732 3 62
4927 765 3 50
5023 706 1 84
564 722 2 72
3459 767 2 75
6672 727 1 47
8612 716 3 12
4022 781 1 88
4973 770 3 51
844 744 1 51
3865 793 3 88
3628 758 1 22
1570 709 1 13
6147 785 2 3
3801 723 1 97
8400 712 2 89
1754 708 3 76
1190 792 1 33
1487 772 2 38
6026 751 3 17
6026 751 2 76
7091 728 2 47
2030 768 2 61
8612 716 1 87
2797 774 2 91
8835 710 3 27
2451 748 2 31
950 779 3 66
3701 797 2 70
4533 734 1 92
4983 794 3 96
897 732 1 82
1307 726 1 11
5754 771 2 19
4235 763 3 57
575 773 1 27
9445 775 1 27
6137 777 3 2
2185 702 1 61
6147 785 1 56
6823 729 1 58
9445 775 3 44
1190 792 3 30
4681 800 3 23
1570 709 3 7
4544 703 2 60
4785 780 3 90
6361 704 1 96
6032 796 3 97
6361 704 3 99
4785 780 2 16
3701 797 1 45
9320 750 1 40
2797 774 1 90
6851 766 1 48
3628 758 2 1
7853 756 3 17
136 788 3 80
3459 767 1 44
2185 702 3 50
5478 719 3 58
9433 757 1 0
4011 718 2 73
5887 752 2 41
1652 755 2 62
7809 737 2 73
1190 792 2 59
4022 781 3 2
8576 741 2 48
5478 719 1 11
2223 725 1 66
3700 760 1 91
5023 706 3 65
7449 753 3 89
8403 749 3 10
4776 799 1 55
2220 798 2 47
5486 738 3 47
4011 718 1 40
3657 736 1 41
7158 786 1 71
2797 774 3 56
8400 712 3 42
5217 705 2 90
7633 730 1 9
4681 800 2 10
6851 766 2 83
1652 755 1 43
6702 731 1 50
4702 720 2 34
8321 707 3 26
4544 703 3 15
7288 713 3 69
4369 776 1 75
3801 723 2 61
564 722 3 42
4903 747 2 48
950 779 2 76
4788 791 3 16
2451 748 3 41
5887 752 1 89
4927 765 1 9
7317 759 2 27
136 788 1 69
1307 726 3 59
6032 796 1 5
4533 734 3 80
5705 742 2 42
7440 746 3 48
5872 745 2 13
8147 769 2 6
3479 790 3 52
3657 736 2 85
4983 794 1 46
4369 776 2 77
4009 782 1 9
2198 717 2 61
9443 787 2 98
196 715 3 66
6851 766 3 10
3822 721 2 0
720 783 3 24
720 783 1 71
2223 725 3 91
7317 759 1 45
6388 764 3 24
196 715 2 94
4150 761 2 11
4009 782 3 62
897 732 2 35
4235 763 2 75
6137 777 1 46
396 784 1 92
4973 770 1 76
4554 739 2 21
9293 762 3 93
1754 708 2 100
4862 701 3 69
3884 735 1 5
4862 701 2 20
9433 757 3 17
1307 726 2 80
6823 729 3 45
9433 757 2 85
950 779 1 63
2451 748 1 26
4235 763 1 72
7633 730 3 58
656 754 3 76
2220 798 3 52
1652 755 3 38
4554 739 3 79
7531 740 3 58
1487 772 3 62
2030 768 1 21
2785 789 2 0
5887 752 3 13
5754 771 3 67
2220 798 1 3
6672 727 2 38
2030 768 3 50
4533 734 2 54
7288 713 1 83
7440 746 1 82
4903 747 1 29
4788 791 1 15
1487 772 1 49
2104 711 2 87
3701 797 3 88
5217 705 3 1
8683 778 3 93
4862 701 1 66
7288 713 2 48
9443 787 1 96
3657 736 3 69
5138 733 1 92
8403 749 1 92
8321 707 1 1
5486 738 2 49
844 744 2 31
8683 778 2 39
4509 714 2 13
7158 786 3 28
4150 761 1 44
8835 710 2 60
8147 769 3 33
7809 737 3 97
7633 730 2 80
3822 721 3 98
8147 769 1 91
196 715 1 29
7531 740 2 84
5754 771 1 53
3884 735 2 38
6026 751 1 60
7449 753 2 30
4788 791 2 21
4903 747 3 1
6672 727 3 90
5486 738 1 92
6823 729 2 49
4554 739 1 33
656 754 2 57
2198 717 1 11
2223 725 2 38
7440 746 2 86
9293 762 1 3
564 722 1 46
575 773 3 90
4011 718 3 68
5705 742 1 68
5705 742 3 57
6388 764 1 30
8321 707 2 18
3700 760 3 91
9445 775 2 2
136 788 2 98
517 795 2 30
5138 733 2 50
8576 741 3 55
7449 753 1 47
7317 759 3 40
7531 740 1 1
6147 785 3 39
5872 745 3 53
6702 731 3 70
7809 737 1 48
8835 710 1 10
5478 719 2 6
9320 750 2 31
4509 714 1 3
4927 765 2 53
9642 743 3 26
7853 756 2 62
656 754 1 21
4681 800 1 76
4369 776 3 9
8576 741 1 36
4702 720 1 94
396 784 3 24
5364 890 2 77
9528 815 1 32
8913 847 2 41
8578 869 1 45
8493 829 2 28
4637 865 2 50
9539 809 1 85
7110 892 1 38
672 824 2 48
6528 863 1 23
1834 852 3 35
7080 813 2 12
2390 825 2 72
3664 842 3 0
6671 878 3 97
804 858 3 96
8451 831 2 48
1538 854 2 10
5907 870 1 85
9539 809 3 20
8463 884 1 62
3369 820 1 59
3611 844 3 1
2419 807 3 10
3604 889 1 51
2390 825 3 96
5468 814 2 22
2004 810 3 11
8300 836 1 73
2858 837 3 88
8463 884 3 90
3369 820 3 70
6637 835 3 40
9206 864 1 19
3368 804 1 36
7502 841 1 23
7060 816 1 1
3611 844 1 11
6414 857 3 89
2306 867 1 62
6671 878 1 75
6637 835 1 68
1834 852 1 17
9379 833 1 1
1538 854 3 45
100 819 2 39
5468 814 3 68
6842 882 3 17
7110 892 3 88
7301 839 2 47
5583 827 2 56
2858 837 1 15
3664 842 2 49
3770 801 1 61
5210 881 2 32
2510 806 3 53
2422 830 3 42
4360 872 3 34
3800 873 3 97
1687 832 2 57
5625 802 3 87
8578 869 3 97
240 840 3 60
3353 861 3 40
667 883 2 86
7331 871 2 27
2602 851 3 10
9482 848 3 66
80 895 1 35
3262 823 3 71
9042 877 2 80
6457 828 3 10
3368 804 2 9
8652 898 3 28
2149 808 3 20
3604 889 3 81
6283 893 2 16
3262 823 1 4
6842 882 1 94
7248 845 1 55
6969 811 2 86
6524 803 3 37
3657 818 3 14
2643 860 3 61
8782 826 1 12
6457 828 1 46
1920 805 3 62
4197 894 3 89
6842 882 2 80
4737 900 3 58
4685 838 3 59
3976 899 3 76
2390 825 1 38
434 843 2 99
667 883 3 55
4158 891 3 86
8067 853 1 66
5625 802 1 41
2971 856 1 25
672 824 3 7
3368 804 3 10
7248 845 2 51
434 843 3 88
2306 867 2 47
100 819 1 9
3353 861 1 30
2971 856 3 50
4537 868 1 73
3976 899 1 16
8300 836 3 0
8543 850 3 93
8463 884 2 33
8782 826 3 53
7080 813 1 46
2946 859 3 57
7080 813 3 84
2858 837 2 13
1834 852 2 75
7732 849 3 3
6691 874 2 93
704 817 3 28
4285 887 1 94
1687 832 3 90
9206 864 3 98
8493 829 3 51
8067 853 2 37
6283 893 3 97
5364 890 3 45
6283 893 1 26
2643 860 2 80
2149 808 2 27
4285 887 2 91
4975 896 1 84
4737 900 2 92
4360 872 2 31
6414 857 1 9
4637 865 3 50
7732 849 2 81
5340 875 3 88
3611 844 2 26
3318 897 1 51
3604 889 2 26
5583 827 1 71
2602 851 1 12
2004 810 2 40
2422 830 2 19
6969 811 1 1
6524 803 2 17
6691 874 3 47
4158 891 2 35
3262 823 2 15
2399 866 2 81
2510 806 1 89
8911 862 2 70
1572 879 3 88
8913 847 1 51
9116 876 1 9
2971 856 2 63
3369 820 2 73
4637 865 1 8
4975 896 2 91
6671 878 2 5
5340 875 2 46
9539 809 2 57
7331 871 3 58
4685 838 1 47
5322 822 3 20
9551 855 2 94
100 819 3 46
667 883 1 41
5210 881 1 15
2946 859 2 87
8493 829 1 12
1572 879 2 100
8911 862 3 42
5311 834 1 73
5210 881 3 82
2585 886 1 77
4197 894 2 9
8543 850 1 38
5322 822 1 89
5340 875 1 5
7060 816 3 79
2602 851 2 82
2399 866 3 79
704 817 2 13
7502 841 3 74
4707 821 2 45
5751 888 2 87
5907 870 2 14
5907 870 3 60
8911 862 1 27
2946 859 1 48
9551 855 1 27
240 840 1 26
4187 885 1 62
7331 871 1 86
3657 818 2 3
8782 826 2 75
3800 873 2 66
2419 807 2 1
5596 812 1 59
6457 828 2 66
2306 846 3 25
2306 867 3 58
9528 815 2 46
5311 834 2 19
4537 868 3 17
4285 887 3 87
5596 812 2 2
2323 880 2 57
80 895 3 30
5625 802 2 32
2585 886 3 1
9206 864 2 39
704 817 1 47
8067 853 3 43
9116 876 2 69
4707 821 1 65
3770 801 3 76
5322 822 2 31
434 843 1 29
3318 897 3 11
9042 877 3 73
4537 868 2 17
2323 880 1 20
6414 857 2 93
3657 818 1 63
5751 888 1 43
7502 841 2 90
9551 855 3 27
3770 801 2 79
4187 885 3 74
7248 845 3 25
5583 827 3 97
4975 896 3 85
240 840 2 68
9116 876 3 95
5596 812 3 56
6691 874 1 32
4685 838 2 11
3800 873 1 37
6528 863 3 5
9042 877 1 1
4197 894 1 66
9482 848 2 95
2399 866 1 65
2004 810 1 35
3353 861 2 86
8652 898 2 88
8451 831 1 40
6969 811 3 17
2643 860 1 73
7732 849 1 43
6528 863 2 73
804 858 1 19
1572 879 1 86
3976 899 2 34
5364 890 1 74
4737 900 1 1
6524 803 1 23
8578 869 2 77
2306 846 1 40
8543 850 2 82
672 824 1 89
80 895 2 53
9528 815 3 86
8451 831 3 54
1920 805 2 76
2585 886 2 80
2510 806 2 37
3664 842 1 28
804 858 2 33
9379 833 2 2
9379 833 3 38
1687 832 1 95
4360 872 1 7
6637 835 2 66
2306 846 2 31
5468 814 1 82
4158 891 1 49
5311 834 3 55
7301 839 3 6
8913 847 3 16
1920 805 1 94
1538 854 1 35
4187 885 2 11
4707 821 3 0
7110 892 2 9
8652 898 1 28
7301 839 1 53
7060 816 2 54
2149 808 1 96
5751 888 3 95
2419 807 1 42
2323 880 3 47
2422 830 1 42
9482 848 1 83
8300 836 2 63
3318 897 2 4
6743 992 2 96
4939 997 3 12
6177 949 1 20
735 954 3 77
7722 979 2 67
2771 905 1 9
9063 937 2 81
3863 929 2 9
735 954 2 95
3682 935 2 43
7191 960 1 57
3931 973 3 26
185 902 1 93
9469 978 1 94
9173 911 3 92
5558 986 1 38
6135 945 2 7
7580 993 3 25
1220 913 1 77
9551 923 2 18
7580 993 2 8
6375 975 1 50
8069 921 1 22
8358 990 3 78
3826 952 2 41
8058 998 3 100
8017 977 1 46
1028 925 2 25
7191 960 2 68
9923 920 2 58
9718 1000 1 0
9469 978 2 42
3560 955 3 8
9718 1000 2 68
6355 915 2 40
5908 909 2 36
8017 977 2 75
6135 945 1 24
3804 972 1 24
9634 906 1 100
1996 908 1 62
2009 958 3 27
1374 951 2 54
6982 953 3 37
185 902 2 18
8223 901 2 93
8492 984 3 1
8693 904 3 65
4676 924 1 68
4568 912 3 10
2929 959 1 45
8633 903 1 67
1457 971 1 79
3826 952 3 29
8923 966 2 14
7580 993 1 31
91 985 3 11
3560 955 1 5
1226 917 2 24
5489 927 2 31
4939 997 1 62
1226 917 1 4
8105 956 1 81
907 970 1 66
1457 971 3 89
8069 921 3 65
7017 946 3 43
5401 941 2 42
4542 934 3 36
2009 958 2 87
5401 941 1 25
91 985 2 84
5599 995 1 0
185 902 3 85
1971 957 2 24
5923 938 1 25
8358 990 2 90
9259 948 2 65
3560 916 3 1
9259 948 1 25
8058 998 2 86
3931 973 1 31
8113 940 1 5
4 987 1 42
869 983 1 20
2771 905 2 100
1971 957 3 9
6226 999 2 58
8788 989 1 93
8095 965 3 67
6177 949 3 51
8820 932 1 22
6715 976 3 88
8693 904 1 89
1996 908 3 1
9923 920 1 16
7203 982 2 86
6715 976 2 8
8633 903 2 18
3804 972 3 48
5922 944 3 43
9686 907 1 94
6177 949 2 47
9384 943 1 87
5489 927 1 50
5869 994 3 17
9384 943 3 94
3682 935 1 37
8079 930 1 69
1130 963 1 12
8492 984 2 24
6355 915 3 88
7683 926 2 73
8223 901 1 65
6591 974 2 87
608 962 3 49
91 985 1 46
5397 918 2 96
3241 967 1 55
8358 990 1 79
3976 910 1 27
1028 925 3 42
6982 953 1 12
2712 933 2 44
5401 941 3 39
4 987 2 90
9572 988 1 83
9056 991 1 16
1374 951 1 33
5609 936 3 3
8693 904 2 90
6375 975 3 40
3931 973 2 4
8095 965 2 58
6135 945 3 15
8105 956 2 87
2767 961 3 58
6355 915 1 0
1362 969 3 96
5558 986 3 98
1457 971 2 77
5599 995 2 24
3863 929 1 27
3382 919 1 15
6591 974 3 30
6591 974 1 33
6677 968 1 32
1001 942 3 47
1301 964 2 57
3560 916 1 73
8079 930 2 77
4574 939 1 71
5922 944 1 18
1226 917 3 44
4568 912 1 21
5558 986 2 3
9551 923 1 22
5599 995 3 23
8820 932 3 21
1075 996 3 12
5908 909 1 45
3241 967 2 32
9259 948 3 4
7017 946 2 14
7124 980 1 3
5923 938 3 77
9063 937 3 21
3804 972 2 22
7717 914 2 78
6033 931 3 88
3976 910 3 49
1001 942 2 56
1996 908 2 69
8113 940 2 100
352 947 3 17
8467 928 3 91
1374 951 3 97
1362 969 2 25
5674 981 3 39
6226 999 1 76
1971 957 1 12
1220 913 2 43
8788 989 2 82
9551 923 3 15
8467 928 2 46
8633 903 3 30
5674 981 2 29
9923 920 3 95
8467 928 1 58
1075 996 1 24
8095 965 1 60
8105 956 3 68
7203 982 3 19
8069 921 2 76
9686 907 3 82
6982 953 2 54
9056 991 3 13
3241 967 3 29
2712 933 1 56
4502 950 1 19
8788 989 3 60
2929 959 2 24
807 922 2 35
7124 980 2 26
4542 934 1 33
3976 910 2 60
8223 901 3 27
8820 932 2 79
1075 996 2 44
9173 911 1 52
2771 905 3 83
4568 912 2 38
6226 999 3 60
4676 924 3 69
4574 939 2 2
9063 937 1 31
3682 935 3 7
807 922 1 29
5674 981 1 4
5489 927 3 5
4939 997 2 37
6743 992 1 17
9686 907 2 9
5397 918 3 3
807 922 3 31
5397 918 1 28
7203 982 1 15
6677 968 3 36
869 983 3 37
5869 994 1 19
8079 930 3 79
6677 968 2 14
1130 963 3 81
6715 976 1 99
735 954 1 82
9572 988 3 67
3560 955 2 3
7683 926 3 72
8923 966 1 7
9718 1000 3 1
3382 919 2 59
2767 961 2 82
608 962 1 26
3560 916 2 87
4574 939 3 43
9572 988 2 8
8113 940 3 17
7124 980 3 70
7717 914 3 94
9634 906 3 99
5609 936 1 13
8923 966 3 52
4676 924 2 61
7017 946 1 63
1001 942 1 53
6033 931 2 66
5922 944 2 37
7683 926 1 92
8492 984 1 69
4 987 3 12
4542 934 2 61
2767 961 1 45
1362 969 1 65
352 947 1 70
9173 911 2 62
1301 964 1 33
1130 963 2 3
5869 994 2 42
5609 936 2 96
5923 938 2 7
1028 925 1 2
907 970 3 68
7722 979 3 4
6743 992 3 43
869 983 2 40
6375 975 2 84
2712 933 3 59
8017 977 3 56
2929 959 3 47
9469 978 3 63
608 962 2 57
9056 991 2 97
1220 913 3 6
2009 958 1 54
9634 906 2 83
9384 943 2 33
4502 950 3 13
6033 931 1 60
4502 950 2 70
1301 964 3 10
7722 979 1 57
3382 919 3 61
907 970 2 38
7717 914 1 49
5908 909 3 80
7191 960 3 4
3863 929 3 62
8058 998 1 73
3826 952 1 69
352 947 2 87
5196 1049 1 85
2662 1094 2 42
9086 1068 2 31
7944 1070 3 80
6516 1034 3 12
3062 1048 2 69
1241 1019 3 33
5881 1095 2 95
6882 1040 2 86
335 1083 1 45
2392 1069 2 92
5705 1029 1 66
7767 1053 2 95
6949 1052 1 58
8214 1043 2 19
2547 1017 2 93
273 1088 2 93
3213 1064 3 4
2392 1069 3 88
5203 1018 3 1
4880 1084 3 44
4156 1037 1 1
7492 1077 2 79
4999 1005 2 18
1804 1066 1 8
8055 1015 1 5
2631 1041 3 46
5080 1016 3 93
4558 1086 3 4
2763 1063 2 92
5342 1012 2 32
4688 1001 2 77
6349 1033 1 50
4142 1007 2 65
8778 1050 3 83
5232 1014 2 3
8829 1067 1 39
3062 1048 3 53
6224 1080 2 87
2457 1079 2 71
6341 1074 2 5
4880 1084 2 8
7058 1011 1 91
6349 1033 2 64
2869 1020 2 17
2062 1071 1 93
4718 1024 2 73
1616 1013 3 34
7806 1027 1 61
9696 1100 2 56
2800 1065 1 92
1287 1025 1 30
9882 1061 3 91
2662 1094 1 2
6410 1096 2 98
2005 1008 2 58
6224 1080 3 23
6477 1039 1 22
8214 1043 1 40
2869 1020 3 59
3673 1087 3 63
1150 1026 1 1
5999 1099 1 38
3330 1010 3 44
1885 1085 2 23
2207 1090 3 95
5391 1035 2 65
9696 1100 1 2
5996 1075 2 43
3330 1010 1 94
9086 1068 1 82
7058 1011 3 52
9939 1023 2 9
7767 1053 3 78
2005 1008 1 93
1885 1085 3 5
5421 1058 2 47
5196 1049 3 81
6949 1052 3 39
4894 1032 2 18
5080 1016 1 74
5391 1035 1 93
6341 1074 3 55
6662 1038 3 53
5881 1095 3 33
5080 1016 2 26
8214 1043 3 1
5530 1054 1 50
6679 1004 3 18
2763 1063 3 84
209 1051 3 75
2062 1071 3 8
4156 1037 3 78
6812 1089 2 25
3062 1048 1 28
7806 1027 3 5
4872 1060 3 22
5421 1058 1 15
273 1088 3 16
4283 1059 3 40
6812 1089 1 97
8408 1062 2 37
335 1083 3 7
9211 1045 2 25
4150 1098 2 90
2601 1057 3 87
2601 1057 1 37
7806 1027 2 90
4718 1024 3 3
4283 1059 2 37
4142 1007 1 26
2547 1017 3 46
5203 1018 1 41
5421 1058 3 36
6477 1039 2 98
1241 1019 1 4
9939 1023 3 32
6882 1040 1 30
6679 1004 1 67
1287 1025 2 64
4872 1060 1 98
3508 1073 2 92
747 1046 3 9
3698 1091 2 26
7165 1072 1 46
1886 1097 3 65
422 1021 1 94
2996 1036 3 63
483 1022 2 38
1287 1025 3 35
8375 1082 2 26
3948 1056 2 79
9349 1078 3 29
8778 1050 1 86
6516 1034 1 22
4816 1006 2 79
4999 1005 1 91
2631 1041 2 44
7165 1072 3 7
8829 1067 2 11
9746 1076 1 67
5530 1054 3 58
3223 1002 2 40
2207 1090 2 61
5705 1029 2 48
3698 1091 1 51
6882 1040 3 48
9882 1061 2 12
9939 1023 1 50
3508 1073 3 14
7769 1042 2 88
6410 1096 3 16
8408 1062 3 72
209 1051 2 24
483 1022 3 78
1926 1031 3 37
1886 1097 1 50
422 1021 3 90
7199 1055 1 78
5391 1035 3 28
5203 1018 2 36
1150 1026 2 19
6679 1004 2 95
1241 1019 2 69
1150 1026 3 25
4446 1047 3 1
3698 1091 3 53
9168 1009 1 97
9882 1061 1 58
8375 1082 3 75
9746 1076 3 95
3330 1010 2 49
4718 1024 1 54
2631 1041 1 21
6949 1052 2 100
9168 1009 3 92
1616 1013 2 88
2062 1071 2 90
4688 1001 1 22
5999 1099 2 47
5342 1012 1 94
3948 1056 1 64
2547 1017 1 95
7944 1070 2 46
7058 1011 2 57
4894 1032 1 36
3673 1087 1 43
4872 1060 2 16
9696 1100 3 76
2996 1036 2 2
7165 1072 2 82
6834 1028 1 73
6662 1038 1 2
4142 1007 3 2
2800 1065 3 10
2662 1094 3 93
7769 1042 1 11
2425 1092 3 15
9211 1045 1 81
273 1088 1 64
335 1083 2 72
7767 1053 1 61
1616 1013 1 73
6516 1034 2 14
8955 1030 2 74
7676 1093 2 72
7676 1093 3 89
6834 1028 3 13
4894 1032 3 7
4558 1086 2 50
6349 1033 3 74
1804 1066 3 68
3213 1064 2 25
7199 1055 2 94
5196 1049 2 27
2425 1092 2 99
747 1046 2 11
2996 1036 1 74
4558 1086 1 90
1804 1066 2 29
5530 1054 2 42
6477 1039 3 54
9349 1078 1 89
4816 1006 1 42
2392 1069 1 64
6341 1074 1 94
4150 1098 3 89
6662 1038 2 21
483 1022 1 11
5996 1075 1 29
2425 1092 1 5
8408 1062 1 59
2478 1003 3 79
4150 1098 1 48
8955 1030 1 19
6812 1089 3 76
4446 1047 2 67
3673 1087 2 26
9537 1044 3 93
4446 1047 1 7
1926 1031 2 94
7492 1077 1 59
3948 1056 3 1
7769 1042 3 19
3213 1064 1 57
9086 1068 3 24
8829 1067 3 79
422 1021 2 43
7199 1055 3 31
4999 1005 3 79
2763 1063 1 13
747 1046 1 36
8375 1082 1 49
5232 1014 1 10
2457 1079 3 18
4156 1037 2 32
1926 1031 1 15
2005 1008 3 26
9537 1044 1 1
5705 1029 3 4
2800 1065 2 39
2601 1057 2 75
4816 1006 3 31
8055 1015 2 65
4688 1001 3 90
9349 1078 2 64
5232 1014 3 61
3223 1002 3 76
8955 1030 3 49
5342 1012 3 38
1886 1097 2 29
5881 1095 1 8
5999 1099 3 57
9746 1076 2 99
6224 1080 1 37
2207 1090 1 17
8055 1015 3 82
3508 1073 1 68
7676 1093 1 64
4283 1059 1 11
6834 1028 2 6
7492 1077 3 86
8778 1050 2 49
4878 1081 1 21
9537 1044 2 1
4878 1081 2 94
6410 1096 1 7
7944 1070 1 28
2869 1020 1 16
9168 1009 2 60
1885 1085 1 76
5996 1075 3 99
3223 1002 1 100
4878 1081 3 78
9211 1045 3 8
2457 1079 1 6
2478 1003 1 65
4880 1084 1 28
2478 1003 2 14
209 1051 1 3
9238 1171 2 6
3151 1170 2 58
9584 1151 3 100
2120 1173 2 41
3756 1125 1 37
9255 1198 1 6
7718 1112 2 2
4727 1146 1 22
3151 1170 1 63
6071 1129 1 71
7890 1101 1 35
7253 1157 3 51
7718 1112 1 55
5820 1196 1 89
6213 1131 3 17
8453 1190 1 47
3194 1113 2 20
2423 1109 1 22
3137 1193 1 100
7253 1157 2 99
9572 1156 2 20
7680 1184 2 40
757 1175 2 15
9255 1198 3 63
8167 1136 3 58
9790 1120 3 39
455 1167 3 1
4738 1140 3 96
5474 1145 1 68
2120 1173 3 25
5714 1180 1 1
5714 1180 3 79
2248 1162 1 71
5249 1134 2 90
3978 1139 1 85
1199 1172 3 44
3086 1160 2 45
5249 1134 1 45
4727 1146 2 50
4727 1146 3 64
7046 1121 1 33
7108 1154 2 74
5927 1186 3 36
9238 1171 1 79
3194 1113 3 35
9790 1120 2 74
9827 1150 2 6
455 1167 2 44
4827 1187 1 23
5927 1186 1 5
2180 1200 3 44
8525 1137 3 32
3330 1128 3 53
5474 1145 2 75
8259 1102 1 78
8453 1190 3 45
5516 1199 3 53
2776 1192 2 0
1895 1188 1 81
5243 1115 1 38
7071 1126 2 70
2455 1197 1 27
9061 1108 1 75
7154 1153 3 80
834 1195 1 65
892 1103 3 32
4954 1138 1 26
6063 1117 2 64
9255 1198 2 36
1315 1174 3 39
757 1175 3 28
4827 1187 2 32
5162 1164 1 83
9584 1151 1 18
1642 1163 2 100
8312 1124 1 77
8167 1136 1 91
4486 1191 1 66
6250 1116 3 38
7154 1153 1 51
9255 1177 1 82
6020 1104 1 33
5927 1186 2 32
1329 1106 2 0
7108 1154 3 32
2798 1118 2 84
9827 1150 1 23
9837 1123 1 34
5260 1111 3 67
8525 1137 1 23
2594 1142 3 83
3147 1147 2 68
2455 1197 3 66
9572 1156 3 65
6020 1104 3 3
2423 1109 3 41
2455 1197 2 46
6742 1110 2 6
7429 1152 2 79
6207 1181 3 95
7718 1112 3 43
2075 1130 3 67
6250 1116 2 97
2248 1162 2 62
4827 1187 3 12
9061 1108 3 82
1881 1135 3 86
7888 1105 2 56
757 1175 1 73
7071 1126 3 55
8453 1190 2 63
4738 1140 1 2
8312 1124 2 32
6921 1133 1 7
9439 1169 2 89
5087 1158 3 97
5474 1145 3 95
2592 1189 3 35
1137 1141 3 9
9837 1123 3 10
8611 1185 2 82
4738 1140 2 67
6063 1117 1 82
3704 1179 2 79
7888 1105 1 18
6250 1116 1 46
3330 1128 2 12
1881 1135 1 18
9006 1183 2 30
9439 1169 1 84
1050 1159 3 91
1329 1106 1 27
6742 1110 3 78
7429 1152 3 24
9040 1166 3 5
7566 1168 1 86
1050 1159 2 7
6071 1129 2 7
8167 1136 2 19
3704 1179 3 7
9439 1169 3 5
9580 1144 1 50
4954 1138 3 88
9790 1120 1 54
9040 1166 2 50
3978 1139 3 5
2715 1132 1 99
3086 1160 1 61
6626 1114 1 85
6626 1114 2 73
1895 1188 2 82
9238 1171 3 42
7183 1122 3 33
1199 1172 1 68
9006 1183 3 40
7253 1157 1 32
9040 1166 1 64
1829 1194 2 51
5162 1164 2 36
2592 1189 1 91
3978 1139 2 53
3151 1170 3 37
5260 1111 1 77
2423 1109 2 82
9959 1149 3 17
892 1103 1 88
3330 1128 1 12
7429 1152 1 0
1642 1163 1 74
7680 1184 3 70
2776 1192 3 60
6213 1131 2 58
3137 1193 2 82
9580 1144 2 16
2674 1176 1 29
3626 1148 2 41
4486 1191 2 23
2674 1176 2 76
9827 1150 3 80
1236 1182 2 50
2776 1192 1 45
9061 1108 2 3
2180 1200 2 68
1050 1159 1 33
1642 1163 3 26
3147 1147 3 60
2120 1173 1 100
8611 1185 1 8
1329 1106 3 48
1829 1194 3 25
8312 1124 3 41
2715 1132 3 97
7890 1101 3 25
892 1103 2 98
5714 1180 2 85
2674 1176 3 98
3626 1148 1 41
1315 1174 2 73
3756 1125 3 85
6921 1133 3 26
3327 1119 1 54
9572 1156 1 62
8111 1165 1 87
3704 1179 1 61
5820 1196 3 93
8525 1137 2 99
3137 1193 3 94
7957 1155 3 96
7108 1154 1 14
5656 1127 3 98
7046 1121 2 67
1895 1188 3 0
8111 1165 2 7
4869 1143 1 34
834 1195 3 60
7183 1122 2 88
8042 1178 1 88
8042 1178 3 90
7566 1168 3 26
834 1195 2 93
9584 1151 2 83
7566 1168 2 28
7071 1126 1 0
5249 1134 3 89
5243 1115 3 83
4486 1191 3 45
6071 1129 3 90
5243 1115 2 61
3593 1161 1 25
2594 1142 2 13
9837 1123 2 34
2075 1130 1 67
5516 1199 2 47
9959 1149 2 83
5656 1127 1 74
7957 1155 1 48
5656 1127 2 70
9255 1177 2 10
1236 1182 3 28
4869 1143 3 18
8611 1185 3 6
1315 1174 1 23
8259 1102 2 99
4869 1143 2 61
7074 1107 1 72
7074 1107 3 64
1199 1172 2 24
3086 1160 3 100
3756 1125 2 8
3194 1113 1 33
8259 1102 3 2
7890 1101 2 38
6207 1181 2 53
2798 1118 1 22
3626 1148 3 46
2075 1130 2 35
4954 1138 2 22
9959 1149 1 38
455 1167 1 70
6742 1110 1 24
6626 1114 3 93
1829 1194 1 26
5260 1111 2 73
6020 1104 2 26
1137 1141 1 85
7046 1121 3 81
5820 1196 2 26
9255 1177 3 45
8042 1178 2 66
7957 1155 2 33
2248 1162 3 29
2592 1189 2 43
2715 1132 2 26
3327 1119 2 56
5516 1199 1 96
1236 1182 1 50
5087 1158 1 93
1137 1141 2 16
6207 1181 1 47
2594 1142 1 98
7074 1107 2 58
3327 1119 3 46
6921 1133 2 0
9580 1144 3 40
3147 1147 1 23
6213 1131 1 69
5162 1164 3 79
3593 1161 3 68
2180 1200 1 1
3593 1161 2 12
7154 1153 2 20
5087 1158 2 16
7183 1122 1 35
7680 1184 1 6
2798 1118 3 45
7888 1105 3 46
6063 1117 3 22
9006 1183 1 30
1881 1135 2 13
8111 1165 3 100
8049 1249 1 88
1497 1289 1 6
9074 1240 1 34
219 1282 3 86
4486 1230 2 13
4643 1209 1 66
2031 1248 2 40
453 1279 2 98
5965 1297 1 6
5103 1292 3 64
247 1224 2 32
3473 1213 2 1
3163 1205 3 86
1026 1265 1 95
7591 1285 3 15
7980 1256 2 47
5464 1278 1 81
212 1203 1 45
9960 1243 3 92
1808 1247 2 88
380 1246 3 44
9453 1294 3 77
9376 1276 2 71
3185 1260 1 85
1918 1202 2 72
1558 1298 2 9
9453 1294 1 82
3473 1213 3 51
2125 1257 1 82
8168 1226 3 5
8594 1225 2 15
8972 1273 1 86
3654 1270 1 42
7890 1236 2 47
4486 1230 3 1
5002 1284 1 29
6004 1238 3 84
9161 1299 2 52
3535 1291 2 59
8738 1233 3 55
212 1203 3 58
3086 1288 3 40
4148 1286 2 83
247 1224 1 42
5008 1201 2 28
8964 1283 1 100
6482 1255 2 45
2094 1266 2 61
568 1269 2 72
1152 1207 3 99
6004 1238 2 93
2513 1275 2 62
7591 1285 2 33
4220 1262 2 77
5735 1222 1 94
5464 1278 3 95
9376 1276 3 26
3512 1277 1 31
923 1258 2 65
3308 1239 3 29
2214 1253 3 60
2031 1248 3 9
7043 1252 3 22
5735 1222 3 92
212 1217 2 37
7227 1254 3 52
2094 1266 3 69
9728 1245 2 49
6482 1255 3 88
8168 1226 2 47
3541 1228 1 55
8285 1268 2 53
4148 1286 3 90
4355 1259 3 4
7357 1241 2 43
5058 1227 1 64
7276 1223 1 57
8693 1237 2 5
561 1214 1 6
1114 1232 2 86
5008 1201 3 24
923 1258 3 77
4148 1286 1 25
5058 1227 3 2
7043 1252 1 5
8168 1226 1 36
3185 1260 3 67
212 1203 2 27
797 1204 1 13
2562 1250 1 68
4073 1267 1 46
3163 1205 1 74
7455 1263 1 47
7552 1274 3 75
5619 1221 3 17
1808 1247 3 5
5002 1284 2 8
4811 1242 1 58
9161 1299 3 38
212 1217 3 72
1684 1215 1 26
5477 1212 2 64
1774 1251 2 25
797 1204 2 2
7043 1252 2 83
6659 1234 3 78
5965 1297 3 81
3541 1228 2 66
113 1210 2 90
3541 1290 1 62
380 1246 2 90
1152 1207 1 73
3396 1295 2 5
7552 1274 2 87
1045 1206 1 99
9453 1294 2 73
1094 1293 2 77
1684 1215 2 78
3086 1288 1 36
3512 1277 3 66
4220 1262 1 66
4412 1208 2 65
9074 1240 2 3
8964 1283 3 21
6242 1220 2 19
9376 1276 1 32
2125 1257 2 4
4507 1231 3 78
7980 1256 3 53
4220 1262 3 87
7213 1216 2 91
1026 1265 3 95
9960 1243 2 33
8436 1235 1 51
1045 1206 3 39
3535 1291 3 71
3059 1281 3 4
3308 1239 1 37
2562 1250 2 72
7924 1219 2 22
5002 1284 3 40
8972 1273 2 57
606 1211 2 89
7276 1223 3 90
3654 1270 3 33
1558 1298 1 10
2148 1218 3 90
3512 1277 2 43
5293 1244 2 61
7276 1223 2 42
4209 1272 1 54
9960 1243 1 86
1114 1232 1 24
7924 1219 3 4
4643 1209 2 97
6242 1220 1 100
6242 1220 3 36
212 1217 1 34
2513 1275 3 40
3308 1239 2 87
4073 1267 2 13
2031 1248 1 64
9161 1299 1 85
1558 1298 3 18
1774 1251 3 40
9728 1245 1 66
8179 1287 1 39
7591 1285 1 86
8285 1268 3 46
5477 1212 1 86
568 1269 3 10
5082 1229 2 2
873 1296 3 24
4112 1264 3 10
5103 1292 2 40
8049 1249 2 58
3473 1213 1 47
9728 1245 3 10
5965 1297 2 33
3541 1228 3 3
7455 1263 2 26
1918 1202 3 62
606 1211 1 31
5293 1244 1 10
1045 1206 2 75
219 1282 2 31
219 1282 1 9
453 1279 1 75
4073 1267 3 94
4507 1231 2 60
2214 1253 2 78
867 1261 2 81
5082 1229 1 20
4507 1231 1 4
7227 1254 2 9
1808 1247 1 35
4112 1264 2 74
7924 1219 1 13
8693 1237 1 4
113 1210 3 31
8179 1287 3 1
867 1261 1 56
873 1296 2 14
1918 1202 1 0
7538 1280 1 51
7213 1216 3 8
7538 1280 2 58
3654 1270 2 63
4355 1259 1 29
8436 1235 2 24
5619 1221 1 45
453 1279 3 90
4209 1272 2 41
7980 1256 1 89
5058 1227 2 33
9586 1300 3 32
3163 1205 2 22
6482 1255 1 74
1094 1293 1 74
2562 1250 3 47
1114 1232 3 41
4412 1208 1 30
8964 1283 2 1
2148 1218 2 4
8049 1249 3 39
4811 1242 3 14
2685 1271 3 56
4412 1208 3 3
6004 1238 1 50
8693 1237 3 49
1774 1251 1 88
561 1214 3 8
247 1224 3 53
5735 1222 2 81
3086 1288 2 9
1684 1215 3 96
7357 1241 1 97
8594 1225 3 11
2094 1266 1 93
8179 1287 2 16
8738 1233 1 37
5464 1278 2 26
1152 1207 2 29
5103 1292 1 100
9586 1300 1 54
7357 1241 3 13
7552 1274 1 84
9074 1240 3 57
3535 1291 1 65
8436 1235 3 34
1026 1265 2 72
5082 1229 3 84
2685 1271 1 52
8972 1273 3 12
1497 1289 2 15
606 1211 3 94
1497 1289 3 82
4811 1242 2 29
923 1258 1 58
5293 1244 3 10
7455 1263 3 80
873 1296 1 100
568 1269 1 73
4486 1230 1 48
3396 1295 1 30
4112 1264 1 0
2513 1275 1 72
6659 1234 2 98
7213 1216 1 7
7538 1280 3 27
7227 1254 1 12
4209 1272 3 99
2125 1257 3 89
3541 1290 2 40
7890 1236 3 82
5008 1201 1 28
867 1261 3 43
3059 1281 2 71
8285 1268 1 99
3396 1295 3 21
4643 1209 3 21
3185 1260 2 3
6659 1234 1 50
3059 1281 1 61
4355 1259 2 64
380 1246 1 85
9586 1300 2 50
797 1204 3 79
2148 1218 1 67
5477 1212 3 58
7890 1236 1 54
2214 1253 1 3
113 1210 1 57
3541 1290 3 1
1094 1293 3 27
8594 1225 1 40
8738 1233 2 81
5619 1221 2 94
2685 1271 2 46
561 1214 2 81
8497 1370 1 1
8994 1379 2 15
1685 1382 1 78
6243 1358 1 52
2773 1349 2 96
5983 1389 2 62
8403 1352 3 47
3983 1367 3 13
6107 1369 2 61
3444 1348 3 68
8332 1330 1 86
6762 1350 3 3
8736 1357 1 81
331 1372 3 40
3344 1344 3 77
5994 1313 1 64
8062 1361 2 98
6928 1321 1 8
9749 1301 1 76
3236 1326 2 19
6571 1341 3 63
2151 1356 2 21
3034 1323 2 26
443 1374 1 25
5983 1389 3 13
4632 1325 1 7
3451 1342 1 91
5713 1314 2 57
1525 1392 3 31
8887 1310 1 69
7477 1390 1 41
3427 1394 3 12
5454 1368 1 79
9897 1351 3 73
443 1374 2 84
1135 1317 2 14
5589 1355 1 46
677 1365 1 94
8887 1310 2 3
9665 1376 1 94
3451 1342 3 55
9612 1378 2 74
5282 1334 3 25
4202 1373 2 28
62 1324 1 8
1179 1319 1 49
9720 1322 3 79
6161 1359 1 99
3983 1367 1 67
9897 1351 1 89
3374 1377 3 62
8062 1361 1 50
302 1346 2 83
8543 1332 3 15
9784 1327 3 40
820 1375 3 18
1135 1317 3 16
5994 1313 2 44
6161 1359 3 45
5639 1380 1 83
3344 1344 1 29
5983 1389 1 99
9326 1399 1 79
5994 1313 3 76
5724 1400 3 6
9948 1328 2 15
1525 1392 2 29
8061 1353 1 52
2383 1388 3 0
7127 1386 1 7
6412 1343 3 92
8332 1330 2 100
5710 1360 1 64
7094 1305 1 52
6329 1335 3 29
8866 1362 1 80
3444 1348 1 21
6329 1335 2 60
2511 1337 1 78
375 1302 3 49
2814 1315 3 87
375 1302 2 55
8835 1384 2 64
5639 1380 3 69
9848 1329 2 63
9720 1322 1 14
3427 1394 2 67
5454 1368 2 73
7145 1345 2 73
7127 1386 2 56
3034 1323 1 3
6107 1369 1 3
5565 1385 3 16
5639 1380 2 83
2207 1304 3 46
8403 1352 2 93
8061 1353 2 11
8563 1354 2 10
1670 1307 1 2
868 1398 2 3
8796 1383 1 1
5565 1385 2 21
6762 1350 2 41
9480 1371 2 29
8061 1353 3 6
7451 1320 3 71
61 1312 2 30
8866 1362 3 5
1334 1331 2 24
6329 1335 1 51
8817 1391 2 93
1330 1318 3 90
2814 1315 2 45
7657 1308 3 39
9720 1322 2 6
9326 1399 3 9
6948 1311 3 18
5681 1316 1 72
9235 1339 3 75
5501 1306 3 43
2773 1349 1 39
5710 1360 3 25
7145 1345 3 47
3983 1367 2 88
8563 1354 1 51
302 1346 3 32
2207 1304 1 8
6412 1343 2 1
2207 1304 2 75
9612 1378 1 8
9925 1333 2 70
8817 1391 3 32
1685 1382 2 23
8497 1370 2 91
3878 1340 3 32
7657 1308 1 80
1383 1309 1 44
8563 1354 3 80
6704 1396 2 59
3444 1348 2 20
9948 1328 1 86
1330 1318 2 53
9925 1333 1 20
8403 1352 1 74
6571 1341 1 48
8866 1362 2 54
3344 1344 2 67
61 1312 1 0
2511 1337 2 16
6087 1363 1 76
677 1365 2 37
9925 1333 3 40
9848 1329 3 47
8736 1357 2 30
6087 1363 3 84
1525 1392 1 78
9784 1327 1 69
7067 1397 1 54
8796 1383 2 76
5220 1347 1 60
5059 1366 2 8
5454 1368 3 3
9665 1376 2 19
5589 1355 3 1
6412 1343 1 3
8543 1332 2 10
5220 1347 3 25
6762 1350 1 24
868 1398 1 44
8732 1393 2 61
3236 1326 1 36
3038 1381 2 99
2773 1349 3 31
9749 1301 3 15
443 1374 3 44
3374 1377 2 51
8232 1395 3 8
8732 1393 1 96
5501 1306 2 52
6928 1321 2 72
7094 1305 3 67
9978 1336 1 19
9784 1327 2 85
5059 1366 1 34
6031 1364 2 70
5713 1314 3 2
331 1372 2 12
6161 1359 2 31
5595 1338 3 91
8062 1361 3 90
8835 1384 1 48
6928 1321 3 22
5595 1338 1 76
7094 1305 2 79
2814 1315 1 29
5713 1314 1 68
8994 1379 1 31
6031 1364 1 63
7145 1345 1 57
62 1324 2 22
5595 1338 2 50
820 1375 1 0
8736 1357 3 23
6107 1369 3 94
5710 1360 2 28
9665 1376 3 69
8835 1384 3 77
5282 1334 2 96
2151 1356 3 22
1330 1318 1 17
302 1346 1 76
7657 1308 2 1
2511 1337 3 88
2383 1388 2 98
9235 1339 2 70
2383 1388 1 41
6087 1363 2 47
331 1372 1 96
3451 1342 2 68
5501 1306 1 59
8796 1383 3 38
9897 1351 2 4
3034 1323 3 55
7477 1390 2 58
4202 1373 3 6
868 1398 3 51
5681 1316 3 15
9480 1371 1 47
1383 1309 3 81
9612 1378 3 66
677 1365 3 23
5282 1334 1 45
3427 1394 1 7
820 1375 2 23
3038 1381 3 83
8994 1379 3 10
6571 1341 2 57
728 1387 2 36
728 1387 1 78
9978 1336 3 61
5565 1385 1 35
5220 1347 2 3
5681 1316 2 90
728 1387 3 0
9908 1303 2 94
8332 1330 3 49
1670 1307 3 64
5724 1400 2 64
9908 1303 1 16
2151 1356 1 11
7477 1390 3 96
1670 1307 2 48
6948 1311 2 8
3374 1377 1 17
8497 1370 3 79
4202 1373 1 12
9978 1336 2 58
4632 1325 3 93
3236 1326 3 28
7067 1397 3 68
9480 1371 3 95
6243 1358 2 77
3038 1381 1 53
8887 1310 3 42
8232 1395 1 69
9908 1303 3 76
375 1302 1 90
1135 1317 1 16
9235 1339 1 44
6704 1396 3 95
5059 1366 3 19
6243 1358 3 36
1179 1319 3 55
6948 1311 1 56
8543 1332 1 49
3878 1340 1 2
5589 1355 2 84
5724 1400 1 0
7067 1397 2 19
7451 1320 1 92
1383 1309 2 48
9326 1399 2 79
8817 1391 1 55
6031 1364 3 24
1685 1382 3 80
1334 1331 3 46
4632 1325 2 85
9749 1301 2 89
8732 1393 3 95
62 1324 3 41
61 1312 3 95
3878 1340 2 23
8232 1395 2 99
1179 1319 2 96
7451 1320 2 73
6704 1396 1 48
7127 1386 3 92
9948 1328 3 43
1334 1331 1 88
9848 1329 1 46
8250 1460 1 99
2372 1447 1 74
4441 1423 3 95
2183 1485 3 90
160 1467 3 66
865 1403 1 1
9537 1406 1 26
1593 1446 3 12
3473 1478 2 78
3936 1407 2 17
368 1430 2 48
3881 1428 2 62
5399 1489 1 52
6764 1449 3 64
2682 1474 1 22
160 1467 1 7
8190 1435 2 34
6188 1468 2 36
3720 1490 1 98
6742 1416 3 91
4510 1487 2 38
3747 1454 2 81
2187 1477 2 53
8306 1484 2 94
3328 1432 2 3
5240 1458 2 69
5989 1453 1 9
6794 1402 2 20
867 1481 2 94
8793 1471 2 74
2187 1477 1 31
6188 1468 1 81
8866 1451 3 54
4785 1411 3 94
9334 1459 3 25
6039 1422 1 67
521 1491 3 15
3881 1428 3 25
7604 1464 2 52
2474 1475 1 54
836 1492 3 39
4673 1433 2 18
5862 1482 2 78
9810 1424 2 1
7128 1495 2 12
3261 1429 1 2
6265 1456 2 84
4441 1423 2 36
4630 1473 2 32
5188 1486 3 14
1340 1452 2 20
6106 1472 3 16
5188 1486 2 53
5541 1466 3 49
3889 1436 1 28
3489 1480 1 44
8790 1426 1 51
5507 1413 2 46
3489 1480 2 37
8250 1460 2 44
9537 1406 3 43
3842 1412 2 87
3889 1436 2 42
8306 1484 1 92
5733 1438 3 62
3261 1429 2 40
2474 1475 2 30
2217 1437 3 100
8751 1415 3 65
4124 1440 2 25
5862 1482 3 22
2474 1475 3 19
9100 1427 1 9
1573 1445 3 13
5564 1414 3 56
3693 1498 1 99
2183 1485 1 34
6470 1441 1 15
3489 1480 3 2
5888 1457 2 5
6982 1465 2 50
4630 1473 3 90
867 1481 1 86
6927 1409 1 44
8866 1451 2 88
160 1467 2 2
2372 1447 3 76
9910 1417 2 85
6154 1404 2 85
9334 1459 1 53
7947 1442 1 33
1593 1446 2 74
3611 1420 3 22
9537 1406 2 25
7604 1464 1 35
9334 1459 2 21
4785 1411 2 46
2866 1410 1 97
2730 1408 3 65
4990 1476 2 10
5240 1458 3 22
7753 1462 2 86
7211 1455 1 76
6982 1465 3 31
1773 1401 3 40
9793 1439 1 55
6691 1448 1 51
9910 1417 1 17
7958 1463 3 81
5399 1489 3 50
7753 1462 1 25
9179 1494 2 47
5478 1425 3 36
9793 1439 3 19
6145 1499 1 55
6145 1499 3 20
5733 1438 2 10
1895 1434 2 47
6742 1416 1 34
7947 1442 3 14
4531 1431 1 57
8790 1426 3 29
3842 1412 3 28
6458 1444 1 51
5989 1453 3 31
1773 1401 1 0
8534 1461 3 9
3693 1498 2 97
1573 1445 1 5
3881 1428 1 17
6106 1472 2 3
6265 1456 3 13
929 1418 3 8
4964 1500 1 73
9100 1427 2 28
8304 1421 1 4
9179 1494 3 0
5733 1438 1 37
9250 1419 3 4
4441 1423 1 83
521 1491 1 39
9793 1439 2 17
865 1403 2 68
4487 1479 3 55
6641 1483 1 37
4124 1440 1 72
6470 1441 2 0
4510 1487 1 99
3261 1429 3 55
1895 1434 3 31
6863 1469 3 86
6641 1483 2 81
4990 1476 1 91
929 1418 2 65
5541 1466 1 46
3328 1432 3 74
6154 1404 1 75
4673 1433 1 39
2217 1437 2 85
7211 1455 2 40
521 1491 2 51
1348 1450 2 75
3720 1490 3 42
3693 1498 3 15
3889 1436 3 5
7211 1455 3 78
8304 1421 2 50
101 1405 1 23
4990 1476 3 5
558 1493 3 10
8190 1435 3 6
5839 1470 1 80
7128 1495 3 51
8793 1471 1 3
1348 1450 1 14
3473 1478 3 15
9250 1419 2 12
8190 1435 1 68
4964 1500 3 15
6145 1499 2 20
8304 1421 3 3
2730 1408 2 18
8751 1415 2 51
3747 1454 1 14
867 1481 3 10
6764 1449 1 13
6039 1422 3 31
6691 1448 3 57
6265 1456 1 48
5478 1425 2 33
1348 1450 3 1
5544 1488 2 84
7128 1495 1 49
8534 1461 2 51
8010 1497 3 6
5240 1458 1 98
101 1405 3 3
1773 1401 2 50
6188 1468 3 82
1573 1445 2 92
929 1418 1 23
2187 1477 3 76
3611 1420 1 66
7947 1442 2 89
9100 1427 3 17
8010 1497 1 9
6527 1443 3 61
5541 1466 2 37
1340 1452 3 27
8534 1461 1 86
2682 1474 2 21
4487 1479 1 48
6742 1416 2 94
101 1405 2 72
6527 1443 2 24
6794 1402 3 35
558 1493 2 15
6691 1448 2 57
836 1492 1 41
4673 1433 3 79
2183 1485 2 9
3720 1490 2 34
5544 1488 1 100
865 1403 3 80
6039 1422 2 19
368 1430 3 26
368 1430 1 51
5564 1414 1 32
9810 1424 3 24
2682 1474 3 90
2217 1437 1 45
3473 1478 1 17
3747 1454 3 3
6927 1409 2 78
5839 1470 2 40
7604 1464 3 28
2372 1447 2 59
4124 1440 3 68
5399 1489 2 16
3328 1432 1 89
5888 1457 3 26
4531 1431 3 75
8306 1484 3 94
7958 1463 2 36
9179 1494 1 9
3936 1407 1 24
3936 1407 3 19
8010 1497 2 18
8751 1415 1 45
6458 1444 2 74
2730 1408 1 70
5564 1414 2 15
836 1492 2 16
6527 1443 1 90
8793 1471 3 0
6470 1441 3 89
3611 1420 2 39
6863 1469 1 30
7753 1462 3 52
4964 1500 2 70
7958 1463 1 73
6794 1402 1 2
5507 1413 3 10
6927 1409 3 96
5989 1453 2 99
2866 1410 3 73
9810 1424 1 79
6641 1483 3 0
6106 1472 1 44
3842 1412 1 85
8866 1451 1 93
4630 1473 1 30
6458 1444 3 4
7254 1496 2 7
4487 1479 2 94
1340 1452 1 100
6154 1404 3 74
6764 1449 2 92
5188 1486 1 14
5862 1482 1 37
5544 1488 3 41
8790 1426 2 79
7254 1496 1 84
9250 1419 1 88
7254 1496 3 60
8250 1460 3 99
2866 1410 2 31
6863 1469 2 97
4531 1431 2 90
4510 1487 3 40
1593 1446 1 82
5478 1425 1 47
1895 1434 1 27
5888 1457 1 67
558 1493 1 90
6982 1465 1 27
4785 1411 1 34
5839 1470 3 84
9910 1417 3 77
5507 1413 1 0
830 1561 3 31
8967 1549 3 7
3569 1537 3 81
4732 1516 1 38
575 1582 2 68
1102 1512 2 41
3470 1506 1 96
8936 1529 1 90
2261 1548 1 70
581 1556 1 48
8967 1549 2 7
5272 1555 2 95
9512 1583 2 27
7379 1593 1 79
287 1573 1 80
3406 1570 2 88
4225 1546 1 31
830 1561 1 76
3049 1587 3 61
2703 1536 1 50
8623 1510 1 43
5705 1572 3 62
1328 1544 2 72
5926 1503 1 33
4114 1543 3 71
152 1526 3 38
8038 1558 3 81
9850 1599 2 93
2971 1588 3 34
7537 1567 1 86
5723 1594 2 55
7809 1501 2 7
8936 1581 2 80
7806 1574 2 55
8989 1505 2 81
2033 1597 3 12
8605 1571 2 5
7941 1579 3 78
3470 1506 3 59
7454 1592 1 90
7886 1584 1 46
8157 1598 3 4
287 1573 3 9
2238 1538 3 33
4519 1552 3 57
2703 1536 2 93
3010 1539 3 68
2261 1548 2 3
9065 1523 3 42
3063 1542 3 76
4578 1541 1 25
5809 1508 3 21
5142 1531 2 60
5142 1531 3 9
9642 1553 3 53
2261 1548 3 57
1328 1544 3 84
5198 1586 1 92
3795 1532 3 90
9246 1577 2 15
2105 1590 3 68
3049 1587 2 26
4513 1530 3 78
6204 1545 1 76
9642 1553 1 79
413 1564 2 25
2685 1559 3 49
8936 1581 3 88
2033 1597 1 25
7187 1600 1 67
8833 1560 2 67
8989 1505 1 44
9315 1525 3 31
8120 1578 3 27
9196 1517 2 44
2956 1504 2 48
5723 1594 1 56
9785 1515 2 81
4114 1543 1 13
4513 1530 2 32
2378 1575 3 83
29 1596 1 15
2320 1522 2 91
2057 1511 1 6
9852 1562 3 12
3384 1534 2 48
3569 1537 2 93
8989 1505 3 59
9850 1599 3 21
5809 1508 2 55
1728 1551 3 78
830 1561 2 86
8205 1550 1 75
9512 1583 1 36
29 1596 3 11
6376 1528 2 13
4103 1509 1 87
581 1556 2 28
490 1566 1 39
2378 1575 2 14
7379 1593 2 75
7468 1554 2 46
5426 1576 3 29
1138 1547 1 82
5723 1594 3 34
5037 1524 1 66
3010 1539 2 12
7941 1579 1 52
9196 1517 1 21
9785 1515 3 68
8623 1510 2 25
8192 1563 1 7
7941 1579 2 70
5198 1586 3 46
1257 1585 2 5
7232 1519 1 19
5705 1572 1 47
2544 1591 3 86
8120 1578 1 27
3384 1534 1 80
8936 1581 1 59
9850 1599 1 58
8205 1550 2 65
6204 1545 2 1
8623 1510 3 11
152 1526 2 68
5926 1503 2 38
8936 1529 3 13
8192 1563 2 54
8157 1598 1 57
490 1566 3 73
8038 1558 2 41
5426 1576 1 43
152 1526 1 32
7806 1574 3 61
7537 1567 3 41
6604 1513 2 14
7809 1501 1 49
4732 1516 3 63
3406 1570 3 41
4186 1557 3 18
7187 1600 3 79
2971 1588 2 40
6376 1528 1 52
2544 1591 2 84
2755 1580 1 81
8457 1520 1 1
6376 1528 3 90
9315 1525 2 95
2956 1504 1 93
4578 1541 3 35
8354 1527 1 51
7886 1584 3 32
5608 1540 3 10
3063 1542 1 73
1138 1547 2 30
6293 1533 3 54
7379 1593 3 27
4225 1546 3 33
4186 1557 2 77
3795 1532 2 25
9065 1523 2 76
4225 1546 2 56
3384 1534 3 36
3234 1535 2 45
7880 1518 1 52
3049 1587 1 81
4846 1502 1 1
1328 1544 1 79
7468 1554 1 36
6604 1513 3 16
1102 1512 3 72
8928 1589 3 77
7880 1518 2 62
581 1556 3 48
3406 1570 1 46
5272 1555 3 46
5142 1531 1 8
773 1568 1 41
2033 1597 2 35
8833 1560 3 99
9642 1553 2 17
5884 1595 3 75
6135 1507 1 83
2320 1522 1 38
413 1564 3 58
4519 1552 2 63
8605 1571 1 12
7468 1554 3 82
2685 1559 1 70
1836 1569 3 77
575 1582 1 89
2971 1588 1 85
2238 1538 2 95
5608 1540 2 3
2544 1591 1 92
2105 1590 1 86
7232 1519 2 7
1257 1585 1 77
7454 1592 2 89
8928 1589 2 54
8205 1550 3 19
7880 1518 3 6
4103 1509 2 23
5809 1508 1 18
2755 1580 3 62
490 1566 2 2
5884 1595 2 63
2808 1565 2 69
4186 1557 1 11
2956 1504 3 50
1836 1569 1 1
9512 1583 3 20
9852 1562 1 60
6135 1507 2 46
8457 1520 2 73
7806 1574 1 17
2685 1559 2 39
7187 1600 2 69
2378 1575 1 85
4114 1543 2 6
8691 1521 3 4
8967 1549 1 90
9785 1515 1 93
9315 1525 1 17
7537 1567 2 39
2808 1565 3 23
7454 1592 3 54
1364 1514 2 24
6135 1507 3 88
3063 1542 2 70
2703 1536 3 62
6204 1545 3 15
5705 1572 2 62
1836 1569 2 74
1364 1514 3 90
3234 1535 3 5
773 1568 2 12
5037 1524 3 28
3234 1535 1 68
8928 1589 1 39
8691 1521 1 82
2320 1522 3 1
4103 1509 3 89
9852 1562 2 34
7886 1584 2 22
8457 1520 3 23
8354 1527 2 0
8120 1578 2 30
5037 1524 2 63
4732 1516 2 63
8038 1558 1 57
8192 1563 3 13
5608 1540 1 20
2057 1511 3 13
575 1582 3 67
4519 1552 1 38
4578 1541 2 53
5272 1555 1 82
8605 1571 3 14
9246 1577 3 68
2808 1565 1 95
8691 1521 2 95
1728 1551 2 97
3470 1506 2 67
2755 1580 2 45
29 1596 2 76
9065 1523 1 14
8833 1560 1 74
3569 1537 1 44
9246 1577 1 23
287 1573 2 90
773 1568 3 68
6604 1513 1 96
5926 1503 3 1
9196 1517 3 38
8354 1527 3 39
6293 1533 1 100
8936 1529 2 33
413 1564 1 22
6293 1533 2 57
7232 1519 3 6
2238 1538 1 86
5198 1586 2 41
8157 1598 2 72
1728 1551 1 68
5426 1576 2 59
4846 1502 3 28
1138 1547 3 64
1364 1514 1 100
3795 1532 1 59
7809 1501 3 94
3010 1539 1 12
2105 1590 2 22
4513 1530 1 3
1257 1585 3 11
5884 1595 1 40
1102 1512 1 53
2057 1511 2 36
4846 1502 2 51
8919 1628 3 70
3419 1677 1 75
5014 1655 2 67
831 1604 3 89
4808 1670 2 81
9645 1657 1 4
9644 1682 1 5
3647 1678 2 34
1285 1608 1 59
6567 1686 1 33
831 1604 1 82
8516 1685 3 20
9609 1610 1 48
7383 1605 3 64
1285 1608 2 22
5989 1654 1 80
5361 1697 2 55
9121 1696 2 11
2026 1663 1 100
2186 1616 3 59
4390 1609 1 94
2306 1673 2 7
124 1611 2 9
9644 1682 3 0
5597 1603 2 77
8437 1625 2 57
7365 1617 2 18
7925 1646 1 19
9644 1682 2 35
7736 1681 3 27
2438 1667 2 50
1392 1668 3 23
8262 1664 3 34
6857 1690 1 10
4840 1666 1 50
323 1662 1 63
8043 1676 3 55
3422 1607 3 87
2438 1667 3 26
1120 1627 1 61
4390 1609 3 35
7959 1630 2 22
14 1650 1 77
2872 1687 1 98
5474 1629 1 64
7385 1622 3 83
9871 1613 3 12
5014 1655 3 41
5474 1629 2 38
6049 1643 2 12
2590 1689 2 69
831 1604 2 96
7888 1694 3 68
2872 1687 2 41
4467 1680 1 63
4340 1626 2 93
5597 1603 1 23
4755 1642 1 46
1446 1640 2 68
6755 1639 1 53
8901 1619 3 14
8038 1624 2 91
1393 1684 2 97
642 1648 3 64
1392 1668 2 95
8262 1664 1 90
3422 1607 2 78
3816 1614 3 92
4840 1666 3 40
124 1611 3 32
297 1675 2 89
2186 1616 2 81
9363 1634 1 91
5597 1603 3 6
2528 1633 2 54
7925 1646 2 37
9609 1610 3 88
3179 1615 3 49
4808 1670 3 46
8606 1660 3 18
98 1621 2 55
3419 1677 3 46
342 1692 3 64
148 1651 3 54
6755 1639 3 27
1392 1668 1 70
3179 1615 2 1
1120 1627 3 56
7060 1644 1 58
2528 1633 3 98
6755 1639 2 32
1393 1684 1 85
8424 1653 3 4
5241 1636 1 54
6942 1618 3 93
4755 1642 2 36
1393 1684 3 56
3647 1678 1 54
4414 1669 1 36
6567 1686 3 36
2026 1663 3 51
6567 1686 2 19
6857 1690 3 89
3349 1693 1 53
2482 1641 1 70
342 1692 1 72
3647 1678 3 41
6973 1652 3 31
5751 1691 2 83
6049 1643 1 55
2486 1637 2 74
1507 1631 2 2
4467 1680 2 42
4789 1674 3 4
8831 1638 3 48
8516 1685 1 19
3534 1649 3 61
6237 1647 2 16
14 1650 3 61
3534 1649 2 91
6736 1601 2 36
9534 1620 3 0
4822 1602 1 2
297 1675 3 75
9501 1679 2 16
4478 1683 3 63
7394 1688 3 6
4808 1670 1 63
8516 1685 2 85
7385 1622 2 31
9655 1623 2 78
2482 1641 2 9
5989 1654 3 5
755 1695 1 81
5995 1656 1 53
8573 1632 2 96
6950 1659 1 24
1318 1672 1 65
755 1695 3 69
3422 1607 1 24
9501 1679 1 23
1507 1631 3 26
3816 1614 1 4
4840 1666 2 94
6973 1652 2 14
2186 1616 1 85
9980 1658 2 42
98 1621 3 36
4414 1669 3 62
6049 1643 3 95
1120 1627 2 55
642 1648 2 32
9980 1658 1 13
8424 1653 2 14
8919 1628 2 69
7385 1622 1 57
8043 1676 1 51
9534 1620 2 24
8038 1624 1 53
6942 1618 2 37
3419 1677 2 30
7365 1617 1 24
301 1698 2 40
2590 1689 1 28
7060 1644 3 37
8143 1645 3 80
7736 1681 1 89
458 1699 1 78
5241 1636 2 0
3179 1615 1 84
9655 1623 1 59
5241 1636 3 21
4755 1642 3 74
3816 1614 2 38
7925 1646 3 79
98 1621 1 90
3349 1693 2 100
755 1695 2 37
7394 1688 2 37
9121 1696 1 98
9121 1696 3 99
6240 1612 1 10
301 1698 1 66
8437 1625 3 19
4822 1602 3 31
1318 1672 2 5
6240 1612 3 93
7888 1694 1 20
323 1662 2 24
5995 1656 2 18
9363 1634 3 35
7736 1681 2 59
8901 1619 1 6
9655 1623 3 33
148 1651 2 81
8043 1676 2 93
9501 1679 3 30
2872 1687 3 65
6237 1647 3 1
7365 1617 3 19
6942 1618 1 77
3349 1693 3 14
124 1611 1 64
4478 1683 1 16
1995 1700 1 14
9871 1613 2 3
3211 1665 1 17
9574 1661 2 35
2858 1635 3 78
3407 1606 1 49
4414 1669 2 47
7383 1605 1 100
2306 1673 3 73
9645 1657 2 35
6950 1659 3 82
4789 1674 1 65
2026 1663 2 53
8831 1638 2 28
8573 1632 1 74
9534 1620 1 12
8573 1632 3 22
458 1699 2 1
3407 1606 2 59
7888 1694 2 81
2590 1689 3 64
14 1650 2 3
9443 1671 1 61
6736 1601 3 58
5014 1655 1 20
9574 1661 3 32
9574 1661 1 66
5989 1654 2 75
1507 1631 1 44
9609 1610 2 51
4467 1680 3 94
4478 1683 2 14
2858 1635 2 14
5361 1697 3 34
2482 1641 3 35
6973 1652 1 67
2858 1635 1 81
7394 1688 1 98
2306 1673 1 69
8143 1645 2 47
8901 1619 2 59
7060 1644 2 87
7383 1605 2 97
9443 1671 3 67
458 1699 3 52
8919 1628 1 11
6736 1601 1 66
6950 1659 2 58
9980 1658 3 77
5361 1697 1 60
9871 1613 1 59
1446 1640 3 31
9645 1657 3 32
323 1662 3 82
3211 1665 3 46
1318 1672 3 11
5474 1629 3 82
3211 1665 2 92
8143 1645 1 76
9363 1634 2 87
342 1692 2 77
301 1698 3 41
8437 1625 1 88
2438 1667 1 50
4822 1602 2 85
4390 1609 2 85
5751 1691 1 97
4789 1674 2 57
297 1675 1 85
8606 1660 2 90
4340 1626 1 21
2486 1637 3 25
8831 1638 1 94
4340 1626 3 86
6857 1690 2 26
2486 1637 1 44
3407 1606 3 34
5751 1691 3 77
8262 1664 2 17
148 1651 1 37
7959 1630 3 32
642 1648 1 39
8424 1653 1 80
7959 1630 1 40
2528 1633 1 46
8038 1624 3 2
3534 1649 1 88
1995 1700 3 51
6240 1612 2 20
1285 1608 3 10
5995 1656 3 57
9443 1671 2 73
6237 1647 1 82
8606 1660 1 29
1995 1700 2 75
1446 1640 1 43
5973 1751 1 71
9088 1778 3 10
2815 1796 1 5
9852 1728 1 34
8251 1800 3 23
5057 1703 2 52
7044 1702 2 17
1085 1777 2 34
4653 1747 2 47
9897 1705 3 11
5657 1756 2 0
969 1754 2 48
5973 1751 3 7
562 1757 1 21
5900 1773 2 71
7745 1734 1 70
9866 1711 2 40
733 1789 3 76
2640 1786 2 77
7206 1790 1 33
4748 1736 1 5
5351 1739 1 73
5175 1738 1 69
5900 1773 1 65
3855 1741 3 56
1303 1744 3 42
4653 1747 1 26
314 1785 2 67
9466 1758 2 22
1163 1715 2 80
8309 1798 2 43
1938 1714 1 47
5973 1751 2 43
3973 1762 3 68
8144 1706 1 48
4748 1736 2 42
7044 1702 1 14
260 1713 3 75
7862 1771 2 40
4727 1732 1 15
3319 1716 2 79
5809 1718 3 58
3229 1794 3 27
2010 1746 3 35
588 1724 1 36
5275 1782 2 87
2765 1760 3 31
8300 1781 2 63
1470 1775 1 19
5657 1756 1 18
7862 1771 1 78
486 1743 2 87
7737 1788 2 76
2640 1786 1 83
2493 1735 2 1
2792 1755 2 7
7206 1790 2 95
2947 1748 3 32
1867 1733 2 27
4400 1701 3 22
8023 1799 2 0
486 1743 3 97
7837 1791 2 81
5198 1784 1 88
969 1754 3 72
1599 1792 2 35
1299 1793 3 31
7 1727 1 39
1938 1714 3 77
8144 1706 2 74
6355 1749 1 68
2098 1709 3 36
1599 1792 1 28
8023 1799 1 57
7620 1719 3 17
806 1772 2 27
4518 1783 2 35
9466 1758 3 100
676 1764 1 55
1470 1775 2 97
7 1727 3 97
5479 1774 2 72
8116 1740 3 98
9466 1758 1 37
5199 1717 2 34
2770 1797 1 79
9088 1778 2 40
9866 1711 1 87
260 1713 2 8
1494 1725 1 42
1867 1733 1 5
7341 1761 1 41
1938 1714 2 12
6355 1749 3 72
7085 1708 2 99
3916 1759 2 53
82 1769 2 53
3916 1759 3 8
4518 1783 1 74
6563 1770 2 20
6364 1765 2 93
2792 1755 1 38
486 1743 1 79
314 1785 3 9
6583 1722 3 98
8251 1800 1 77
8355 1776 3 35
5107 1710 1 48
7862 1771 3 85
7837 1791 3 92
1163 1715 1 42
5886 1730 3 56
1494 1725 2 88
5886 1730 1 81
5057 1703 1 83
2694 1750 3 39
2493 1735 1 62
4653 1747 3 39
4252 1768 3 58
7620 1719 2 39
9897 1705 1 91
9852 1728 3 59
509 1723 2 50
4186 1766 1 67
1303 1744 1 15
2694 1750 1 70
7341 1761 2 13
1867 1733 3 47
5012 1745 1 46
4748 1736 3 9
5275 1782 3 41
4186 1766 2 40
4186 1766 3 36
733 1789 1 98
7784 1729 1 71
7620 1719 1 15
7784 1729 3 32
61 1731 1 79
7837 1791 1 57
8309 1798 3 70
3855 1741 1 58
1599 1792 3 94
5351 1739 2 28
8116 1740 1 46
61 1731 3 87
5708 1726 3 13
7745 1734 3 65
4400 1701 1 4
6266 1737 3 42
9661 1720 1 43
9849 1779 1 71
1163 1715 3 100
6439 1767 2 1
2493 1735 3 38
423 1780 3 77
5198 1784 3 96
3458 1752 3 65
9723 1721 2 75
8023 1799 3 34
5809 1718 1 47
6929 1712 1 76
5479 1774 3 54
2770 1797 2 71
7085 1708 1 0
6929 1712 3 28
5057 1703 3 27
4518 1783 3 73
1299 1793 2 64
5199 1717 1 5
2694 1750 2 3
3973 1762 1 2
1303 1744 2 43
82 1769 1 38
4252 1768 2 7
8309 1798 1 45
5351 1739 3 43
2010 1746 2 71
6929 1712 2 17
588 1724 2 34
4727 1732 2 78
6741 1795 3 47
1192 1704 2 31
5708 1726 1 84
2098 1709 1 87
9661 1720 2 35
1297 1707 2 15
1297 1707 1 65
6266 1737 2 30
8144 1706 3 8
5175 1738 3 54
7725 1787 1 43
9897 1705 2 36
733 1789 2 64
8807 1753 1 66
7341 1761 3 34
3229 1794 1 59
6266 1737 1 95
4252 1768 1 81
1297 1707 3 57
4727 1732 3 70
8807 1753 3 30
5012 1745 3 3
9661 1720 3 86
3506 1763 2 22
1494 1725 3 83
6741 1795 1 18
2765 1760 1 6
1085 1777 3 20
423 1780 1 76
969 1754 1 100
6439 1767 1 79
7725 1787 2 52
8355 1776 2 48
5900 1773 3 36
8300 1781 3 41
9088 1778 1 4
7085 1708 3 51
6583 1722 1 45
3249 1742 2 36
6364 1765 1 23
562 1757 2 2
314 1785 1 74
3249 1742 3 16
1085 1777 1 43
8116 1740 2 79
9849 1779 3 81
3249 1742 1 25
6741 1795 2 41
6364 1765 3 67
7737 1788 1 19
2815 1796 2 39
5275 1782 1 29
8807 1753 2 33
6439 1767 3 38
6563 1770 3 45
7206 1790 3 44
423 1780 2 61
2815 1796 3 34
3855 1741 2 60
3319 1716 3 95
2792 1755 3 30
2947 1748 1 90
5107 1710 2 51
9723 1721 3 79
7737 1788 3 58
676 1764 2 38
1192 1704 1 98
8300 1781 1 30
3916 1759 1 46
9723 1721 1 23
806 1772 1 42
7745 1734 2 64
7 1727 2 32
5199 1717 3 7
5809 1718 2 28
3458 1752 2 42
1470 1775 3 98
806 1772 3 56
6583 1722 2 45
9852 1728 2 87
3506 1763 1 98
2098 1709 2 27
2765 1760 2 74
260 1713 1 22
676 1764 3 61
9866 1711 3 98
3506 1763 3 57
2947 1748 2 82
6563 1770 1 13
588 1724 3 31
7725 1787 3 10
6355 1749 2 81
2010 1746 1 100
4400 1701 2 82
1299 1793 1 86
1192 1704 3 23
5012 1745 2 23
7784 1729 2 47
5479 1774 1 31
5886 1730 2 31
8251 1800 2 32
3229 1794 2 47
2640 1786 3 50
509 1723 1 85
8355 1776 1 33
5175 1738 2 12
509 1723 3 68
3973 1762 2 100
7044 1702 3 77
82 1769 3 67
3458 1752 1 54
9849 1779 2 42
2770 1797 3 89
3319 1716 1 66
5198 1784 2 82
5657 1756 3 80
5708 1726 2 47
5107 1710 3 62
562 1757 3 92
61 1731 2 77
1101 1840 1 2
786 1849 2 76
7159 1879 1 0
5836 1862 2 61
1678 1864 3 87
252 1900 1 51
4787 1896 1 58
4499 1820 1 81
3 1899 2 44
9071 1877 2 50
786 1849 3 81
8462 1865 3 18
7803 1888 2 87
978 1887 2 24
9071 1877 3 31
7817 1811 3 72
4261 1894 1 29
9375 1828 2 56
7496 1893 2 8
5836 1862 1 78
1420 1880 2 78
976 1892 2 66
976 1892 1 0
2979 1833 3 35
7698 1817 1 67
2325 1847 2 47
7279 1881 2 11
1420 1880 1 49
978 1887 3 16
8408 1875 2 84
4201 1808 1 49
5245 1827 3 97
8045 1857 1 35
9658 1848 3 91
6929 1855 2 74
8694 1876 2 32
4439 1842 3 82
3261 1837 1 39
709 1859 2 49
631 1832 1 56
3285 1885 2 10
9463 1856 2 46
944 1854 3 80
8557 1871 1 34
9658 1848 2 61
9658 1848 1 85
3 1899 1 63
4212 1863 1 48
936 1890 1 24
1336 1830 2 42
1113 1878 3 80
5862 1819 2 88
7279 1881 3 91
631 1832 2 20
9639 1861 1 73
8462 1865 2 45
6771 1807 2 58
2026 1824 3 57
1293 1897 3 91
6282 1836 2 60
8225 1823 3 2
2979 1833 2 50
4888 1884 1 47
9360 1821 1 11
4263 1858 3 49
5302 1852 3 44
252 1900 2 60
9087 1804 2 11
8045 1857 3 46
9360 1821 2 90
8653 1810 2 59
918 1814 2 37
9360 1821 3 52
5064 1815 3 80
3748 1846 1 83
3301 1872 3 36
9463 1856 1 99
5510 1805 3 10
709 1859 1 46
9463 1856 3 36
4338 1886 2 38
2630 1844 3 10
8391 1851 1 4
5510 1805 2 63
7159 1879 3 26
4606 1822 1 89
5836 1862 3 85
8709 1829 1 78
5849 1866 1 23
4787 1896 3 11
944 1854 2 14
4499 1820 2 16
7526 1895 3 3
7720 1806 3 92
3569 1870 3 93
8225 1823 1 50
56 1818 1 56
3045 1869 3 48
9543 1826 1 69
978 1887 1 46
4201 1808 2 87
8501 1868 3 43
1336 1830 3 53
8177 1812 1 98
2517 1874 1 14
3697 1853 2 31
2418 1889 2 29
9593 1809 1 26
908 1831 1 3
631 1832 3 36
5393 1825 3 91
7817 1811 1 7
515 1850 3 33
5245 1827 2 38
9593 1809 2 57
8575 1860 1 75
5098 1867 3 29
3569 1870 2 98
4787 1896 2 94
5862 1819 3 91
7526 1895 2 64
3301 1872 1 66
9543 1826 3 3
3748 1846 2 75
9593 1809 3 19
7746 1816 3 69
7803 1888 1 100
1771 1841 1 22
5844 1801 1 48
7600 1802 1 88
3697 1853 1 79
936 1890 2 22
1293 1897 2 29
5672 1891 2 34
9071 1877 1 19
2979 1833 1 73
3748 1846 3 87
3285 1885 3 2
1113 1878 2 75
5064 1815 1 85
5849 1866 3 46
8462 1865 1 44
56 1818 3 15
6929 1855 1 59
8557 1871 3 81
5862 1819 1 57
1771 1841 3 31
7279 1881 1 62
7496 1893 3 45
7698 1817 3 80
2630 1844 2 25
5393 1825 2 31
8045 1857 2 38
8709 1829 3 43
9586 1883 2 48
805 1835 2 14
8575 1860 3 39
4888 1884 2 28
936 1890 3 66
5075 1834 3 47
6282 1836 3 46
2026 1824 1 6
8177 1812 3 50
4888 1884 3 100
6622 1839 3 33
4606 1822 3 55
8488 1803 1 37
5844 1801 3 36
6622 1839 2 98
918 1814 1 98
4212 1863 3 83
56 1818 2 87
7695 1882 2 46
7038 1898 1 36
1336 1830 1 32
908 1831 3 65
4263 1858 2 94
1113 1878 1 44
918 1814 3 5
5510 1805 1 55
1678 1864 1 90
7159 1879 2 98
9586 1883 1 73
2440 1838 1 51
3004 1813 1 52
7698 1817 2 5
2325 1847 1 16
805 1835 1 5
976 1892 3 3
4439 1842 2 62
2630 1844 1 91
9707 1843 2 30
3004 1813 3 76
1420 1880 3 45
3301 1872 2 55
6282 1836 1 80
788 1873 3 92
5844 1801 2 30
1771 1841 2 12
9639 1861 3 2
3045 1869 1 39
9707 1843 3 23
4606 1822 2 62
805 1835 3 41
4637 1845 2 77
8501 1868 2 57
8653 1810 1 58
5245 1827 1 99
8653 1810 3 76
515 1850 2 28
7038 1898 2 93
4439 1842 1 69
3004 1813 2 48
6771 1807 3 28
8694 1876 1 62
5672 1891 1 26
9707 1843 1 91
7038 1898 3 15
7526 1895 1 98
1101 1840 3 30
7600 1802 2 95
944 1854 1 31
2517 1874 2 94
788 1873 1 5
7720 1806 2 84
7746 1816 2 57
8488 1803 2 34
8408 1875 3 23
1101 1840 2 75
8575 1860 2 11
5098 1867 1 14
8709 1829 2 38
7817 1811 2 64
3 1899 3 83
3285 1885 1 62
786 1849 1 8
2325 1847 3 55
788 1873 2 37
2026 1824 2 94
5098 1867 2 69
515 1850 1 51
8557 1871 2 12
4261 1894 3 80
4201 1808 3 48
5393 1825 1 56
7600 1802 3 21
4338 1886 3 68
7695 1882 1 72
9087 1804 1 39
8694 1876 3 41
8408 1875 1 59
4637 1845 3 100
8391 1851 3 53
7720 1806 1 49
1678 1864 2 98
9375 1828 3 43
9543 1826 2 61
7746 1816 1 66
4263 1858 1 13
2418 1889 3 42
7496 1893 1 97
5075 1834 1 48
8391 1851 2 54
2440 1838 2 7
3045 1869 2 54
5302 1852 2 28
6929 1855 3 8
5064 1815 2 8
8488 1803 3 57
3569 1870 1 51
8501 1868 1 65
3697 1853 3 31
2517 1874 3 5
9087 1804 3 87
7695 1882 3 44
709 1859 3 63
9586 1883 3 2
9375 1828 1 50
4637 1845 1 67
908 1831 2 22
2440 1838 3 37
4212 1863 2 61
6771 1807 1 30
6622 1839 1 53
5849 1866 2 92
7803 1888 3 32
3261 1837 3 92
2418 1889 1 22
8177 1812 2 54
4499 1820 3 88
3261 1837 2 25
8225 1823 2 62
5302 1852 1 25
5075 1834 2 29
4338 1886 1 65
9639 1861 2 38
252 1900 3 7
1293 1897 1 70
5672 1891 3 94
4261 1894 2 94
6083 1938 1 88
1934 1983 3 1
6248 1970 2 28
9571 1942 3 73
2348 1929 2 39
9967 1966 2 43
228 1904 2 79
2098 1926 3 82
1789 1997 3 27
902 1912 1 38
757 1945 3 26
1199 1946 1 1
2857 1996 1 79
3366 1967 2 85
6668 1952 3 22
6639 1980 1 75
4472 1972 3 46
5832 1949 2 36
5689 1987 2 50
3455 1903 2 15
5727 1921 2 51
769 1913 2 25
1043 1937 1 21
2348 1929 3 97
536 1922 1 22
9571 1942 2 89
4200 1976 1 46
4472 1972 2 58
3923 1963 1 26
470 2000 3 58
7262 1977 1 38
4581 1999 3 24
1843 1979 2 10
8145 1984 3 94
9967 1966 3 56
1756 1907 2 24
8869 1964 2 96
8869 1964 1 98
2685 1928 2 13
8373 1901 3 71
1900 1925 1 46
7312 1944 3 64
9736 1940 1 23
2622 1995 3 19
6083 1938 3 67
7220 1923 3 39
6255 1954 3 3
3516 1991 2 80
3366 1967 1 45
7895 1973 1 12
8152 1955 1 64
1983 1959 1 81
4991 1918 3 23
4164 1974 3 24
230 1910 3 39
2098 1926 2 28
3672 1989 1 58
9967 1966 1 25
1560 1914 1 71
7795 1936 3 32
5689 1987 3 47
1630 1960 2 62
4093 1988 1 6
9423 1917 2 33
2098 1926 1 32
7840 1956 1 2
2751 1932 3 42
8869 1964 3 21
3564 1911 1 21
1199 1946 2 19
1043 1937 3 11
6815 1994 2 13
115 1950 1 88
4991 1918 1 96
1789 1997 2 42
6255 1954 1 68
230 1910 2 86
5345 1990 3 47
7016 1902 1 49
393 1934 2 42
1983 1959 2 20
5977 1919 1 26
1843 1979 1 44
643 1978 3 35
7840 1956 2 34
1560 1914 3 85
757 1945 2 49
4589 1957 3 46
230 1910 1 98
9981 1992 1 93
6815 1994 1 100
6890 1916 3 5
4164 1974 2 4
3564 1911 2 12
3171 1953 3 68
5977 1919 3 71
4606 1909 3 32
8145 1984 2 37
2348 1929 1 16
5895 1933 1 57
4200 1976 3 23
1900 1925 3 13
2058 1939 3 68
5129 1962 2 14
7068 1915 2 62
6668 1952 1 62
9736 1940 2 71
7220 1923 1 51
7672 1920 2 49
128 1935 2 80
228 1904 1 1
1934 1983 2 9
8145 1984 1 32
6980 1981 2 36
7795 1936 2 8
6980 1981 3 91
6815 1994 3 83
4606 1909 1 85
2800 1986 2 58
9981 1992 2 24
3564 1911 3 25
1983 1959 3 35
5895 1933 3 40
1049 1943 2 63
1843 1979 3 47
6639 1980 3 79
470 2000 1 64
2919 1971 1 14
8118 1969 2 68
2981 1924 1 71
8961 1951 1 13
115 1950 3 100
7289 1958 3 98
3042 1968 1 58
5129 1962 3 72
3463 1948 1 64
8651 1982 3 65
3463 1948 2 21
9761 1905 1 82
536 1922 3 0
643 1978 1 85
3516 1991 3 66
3455 1903 1 33
7262 1977 3 54
8748 1993 3 37
3171 1953 1 25
902 1912 3 8
128 1935 1 83
6890 1916 2 74
1789 1997 1 24
3171 1953 2 80
8118 1969 1 71
5832 1949 3 28
3672 1989 3 4
3259 1985 2 74
2685 1928 1 52
5345 1990 2 39
7672 1920 1 18
4164 1974 1 77
7262 1977 2 33
5129 1962 1 66
1900 1925 2 57
2857 1996 3 91
7895 1973 3 56
8961 1951 3 88
6083 1938 2 1
4581 1999 1 81
1566 1947 1 90
1281 1998 2 7
8651 1982 2 35
4038 1975 3 11
1911 1908 2 99
757 1945 1 89
4472 1972 1 2
769 1913 3 65
3042 1968 2 11
1756 1907 3 39
6980 1981 1 19
7016 1902 3 45
9981 1992 3 2
8748 1993 1 23
5977 1919 2 93
3259 1985 3 7
2751 1932 1 63
6255 1954 2 2
4627 1941 2 52
7016 1902 2 89
5345 1990 1 73
530 1927 3 12
1630 1960 1 19
9423 1917 3 51
4581 1999 2 19
7672 1920 3 79
3366 1967 3 32
470 2000 2 26
7289 1958 1 46
4980 1930 2 32
1043 1937 2 2
115 1950 2 22
7220 1923 2 99
7895 1973 2 10
8748 1993 2 14
3923 1963 2 32
6639 1980 2 44
8152 1955 3 17
4955 1931 1 11
7840 1956 3 94
4991 1918 2 88
2981 1924 2 93
2058 1939 1 85
6668 1952 2 72
1630 1960 3 94
5727 1921 3 79
1934 1983 1 71
9174 1961 2 4
2919 1971 3 16
5689 1987 1 49
530 1927 2 88
2622 1995 2 4
2857 1996 2 57
8961 1951 2 10
4980 1930 1 97
393 1934 1 15
6248 1970 3 22
2800 1986 3 65
536 1922 2 38
4093 1988 3 4
3042 1968 3 39
5991 1906 1 59
8651 1982 1 69
4955 1931 2 15
4589 1957 2 88
3455 1903 3 11
4093 1988 2 39
2622 1995 1 78
9736 1940 3 33
1199 1946 3 66
1911 1908 3 11
393 1934 3 61
9334 1965 3 43
2685 1928 3 6
128 1935 3 76
902 1912 2 30
5895 1933 2 38
9761 1905 3 97
9761 1905 2 44
4627 1941 1 35
2751 1932 2 11
3259 1985 1 40
4627 1941 3 0
1281 1998 1 2
3463 1948 3 70
2919 1971 2 44
9334 1965 2 52
9334 1965 1 77
6890 1916 1 58
4038 1975 1 12
7068 1915 3 96
5832 1949 1 72
8373 1901 2 29
228 1904 3 5
5991 1906 3 53
4606 1909 2 75
1911 1908 1 55
7312 1944 1 89
9423 1917 1 12
4589 1957 1 11
7068 1915 1 15
9174 1961 1 34
769 1913 1 78
530 1927 1 36
3923 1963 3 25
3516 1991 1 79
7312 1944 2 51
7289 1958 2 34
2800 1986 1 20
2981 1924 3 79
1566 1947 3 94
1566 1947 2 20
9571 1942 1 81
1281 1998 3 24
5727 1921 1 74
1560 1914 2 45
1756 1907 1 54
4980 1930 3 74
7795 1936 1 79
8373 1901 1 12
2058 1939 2 93
8118 1969 3 43
4038 1975 2 42
643 1978 2 29
8152 1955 2 36
5991 1906 2 90
9174 1961 3 19
4200 1976 2 43
6248 1970 1 28
4955 1931 3 8
1049 1943 3 59
3672 1989 2 91
1049 1943 1 57
2664 2010 1 7
5302 2043 1 67
3873 2065 2 4
4932 2079 1 49
8833 2099 3 65
3545 2042 3 11
2578 2033 3 59
1811 2035 3 1
1372 2057 3 12
1177 2062 3 33
5554 2066 3 44
9346 2084 3 80
2578 2033 2 95
9279 2018 1 29
9279 2018 3 79
4729 2026 1 76
3545 2042 1 70
3554 2071 1 23
9056 2089 3 12
9488 2027 2 78
9529 2011 3 0
5554 2066 1 3
2509 2090 3 59
82 2086 3 86
298 2061 2 27
2219 2052 1 84
9961 2023 2 78
8021 2017 3 70
2006 2054 3 40
5554 2066 2 33
6276 2082 2 89
2773 2078 1 11
2503 2024 3 94
347 2025 1 93
3447 2040 1 84
6074 2013 1 71
103 2055 3 44
9961 2023 1 7
1377 2002 1 42
3821 2029 1 26
3857 2095 3 61
938 2045 2 8
7586 2083 2 49
938 2045 3 17
8021 2017 1 16
5805 2051 2 60
5736 2100 1 84
4932 2079 2 77
9224 2092 1 14
3809 2053 1 55
3850 2064 2 36
9488 2027 1 48
5245 2032 3 18
4528 2047 1 37
3317 2012 1 20
5390 2008 1 8
4092 2007 2 28
9043 2006 2 80
3438 2096 1 1
2219 2052 2 97
2448 2038 3 8
4607 2059 1 98
2362 2021 3 98
3447 2040 3 38
2113 2091 3 61
1888 2056 1 19
738 2041 3 22
3389 2069 3 13
4391 2030 2 8
3545 2042 2 54
4860 2050 3 20
2006 2054 1 93
3152 2009 3 87
82 2086 2 93
4996 2067 1 5
3903 2034 1 82
825 2044 3 59
772 2001 1 93
5390 2008 3 96
9529 2011 2 72
4279 2005 3 83
3873 2065 1 22
3809 2053 3 48
6740 2036 2 72
9043 2006 1 84
8670 2037 2 46
8538 2019 3 59
3857 2095 2 37
261 2081 2 15
9224 2092 2 64
825 2044 2 37
1646 2080 3 78
938 2045 1 21
9346 2084 1 7
4721 2068 2 52
5500 2022 2 34
3438 2096 2 58
4996 2067 2 65
7352 2004 3 31
4607 2059 2 33
5486 2076 3 87
7485 2028 3 68
565 2088 3 54
8483 2085 1 98
5245 2032 1 70
9764 2093 1 72
9427 2015 3 88
3821 2029 2 2
4092 2007 3 28
8833 2099 2 21
4996 2067 3 9
9224 2092 3 6
1372 2057 2 76
6740 2036 3 82
9532 2087 2 46
2503 2024 1 22
5932 2046 1 48
9488 2027 3 53
168 2073 1 69
8108 2016 3 39
2773 2078 2 24
5736 2100 2 2
8108 2016 2 78
9038 2014 3 23
9056 2089 2 59
4721 2068 1 86
8670 2037 1 93
298 2061 1 55
2664 2010 2 16
4860 2050 1 14
5383 2072 2 84
1372 2057 1 15
5736 2100 3 7
5988 2039 3 93
9764 2093 2 45
6743 2074 2 0
9778 2049 3 13
772 2001 2 68
103 2055 2 18
5302 2043 2 11
884 2077 3 11
4279 2005 2 26
3753 2058 3 87
2448 2038 2 100
3821 2029 3 6
9977 2003 3 52
3554 2071 2 77
3809 2053 2 23
3389 2069 2 35
5932 2046 2 2
4729 2026 3 40
3903 2034 2 67
5302 2043 3 62
3593 2063 1 9
347 2025 3 91
3850 2064 3 96
261 2081 3 77
8450 2031 2 87
6743 2074 3 95
6740 2036 1 89
3152 2009 2 39
1888 2056 3 27
168 2073 3 37
9279 2018 2 18
4391 2030 3 95
9529 2011 1 76
565 2088 2 46
825 2044 1 25
4860 2050 2 56
6276 2082 3 38
9038 2014 2 67
1888 2056 2 20
9043 2006 3 80
8009 2020 2 69
4518 2075 1 21
4528 2047 2 25
2509 2090 1 84
6743 2074 1 29
969 2060 3 27
2150 2048 1 31
5500 2022 1 92
3438 2096 3 52
6276 2082 1 23
3317 2012 3 25
1377 2002 2 35
1177 2062 2 65
7352 2004 1 89
2006 2054 2 88
8450 2031 1 22
5486 2076 2 70
738 2041 2 100
2150 2048 2 64
565 2088 1 7
3873 2065 3 99
8009 2020 1 95
6074 2013 3 74
4729 2026 2 42
2664 2010 3 62
9056 2089 1 97
8670 2037 3 57
5902 2098 3 11
261 2081 1 97
9764 2093 3 65
8009 2020 3 14
738 2041 1 41
7898 2094 3 0
3903 2034 3 63
969 2060 2 51
298 2061 3 18
8450 2031 3 45
7485 2028 2 88
2448 2038 1 32
9977 2003 1 1
5805 2051 3 90
8021 2017 2 49
9778 2049 1 20
168 2073 2 16
4279 2005 1 39
5245 2032 2 17
347 2025 2 3
5902 2098 1 91
3857 2095 1 50
5500 2022 3 87
8538 2019 1 57
7485 2028 1 74
4721 2068 3 59
2113 2091 2 57
551 2097 1 13
9427 2015 2 90
3389 2069 1 74
103 2055 1 77
9346 2084 2 84
9778 2049 2 61
551 2097 2 72
4607 2059 3 35
4092 2007 1 98
5988 2039 2 7
9977 2003 2 81
6569 2070 2 94
3850 2064 1 69
884 2077 1 25
551 2097 3 38
5932 2046 3 61
1646 2080 1 6
9038 2014 1 92
8833 2099 1 25
9532 2087 3 58
4932 2079 3 89
884 2077 2 57
9961 2023 3 79
6074 2013 2 70
7586 2083 3 71
6569 2070 1 75
3317 2012 2 21
2113 2091 1 21
9427 2015 1 47
5486 2076 1 94
3753 2058 2 50
4528 2047 3 84
9532 2087 1 16
82 2086 1 68
3447 2040 2 91
3554 2071 3 73
2509 2090 2 56
5390 2008 2 36
1646 2080 2 34
3593 2063 2 63
2362 2021 2 64
3753 2058 1 52
4391 2030 1 40
3152 2009 1 57
4518 2075 2 51
1811 2035 2 40
5383 2072 1 61
1177 2062 1 72
8108 2016 1 3
7586 2083 1 0
5902 2098 2 11
2219 2052 3 81
2773 2078 3 45
8538 2019 2 65
5383 2072 3 78
5805 2051 1 59
7898 2094 1 5
5988 2039 1 50
2362 2021 1 78
8483 2085 2 19
7352 2004 2 63
772 2001 3 66
6569 2070 3 76
7898 2094 2 12
969 2060 1 22
2150 2048 3 65
1377 2002 3 60
2503 2024 2 42
1811 2035 1 27
4518 2075 3 80
2578 2033 1 49
8483 2085 3 18
3593 2063 3 39
6260 2111 2 34
9631 2189 3 83
188 2156 3 21
7796 2162 1 41
6876 2196 2 38
9932 2184 3 46
7796 2162 3 51
2853 2114 2 9
5201 2121 1 46
236 2113 1 19
3611 2179 3 86
7932 2190 1 81
8334 2144 2 51
4386 2135 2 95
1233 2161 2 70
5 2187 1 13
5085 2150 2 24
7133 2182 3 35
7796 2162 2 48
3325 2167 3 94
9932 2184 2 94
7199 2181 1 67
3611 2179 2 70
6174 2168 1 35
7316 2115 2 27
4352 2119 2 4
3659 2192 3 10
7250 2178 3 48
2853 2114 3 90
6174 2168 2 79
3887 2198 3 9
8689 2109 1 33
4064 2105 3 42
3937 2101 3 81
6176 2174 2 30
1746 2194 1 64
5871 2199 3 76
7998 2102 1 93
7461 2143 1 76
9821 2164 3 78
5219 2118 2 44
5747 2158 1 86
8762 2154 1 7
5465 2129 1 35
2853 2114 1 21
1233 2161 1 80
9884 2103 3 41
9821 2164 1 64
9973 2138 2 15
992 2117 2 55
7932 2153 1 47
9090 2123 2 83
4064 2105 1 10
7133 2182 1 15
9900 2176 2 0
6786 2188 2 46
3729 2142 3 18
4835 2149 3 5
8155 2148 1 75
9090 2123 3 3
6176 2174 3 58
3335 2126 3 45
5415 2151 1 18
1233 2161 3 46
1746 2194 2 60
6703 2170 3 2
1417 2145 2 32
236 2113 2 92
2510 2140 1 59
4499 2106 1 16
8973 2139 2 47
136 2141 2 91
9973 2138 1 23
7580 2165 3 30
9900 2176 3 7
382 2159 1 43
5 2187 3 38
4408 2183 2 69
5219 2118 3 12
4386 2135 1 66
1509 2127 1 60
5698 2125 1 31
8155 2148 3 2
9310 2177 3 5
6786 2188 1 65
8689 2109 3 70
3589 2180 3 74
7004 2193 1 95
6176 2174 1 40
2965 2157 3 64
4835 2149 1 19
7461 2143 3 42
8689 2109 2 63
8973 2139 1 64
5415 2151 2 83
6876 2196 3 64
4732 2152 2 6
9090 2123 1 15
710 2108 3 61
1509 2127 3 81
7813 2163 3 47
2510 2140 3 39
4408 2183 3 31
9532 2110 3 85
9631 2189 1 77
6703 2170 2 38
8100 2186 3 6
1746 2194 3 4
7520 2160 2 43
7049 2185 2 41
3611 2179 1 96
7461 2143 2 58
4352 2119 3 85
9884 2103 2 50
6993 2132 1 6
3325 2167 2 23
8996 2116 1 6
9884 2103 1 40
474 2133 3 69
7503 2197 1 11
3335 2126 2 2
6786 2188 3 24
5440 2131 2 60
5543 2120 2 42
710 2108 1 84
7580 2165 1 36
5698 2125 2 72
9973 2138 3 20
8879 2191 2 49
8334 2144 3 46
8245 2155 2 12
1001 2128 1 88
1001 2128 2 9
8334 2144 1 14
7133 2182 2 42
7316 2115 3 86
4499 2106 3 51
474 2133 1 1
7520 2160 1 43
4064 2105 2 83
416 2172 3 17
5465 2129 2 57
7813 2163 1 63
382 2159 3 88
5543 2120 3 64
8762 2154 2 41
7932 2190 2 64
188 2156 2 97
3589 2180 2 60
8762 2154 3 14
2965 2157 1 62
3840 2107 1 56
7813 2163 2 24
663 2137 2 74
8245 2155 3 15
1001 2128 3 76
3479 2147 1 83
6260 2111 1 16
5085 2150 3 64
2225 2124 3 54
8726 2195 1 46
1417 2145 3 28
5465 2129 3 30
356 2169 3 39
7316 2115 1 32
6703 2170 1 37
9932 2184 1 21
7932 2153 3 40
4699 2122 2 93
3191 2136 3 62
6260 2111 3 48
3625 2146 1 25
1417 2145 1 70
3116 2134 2 22
5415 2151 3 68
6658 2130 2 95
49 2112 3 6
992 2117 3 34
4699 2122 1 95
7004 2193 2 84
5440 2131 3 71
3116 2134 3 70
4499 2106 2 33
5747 2158 3 88
4835 2149 2 0
6174 2168 3 100
3840 2107 2 3
3191 2136 1 10
3589 2180 1 0
8100 2186 2 81
3335 2126 1 33
7250 2178 1 90
2488 2200 1 72
7503 2197 2 70
6658 2130 1 43
5871 2199 2 21
8100 2186 1 85
7049 2185 3 40
7774 2175 2 83
5935 2166 2 90
4408 2183 1 46
5 2187 2 50
4425 2104 1 80
8343 2173 2 6
7520 2160 3 33
7998 2102 3 10
8343 2173 1 19
7998 2102 2 47
3937 2101 1 74
7199 2181 2 93
7932 2153 2 30
9532 2110 1 61
5219 2118 1 16
3625 2146 2 67
3116 2134 1 86
2510 2140 2 22
474 2133 2 48
5201 2121 2 2
4425 2104 3 15
992 2117 1 46
8245 2155 1 97
5085 2150 1 31
3729 2142 2 40
3625 2146 3 73
3659 2192 2 17
7932 2190 3 14
6993 2132 3 31
256 2171 2 1
9900 2176 1 61
5543 2120 1 78
3479 2147 2 33
256 2171 1 29
8343 2173 3 88
236 2113 3 70
7199 2181 3 59
7049 2185 1 38
5747 2158 2 89
7250 2178 2 27
6876 2196 1 85
8879 2191 1 24
6993 2132 2 51
7774 2175 3 38
4732 2152 3 64
9631 2189 2 76
9310 2177 1 99
3729 2142 1 6
8879 2191 3 3
4732 2152 1 34
7503 2197 3 53
663 2137 1 9
2965 2157 2 5
9310 2177 2 78
5871 2199 1 71
6658 2130 3 9
3887 2198 2 87
49 2112 2 78
710 2108 2 84
9821 2164 2 99
136 2141 1 27
3325 2167 1 97
5698 2125 3 13
4699 2122 3 35
4386 2135 3 17
4352 2119 1 38
356 2169 1 77
49 2112 1 27
7004 2193 3 10
356 2169 2 46
8973 2139 3 69
7774 2175 1 70
3479 2147 3 55
5935 2166 3 74
8996 2116 3 90
7580 2165 2 59
416 2172 2 43
2488 2200 3 92
3659 2192 1 35
5935 2166 1 66
382 2159 2 71
3191 2136 2 73
2488 2200 2 95
5440 2131 1 66
2225 2124 1 41
8726 2195 2 83
188 2156 1 38
3937 2101 2 47
2225 2124 2 99
3840 2107 3 99
8726 2195 3 33
5201 2121 3 81
663 2137 3 73
8155 2148 2 31
3887 2198 1 47
4425 2104 2 43
9532 2110 2 91
416 2172 1 82
136 2141 3 28
256 2171 3 18
8996 2116 2 52
1509 2127 2 46
9767 2227 1 48
6012 2268 3 60
9382 2274 3 15
2513 2234 3 73
9976 2209 3 45
1267 2206 2 80
953 2247 1 0
585 2284 1 39
8891 2210 2 97
2361 2273 2 33
7295 2276 1 4
7271 2217 1 75
5238 2294 1 49
4991 2255 1 51
5880 2261 3 16
8940 2236 2 75
8703 2271 2 53
1267 2206 3 86
6012 2268 1 72
1401 2288 1 71
4072 2275 1 96
7331 2300 1 49
9608 2267 2 59
5015 2296 3 99
1487 2251 1 82
5993 2259 2 80
5999 2220 1 87
2811 2264 1 80
3394 2201 1 23
3368 2240 1 51
1222 2213 3 26
3126 2214 2 65
1438 2232 3 4
6683 2287 2 10
4952 2207 3 9
6221 2230 1 42
8504 2286 1 57
4528 2229 3 57
3718 2295 2 41
9998 2221 1 70
9832 2291 2 79
9719 2205 3 16
3567 2265 2 36
1027 2278 2 76
5467 2266 1 71
993 2282 2 39
9767 2227 2 51
402 2223 1 83
5340 2235 2 3
4308 2283 2 88
3368 2240 2 8
7295 2276 2 75
7935 2242 2 26
5340 2235 1 61
3762 2238 3 37
654 2204 2 99
5040 2244 3 90
9998 2221 2 53
2188 2215 2 7
5077 2252 2 79
3762 2238 1 51
8804 2250 1 38
2326 2289 2 66
2326 2289 1 51
9719 2205 2 82
8805 2292 3 25
1438 2232 1 32
8898 2299 2 39
1722 2270 3 62
8177 2298 1 99
7935 2242 1 40
1898 2297 2 17
4528 2229 2 22
2629 2263 2 15
9608 2267 3 13
2775 2202 1 82
3782 2262 1 11
8177 2298 3 41
6221 2230 2 35
2188 2215 3 71
5194 2224 2 77
6221 2230 3 64
6965 2256 1 11
7331 2300 2 36
5783 2226 2 27
5447 2231 2 1
7581 2219 1 56
1487 2251 2 19
9608 2267 1 7
5194 2224 1 33
3190 2222 1 13
4086 2211 2 19
5999 2220 2 14
993 2282 1 73
3867 2248 1 21
8898 2299 3 73
5194 2224 3 66
3190 2222 2 3
3922 2280 1 42
4780 2225 1 67
9976 2209 2 30
2024 2245 1 67
2811 2264 3 68
4991 2255 2 57
9416 2254 2 5
1027 2278 3 32
993 2282 3 86
5815 2279 2 64
8805 2292 1 86
724 2272 2 4
4854 2216 2 33
5467 2266 2 40
9832 2291 1 50
6145 2237 1 8
3922 2249 2 58
4952 2207 2 71
8326 2253 3 74
2326 2289 3 13
6145 2237 3 58
953 2247 2 88
5238 2294 3 27
423 2258 1 9
585 2284 3 19
5815 2279 1 7
4308 2283 3 60
2629 2263 1 54
4202 2243 3 22
5257 2228 2 0
8177 2298 2 54
8504 2286 2 48
9382 2274 2 46
402 2223 2 37
2791 2203 2 66
2775 2202 2 63
5685 2293 1 60
423 2258 3 89
1790 2257 1 62
9382 2274 1 26
7980 2239 3 60
4086 2211 3 41
3317 2241 3 25
5447 2231 1 36
1722 2270 1 81
654 2204 3 41
2188 2215 1 19
3560 2208 3 96
2361 2273 1 45
3030 2285 1 14
3762 2238 2 57
8326 2253 1 79
8891 2210 1 29
9047 2246 3 63
6012 2268 2 63
5880 2261 2 89
5880 2261 1 72
2791 2203 1 5
5685 2293 2 69
5015 2296 1 14
1790 2257 3 36
6045 2277 1 52
3718 2295 3 23
1012 2218 1 78
654 2204 1 83
3867 2248 3 55
7331 2300 3 82
5077 2252 3 98
3922 2280 2 28
2024 2245 2 83
8804 2250 3 57
6683 2287 1 65
8804 2250 2 21
8705 2281 3 90
1722 2270 2 3
3718 2295 1 27
6045 2277 2 85
9767 2227 3 67
8326 2253 2 6
3567 2265 3 97
5040 2244 2 10
8908 2260 3 49
5340 2235 3 35
9832 2291 3 69
5685 2293 3 44
1027 2278 1 72
5257 2228 3 28
6683 2287 3 13
7980 2239 2 50
4072 2275 2 41
7935 2242 3 52
953 2247 3 26
5783 2226 3 88
891 2269 3 18
9047 2246 2 47
2361 2273 3 72
3190 2222 3 50
6965 2256 2 40
8898 2299 1 92
8504 2286 3 61
3867 2248 2 78
1267 2206 1 55
724 2272 3 75
9416 2254 3 75
2513 2234 2 46
2791 2203 3 40
4202 2243 2 86
5015 2296 2 48
2775 2202 3 14
891 2269 2 10
4780 2225 2 21
5993 2259 3 24
7581 2219 3 37
3782 2262 2 59
891 2269 1 9
3402 2212 3 43
3106 2290 2 32
3030 2285 3 24
1222 2213 1 63
3782 2262 3 84
5467 2266 3 57
3394 2201 2 32
3126 2214 1 13
1012 2218 3 55
3560 2208 1 100
3922 2280 3 61
3560 2208 2 14
4952 2207 1 81
402 2223 3 95
6965 2256 3 64
5040 2244 1 83
3317 2241 1 66
3106 2290 1 28
3402 2212 2 30
8705 2281 2 97
9719 2205 1 21
4854 2216 3 55
7980 2239 1 42
3368 2240 3 19
1487 2251 3 62
8908 2260 1 77
2024 2245 3 75
8908 2260 2 17
3317 2241 2 40
8940 2236 1 59
423 2258 2 53
9998 2221 3 45
1401 2288 3 25
8703 2271 1 47
4202 2243 1 86
1012 2218 2 87
1898 2297 3 83
1438 2232 2 27
4086 2211 1 20
3394 2201 3 46
9047 2246 1 11
3922 2249 1 9
9105 2233 1 87
7581 2219 2 16
3922 2249 3 78
2629 2263 3 21
6145 2237 2 94
8705 2281 1 95
5993 2259 1 24
4780 2225 3 6
8940 2236 3 83
5999 2220 3 51
4991 2255 3 36
9976 2209 1 50
7295 2276 3 27
5238 2294 2 66
5257 2228 1 68
8703 2271 3 28
9105 2233 3 51
3126 2214 3 68
8805 2292 2 1
1790 2257 2 21
3567 2265 1 4
7271 2217 2 51
4072 2275 3 79
3030 2285 2 92
5447 2231 3 71
585 2284 2 77
8891 2210 3 87
9416 2254 1 73
4308 2283 1 23
1222 2213 2 75
3402 2212 1 72
2811 2264 2 28
2513 2234 1 35
3106 2290 3 100
4854 2216 1 4
5077 2252 1 22
6045 2277 3 47
7271 2217 3 25
1898 2297 1 21
5815 2279 3 39
5783 2226 1 26
1401 2288 2 23
9105 2233 2 96
724 2272 1 5
4528 2229 1 28
9347 2311 3 13
400 2346 2 62
6529 2309 1 54
6852 2364 1 81
3963 2317 3 30
9066 2351 3 22
1528 2303 1 18
5180 2310 3 22
8263 2353 1 5
9066 2351 2 20
2595 2369 1 49
1052 2327 2 20
6852 2364 2 85
5926 2349 3 7
7440 2344 1 40
3630 2343 2 61
3317 2308 2 59
7625 2341 1 82
6529 2309 3 88
400 2346 1 88
9066 2351 1 40
1052 2327 1 41
7199 2400 3 59
384 2371 3 96
6539 2376 1 51
1098 2316 1 62
7225 2387 2 38
3576 2393 1 54
7349 2334 2 9
4404 2312 2 7
9567 2302 1 60
1037 2352 1 78
8520 2326 3 42
7359 2363 3 7
8038 2345 3 89
7367 2335 2 20
2822 2358 2 60
7818 2337 1 49
7818 2337 3 34
5610 2354 1 93
8520 2326 2 49
7040 2320 2 85
5125 2380 3 38
5643 2331 1 5
9209 2357 1 82
3144 2340 1 90
6289 2324 1 48
4330 2314 3 87
7556 2384 3 93
2822 2358 3 85
1745 2386 1 83
655 2382 1 32
4146 2398 3 23
8520 2326 1 59
4427 2332 2 98
7113 2397 1 41
1164 2379 1 47
1037 2352 3 100
7225 2387 3 47
4295 2342 2 38
3692 2372 3 51
9567 2302 2 21
4994 2304 3 74
1780 2375 1 19
5760 2370 3 35
8085 2330 1 60
6240 2356 2 14
1745 2386 3 60
6872 2347 1 50
7199 2400 1 68
6248 2366 2 10
9209 2357 3 57
7607 2388 2 9
7359 2363 1 34
2822 2358 1 91
2426 2313 3 78
7367 2335 1 99
7199 2400 2 21
5192 2319 2 37
4330 2314 1 12
5926 2349 2 63
9450 2322 2 67
9209 2357 2 19
9065 2360 3 31
8051 2333 2 55
5125 2380 1 52
7625 2341 2 87
7002 2315 2 98
8377 2338 1 29
2186 2355 3 46
6572 2378 1 96
7440 2344 2 5
3692 2372 2 39
655 2382 3 11
2595 2369 3 2
7349 2334 3 1
6549 2390 3 75
8038 2345 1 19
3630 2343 3 90
4404 2312 3 94
1164 2379 3 91
2033 2395 3 40
8937 2391 1 19
1528 2303 3 30
5180 2310 2 58
6852 2364 3 6
6572 2378 2 58
4146 2398 1 64
1699 2368 3 91
3144 2340 3 41
7359 2363 2 88
6005 2336 2 37
512 2367 1 60
1780 2375 2 52
655 2382 2 41
4404 2312 1 58
8907 2323 3 49
7607 2388 3 46
6539 2376 2 81
9347 2311 2 89
7040 2320 1 100
2033 2395 1 55
5125 2380 2 11
6240 2356 1 10
9575 2383 2 83
4295 2342 1 96
3576 2393 3 57
7927 2321 1 75
6872 2347 2 76
7217 2394 2 57
3368 2359 2 60
7927 2321 2 7
1669 2381 1 88
2426 2313 1 47
4994 2304 1 61
1500 2373 1 88
8831 2385 3 60
8377 2338 2 1
6572 2378 3 53
2437 2392 3 14
7217 2394 3 55
2374 2307 2 79
4330 2314 2 62
5300 2389 2 28
2033 2395 2 62
2804 2339 3 47
6938 2348 1 84
6884 2362 1 50
5300 2389 1 30
4520 2396 1 59
2804 2339 2 70
2437 2392 2 77
1164 2379 2 9
1699 2368 1 14
6289 2324 2 85
1998 2305 2 23
9804 2377 2 89
6877 2374 2 97
4520 2396 3 85
2437 2392 1 88
6887 2365 1 78
1780 2375 3 39
1669 2381 2 38
4429 2350 2 31
1688 2329 1 34
1052 2327 3 30
2804 2339 1 18
9804 2377 3 38
4427 2332 1 42
1072 2328 2 93
8506 2399 1 37
6872 2347 3 99
8085 2330 2 2
3630 2343 1 70
9804 2377 1 47
4427 2332 3 1
5610 2354 2 22
6248 2366 1 10
1669 2381 3 45
1688 2329 3 93
6549 2390 1 79
6549 2390 2 98
9575 2383 3 50
400 2346 3 99
7002 2315 3 5
9575 2383 1 25
2186 2355 2 47
512 2367 2 22
9347 2311 1 69
1528 2303 2 23
1745 2386 2 6
1098 2316 2 20
1500 2373 3 80
8506 2399 3 94
8992 2318 3 43
9567 2302 3 26
3317 2308 1 5
6730 2306 2 31
2855 2325 2 41
6877 2374 3 95
8907 2323 1 67
8831 2385 2 87
4962 2301 2 62
7367 2335 3 85
6539 2376 3 61
512 2367 3 85
8085 2330 3 60
6240 2356 3 91
5760 2370 1 26
1072 2328 1 88
8038 2345 2 84
6730 2306 3 96
8937 2391 2 87
6938 2348 3 51
6615 2361 2 21
7113 2397 2 40
3963 2317 2 34
4962 2301 1 14
4962 2301 3 7
8506 2399 2 87
4146 2398 2 22
1500 2373 2 68
1037 2352 2 38
3576 2393 2 97
1688 2329 2 85
8263 2353 2 67
3963 2317 1 44
6005 2336 3 42
7040 2320 3 23
1072 2328 3 30
6887 2365 3 18
6877 2374 1 29
6615 2361 3 41
2595 2369 2 16
6005 2336 1 48
4994 2304 2 5
8992 2318 1 79
9450 2322 3 66
7607 2388 1 23
5643 2331 2 24
8051 2333 3 79
384 2371 2 44
7440 2344 3 21
1998 2305 3 75
6730 2306 1 18
9065 2360 2 98
8263 2353 3 45
7556 2384 1 78
4429 2350 3 11
6938 2348 2 59
2855 2325 1 7
1998 2305 1 20
5643 2331 3 47
4429 2350 1 6
3368 2359 1 96
8377 2338 3 95
5926 2349 1 20
3692 2372 1 84
2374 2307 3 9
9450 2322 1 70
7002 2315 1 95
6884 2362 2 1
1699 2368 2 2
8051 2333 1 25
8907 2323 2 85
2855 2325 3 69
6248 2366 3 57
7556 2384 2 27
7818 2337 2 84
8992 2318 2 22
5180 2310 1 84
6529 2309 2 66
3144 2340 2 23
6615 2361 1 49
7217 2394 1 89
8937 2391 3 47
4520 2396 2 26
5192 2319 3 96
2186 2355 1 49
5192 2319 1 19
5610 2354 3 70
5760 2370 2 95
7927 2321 3 57
1098 2316 3 91
7625 2341 3 53
3368 2359 3 49
6289 2324 3 97
7113 2397 3 3
6887 2365 2 16
7349 2334 1 21
2374 2307 1 74
4295 2342 3 48
384 2371 1 14
9065 2360 1 4
2426 2313 2 45
7225 2387 1 32
3317 2308 3 5
6884 2362 3 88
8831 2385 1 81
5300 2389 3 83
1715 2491 3 13
6290 2401 1 82
6419 2437 2 100
436 2403 1 90
4501 2496 2 62
1332 2471 3 3
5341 2407 3 52
6223 2449 1 96
518 2433 2 85
1950 2442 3 85
3481 2459 2 7
9378 2452 3 15
7663 2418 3 14
456 2411 3 56
7678 2465 3 0
429 2475 3 28
518 2433 1 65
8413 2464 2 77
4563 2472 2 15
3726 2495 1 45
8896 2402 2 70
5825 2492 2 20
605 2424 3 87
1508 2427 1 67
9492 2450 3 79
8818 2483 3 71
8818 2483 1 64
8852 2421 2 55
3805 2412 3 8
4742 2498 3 53
4742 2498 2 58
6140 2476 1 81
20 2414 2 58
2780 2426 1 80
5320 2484 3 15
4194 2423 3 31
4510 2440 1 0
5595 2439 2 59
6290 2401 3 85
9640 2410 3 39
20 2414 1 24
4639 2420 3 45
8331 2493 1 23
9311 2497 3 26
4717 2444 2 59
9598 2415 3 37
4214 2435 2 7
3688 2441 2 69
3726 2495 2 74
9492 2450 2 21
5273 2409 2 82
4709 2456 3 80
5341 2407 2 75
1874 2408 1 26
5273 2409 3 65
169 2499 3 23
5208 2429 1 53
9762 2455 3 81
9701 2434 2 86
821 2432 3 94
6223 2449 3 11
6314 2451 3 67
169 2499 1 59
9311 2497 1 35
1508 2427 3 37
7663 2418 2 8
8345 2448 3 11
8331 2493 3 48
7515 2438 2 52
7654 2463 1 80
8954 2446 2 13
1715 2491 1 72
3481 2459 1 33
1913 2425 1 73
4717 2444 3 53
1615 2436 1 57
6140 2476 3 72
3431 2445 3 83
3431 2445 1 0
1874 2408 3 100
1351 2467 3 11
552 2490 2 16
4782 2480 2 85
5130 2469 3 51
7142 2428 1 82
7438 2474 3 48
7610 2479 3 59
6035 2461 2 67
3608 2485 3 10
605 2424 1 5
4782 2480 3 30
4983 2417 3 33
5829 2430 3 7
260 2494 2 50
3805 2412 1 38
504 2422 1 57
5598 2458 1 86
3672 2453 3 40
4782 2480 1 73
821 2432 2 39
8331 2493 2 98
8725 2489 3 2
1677 2443 2 40
5829 2430 1 18
6035 2461 1 70
2520 2482 2 22
5595 2439 1 77
9598 2415 2 19
8418 2470 2 22
1913 2425 3 6
6419 2437 3 82
5650 2486 2 80
4501 2496 1 88
4026 2457 3 19
9640 2410 2 18
5341 2407 1 31
544 2404 3 17
8818 2483 2 39
4809 2478 3 46
456 2411 1 61
9889 2413 3 44
504 2422 3 14
504 2422 2 51
1321 2454 3 13
1351 2467 1 69
8896 2402 1 27
9592 2406 2 18
4510 2440 3 20
4194 2423 1 5
1615 2436 2 43
9897 2419 1 78
5545 2487 1 8
6314 2451 1 4
6694 2460 2 25
4414 2468 2 62
6694 2460 3 2
1332 2471 2 32
9598 2415 1 68
821 2432 1 65
8725 2489 2 74
4639 2420 1 18
5650 2486 3 36
7438 2474 1 28
9395 2473 2 17
7610 2479 2 8
260 2494 3 87
8954 2446 1 85
1913 2425 2 22
2037 2481 3 46
4809 2478 2 26
7438 2474 2 73
4414 2468 1 93
7142 2428 3 38
9592 2406 3 19
9395 2473 3 63
3481 2459 3 35
1229 2431 3 2
7654 2463 3 85
6035 2461 3 1
8852 2421 3 3
9492 2450 1 90
5545 2487 3 39
1351 2467 2 93
4809 2478 1 82
544 2404 1 27
9889 2413 1 44
544 2404 2 92
7142 2428 2 11
4414 2468 3 65
9897 2419 3 23
7654 2463 2 29
2520 2482 3 89
7515 2438 3 51
552 2490 3 72
613 2488 2 37
9889 2413 2 18
8153 2477 2 11
5545 2487 2 47
8418 2470 3 85
9378 2452 2 23
613 2488 1 61
436 2403 2 83
3481 2500 1 80
3688 2441 1 96
4501 2496 3 42
4888 2416 1 49
9196 2462 3 47
8413 2464 1 89
5320 2484 1 72
5273 2409 1 94
456 2411 2 46
2037 2481 2 69
8954 2446 3 66
8418 2470 1 97
5978 2466 2 90
5598 2458 2 59
1321 2454 2 84
4709 2456 2 51
8881 2447 3 52
3688 2441 3 94
4983 2417 1 32
1332 2471 1 82
1715 2491 2 64
1229 2431 2 54
552 2490 1 29
5650 2486 1 50
5978 2466 3 86
9701 2434 1 59
605 2424 2 38
8153 2477 3 96
1950 2442 2 14
7663 2418 1 64
3608 2485 2 68
7678 2465 2 1
4026 2457 1 53
4194 2423 2 13
429 2475 1 97
3481 2500 3 13
4709 2456 1 36
2780 2426 2 85
4026 2457 2 29
5829 2430 2 39
4983 2417 2 36
1874 2408 2 40
613 2488 3 3
5825 2492 3 98
8413 2464 3 86
9395 2473 1 9
8881 2447 2 4
5595 2439 3 96
6223 2449 2 44
2780 2426 3 56
1677 2443 1 44
2037 2481 1 7
2520 2482 1 35
75 2405 1 81
1508 2427 2 21
5598 2458 3 36
8852 2421 1 68
4888 2416 3 75
9701 2434 3 15
8345 2448 2 16
6140 2476 2 4
6419 2437 1 99
4639 2420 2 17
9196 2462 2 34
5978 2466 1 21
8896 2402 3 46
8153 2477 1 36
6694 2460 1 90
4742 2498 1 31
8345 2448 1 46
9640 2410 1 11
3481 2500 2 24
5825 2492 1 57
436 2403 3 47
5320 2484 2 43
5208 2429 2 98
1321 2454 1 75
4510 2440 2 8
4214 2435 1 24
5130 2469 2 49
260 2494 1 41
9897 2419 2 35
429 2475 2 34
4563 2472 3 46
1615 2436 3 91
4563 2472 1 43
7610 2479 1 74
1950 2442 1 88
8725 2489 1 77
3726 2495 3 37
6290 2401 2 45
9378 2452 1 81
5130 2469 1 36
3431 2445 2 10
3672 2453 1 17
9592 2406 1 97
20 2414 3 17
1229 2431 1 35
9762 2455 2 17
4888 2416 2 77
3608 2485 1 83
3805 2412 2 31
9311 2497 2 74
6314 2451 2 5
7515 2438 1 51
1677 2443 3 87
518 2433 3 45
7678 2465 1 94
169 2499 2 54
5208 2429 3 13
9196 2462 1 91
8881 2447 1 51
75 2405 2 11
9762 2455 1 65
4214 2435 3 22
75 2405 3 2
3672 2453 2 51
4717 2444 1 82
1026 2520 1 83
8577 2555 3 90
4779 2576 3 42
264 2563 3 62
2643 2566 2 62
715 2583 1 76
8689 2540 1 50
573 2541 3 69
4284 2531 3 94
4755 2547 2 61
8948 2508 2 10
8912 2579 1 26
3823 2596 3 1
709 2528 3 3
2800 2559 1 9
5337 2556 3 79
6943 2507 3 82
2643 2566 1 21
3526 2533 2 27
1846 2537 1 18
9318 2594 2 12
4922 2502 2 13
5420 2560 2 72
8967 2510 3 12
9841 2543 3 36
5945 2558 1 15
5455 2522 1 91
4922 2502 1 60
6109 2578 3 74
6109 2578 2 91
4539 2587 3 36
2357 2564 1 55
147 2530 1 3
7732 2597 1 4
573 2541 2 63
9116 2599 2 50
3616 2590 2 21
767 2553 1 40
7757 2549 1 46
2341 2546 2 3
8948 2508 3 50
7919 2586 3 100
2530 2589 2 70
8577 2555 1 83
5691 2598 2 41
2566 2517 3 100
5337 2556 1 52
2126 2565 2 61
7732 2597 2 48
1750 2501 3 61
2800 2559 3 33
1750 2501 2 54
2341 2546 1 75
6059 2538 1 90
6335 2509 2 58
8912 2579 2 44
9702 2544 3 46
3526 2533 1 5
7211 2514 1 40
7369 2557 2 47
127 2577 1 71
2643 2566 3 79
9558 2503 1 79
3356 2554 3 89
1170 2572 2 70
8388 2536 1 4
7757 2549 2 32
5348 2545 2 9
571 2515 3 44
7756 2504 1 45
2341 2546 3 53
1936 2595 2 11
3623 2573 1 77
5874 2552 2 30
3623 2573 3 14
6015 2550 3 11
9841 2543 1 43
6758 2539 3 48
2566 2517 1 28
4284 2531 2 15
4755 2547 1 5
8912 2579 3 18
7757 2549 3 85
1026 2520 2 52
147 2530 3 52
2357 2564 3 29
2800 2559 2 65
5945 2558 3 31
3356 2554 1 64
5455 2522 2 80
7369 2557 1 24
4755 2547 3 10
7042 2505 2 39
8890 2519 1 11
486 2527 2 39
2530 2589 3 62
4906 2593 3 87
2840 2511 3 18
3348 2571 3 12
3823 2596 1 74
4539 2587 1 12
6619 2581 1 44
6456 2588 1 87
6943 2507 1 44
715 2583 2 30
8847 2562 2 82
6335 2509 1 74
1936 2595 1 85
2566 2517 2 42
1846 2537 3 4
8689 2540 2 53
6363 2561 3 11
1871 2592 3 95
767 2553 3 61
5530 2512 2 12
8388 2536 3 21
6456 2588 3 73
1022 2532 3 96
7233 2582 2 30
3823 2596 2 10
7864 2548 1 67
2840 2511 1 24
6943 2507 2 33
5337 2556 2 78
4375 2521 1 68
486 2527 1 75
6379 2518 1 31
7211 2514 3 89
1871 2592 2 32
8101 2575 3 36
5874 2552 3 23
1750 2501 1 72
1022 2532 1 92
3616 2590 3 24
486 2527 3 32
9116 2599 3 28
127 2577 2 73
8890 2519 2 46
9558 2503 3 6
8101 2575 1 98
7329 2542 3 57
1026 2520 3 44
1663 2525 2 14
2766 2585 3 88
9318 2594 1 5
9558 2503 2 96
2126 2565 3 80
8577 2555 2 16
4539 2587 2 74
573 2541 1 21
8689 2540 3 69
2530 2589 1 50
9094 2529 2 91
4985 2551 1 15
5691 2598 3 62
1693 2524 2 36
6619 2581 3 48
7567 2516 2 81
7919 2586 2 48
7329 2542 1 61
3616 2590 1 56
7567 2516 3 15
5945 2558 2 91
8847 2562 1 22
5720 2567 1 36
8456 2569 1 9
7756 2504 3 12
1304 2506 1 63
521 2526 1 23
6379 2518 3 45
1846 2537 2 78
5874 2552 1 29
8456 2569 3 34
3483 2574 1 21
127 2577 3 31
2126 2565 1 60
571 2515 1 42
4906 2593 1 81
4842 2570 2 78
3356 2554 2 28
1663 2525 3 50
4798 2591 2 78
8456 2569 2 89
5530 2512 1 17
8091 2568 2 62
4779 2576 1 1
2766 2585 2 89
5720 2600 1 31
5720 2567 3 66
9318 2594 3 11
521 2526 2 45
8388 2536 2 77
5720 2567 2 5
1170 2572 1 81
8890 2519 3 74
1871 2592 1 84
9702 2544 1 9
7329 2542 2 5
715 2583 3 94
4798 2591 1 84
9841 2543 2 22
4779 2576 2 62
6758 2539 2 4
4842 2570 1 40
3623 2573 2 55
8948 2508 1 72
3348 2571 2 35
7780 2584 1 28
2766 2585 1 95
7780 2584 2 78
2357 2564 2 21
3483 2574 3 33
6059 2538 3 63
709 2528 1 50
7919 2586 1 13
7042 2505 1 62
8499 2580 2 38
7211 2514 2 5
6456 2588 2 48
6015 2550 2 72
9116 2599 1 37
5530 2512 3 31
668 2513 3 88
1936 2595 3 46
8533 2535 1 95
9094 2529 3 19
8499 2580 1 3
976 2534 3 18
571 2515 2 99
7233 2582 1 44
5348 2545 3 54
6758 2539 1 6
8499 2580 3 96
8967 2510 1 55
976 2534 1 68
7732 2597 3 35
668 2513 2 96
7042 2505 3 84
1304 2506 3 84
7756 2504 2 40
147 2530 2 74
7233 2582 3 65
8091 2568 1 6
8101 2575 2 65
1693 2524 1 0
6379 2518 2 26
6619 2581 2 39
9702 2544 2 16
264 2563 1 6
1693 2524 3 54
8091 2568 3 9
9094 2529 1 26
8967 2510 2 46
7567 2516 1 32
4985 2551 3 2
6059 2538 2 28
709 2528 2 85
6682 2523 3 5
6682 2523 2 89
6363 2561 1 31
976 2534 2 37
6682 2523 1 12
8533 2535 3 73
4922 2502 3 49
668 2513 1 65
3483 2574 2 50
8533 2535 2 54
5691 2598 1 83
4798 2591 3 29
1304 2506 2 10
7864 2548 2 69
7864 2548 3 37
6109 2578 1 66
7780 2584 3 23
5720 2600 3 85
1022 2532 2 86
4284 2531 1 3
4375 2521 3 5
4375 2521 2 77
7369 2557 3 28
1663 2525 1 7
5420 2560 1 97
8847 2562 3 60
3348 2571 1 85
4985 2551 2 35
767 2553 2 14
5720 2600 2 81
264 2563 2 11
6363 2561 2 36
1170 2572 3 84
5348 2545 1 10
4842 2570 3 77
5455 2522 3 29
5420 2560 3 32
3526 2533 3 94
521 2526 3 20
6335 2509 3 25
6015 2550 1 33
2840 2511 2 47
4906 2593 2 32
8264 2637 3 59
7287 2666 3 53
5209 2648 1 49
1414 2695 3 28
4513 2678 3 25
4100 2629 1 40
9637 2647 3 92
185 2616 1 84
2696 2657 2 0
5616 2677 3 91
3023 2640 2 60
497 2619 3 73
4064 2633 2 77
7435 2655 3 64
9490 2617 3 5
6880 2608 3 70
6797 2613 3 6
8264 2637 2 99
1372 2668 3 61
5400 2626 3 22
7416 2682 3 56
3544 2664 1 87
2316 2614 2 93
2526 2642 2 16
185 2616 2 27
7017 2662 3 58
3296 2606 2 17
3554 2635 2 49
6139 2643 2 65
8754 2630 1 36
8812 2624 1 95
1646 2602 1 58
1680 2676 2 0
7419 2680 3 37
2754 2679 3 57
4064 2633 3 19
497 2619 2 70
3533 2621 1 44
1632 2660 2 27
3544 2664 2 65
2243 2665 1 56
4328 2612 1 95
1697 2671 3 25
7419 2680 1 53
1849 2607 3 77
5218 2651 3 57
2732 2653 2 38
2957 2656 1 25
2754 2679 1 12
7578 2615 3 16
2147 2694 1 62
3060 2650 1 67
6274 2652 2 12
2706 2601 2 37
5752 2672 1 66
6927 2627 3 4
8812 2624 2 72
8048 2649 3 29
2664 2634 2 30
4535 2623 3 68
3554 2635 3 54
4426 2685 3 61
3459 2636 1 64
5668 2675 1 20
4513 2678 1 45
9942 2620 1 21
7416 2682 2 8
1414 2695 2 68
2788 2697 2 79
9942 2620 3 84
5218 2651 1 93
8313 2609 1 48
6880 2608 2 29
5563 2699 1 28
4535 2623 1 25
2706 2601 3 61
6361 2696 1 94
6274 2652 1 89
2732 2653 3 12
7017 2662 1 70
7942 2628 3 98
6351 2674 1 95
6797 2613 1 60
5102 2683 2 59
5400 2626 1 75
7942 2628 2 16
9993 2663 3 61
1632 2660 1 31
941 2632 1 69
8085 2700 2 99
7091 2670 2 67
7645 2690 1 28
5037 2667 1 83
2696 2657 3 16
2445 2673 1 91
5563 2699 2 45
1697 2671 2 93
1849 2607 2 2
172 2638 2 48
2225 2687 3 12
4222 2684 1 55
3060 2650 3 60
6927 2627 1 23
4426 2685 2 74
4535 2623 2 82
5752 2672 3 54
2754 2679 2 91
9637 2647 1 14
9338 2603 2 58
3023 2640 3 38
7435 2655 1 38
6863 2654 2 24
3865 2669 1 11
1697 2671 1 40
4436 2689 3 73
4558 2681 3 63
5848 2658 2 92
8812 2624 3 21
2334 2644 2 7
2970 2693 2 73
2664 2634 3 13
5102 2683 1 5
4100 2629 3 46
2334 2644 3 77
3544 2664 3 94
5616 2677 1 91
3192 2611 3 62
1491 2659 2 94
1491 2659 3 45
2147 2694 2 9
7416 2682 1 38
80 2698 2 34
4558 2681 2 82
8313 2609 2 68
2034 2692 1 31
2445 2673 2 100
6185 2639 3 12
6863 2654 1 17
3357 2646 1 23
6880 2608 1 67
2526 2642 3 44
172 2638 1 4
8644 2618 3 85
4222 2684 2 83
8754 2630 3 82
5209 2648 2 78
7017 2662 2 0
5072 2688 3 85
7435 2655 2 92
4222 2684 3 9
4328 2612 2 71
7091 2670 1 37
5480 2691 1 76
9490 2617 1 100
8249 2610 3 69
2147 2694 3 98
4513 2678 2 90
8085 2700 1 77
5563 2699 3 62
2225 2687 2 46
8644 2618 2 54
7091 2670 3 48
9338 2603 3 41
9993 2663 1 58
4100 2629 2 77
2706 2601 1 64
5616 2677 2 13
172 2638 3 94
1680 2676 1 75
5218 2651 2 25
1525 2661 3 55
4994 2605 3 90
3296 2606 1 92
3403 2686 1 17
7578 2615 2 36
2957 2656 2 15
3192 2611 1 11
3554 2635 1 94
941 2632 2 70
3357 2646 3 81
2316 2614 3 30
9942 2620 2 29
4436 2689 2 8
3459 2636 2 17
2243 2665 3 47
1646 2602 3 5
7024 2604 2 97
9338 2603 1 13
3830 2645 2 8
2664 2634 1 100
5037 2667 3 72
3830 2645 3 20
2445 2673 3 29
3403 2686 2 29
5102 2683 3 84
2957 2656 3 39
5668 2675 2 98
8644 2618 1 34
6863 2654 3 94
6351 2674 3 48
3192 2611 2 51
7427 2641 1 52
5752 2672 2 2
4064 2633 1 28
6185 2639 2 100
7419 2680 2 99
1491 2659 1 77
8048 2649 2 45
5037 2667 2 21
7942 2628 1 9
7427 2641 2 23
2034 2692 2 76
3023 2640 1 82
7645 2690 3 24
5400 2626 2 75
2902 2625 2 41
2902 2625 3 14
5072 2688 2 32
2526 2642 1 39
2788 2697 1 12
6361 2696 3 78
3533 2621 2 73
185 2616 3 8
6351 2674 2 0
80 2698 1 63
6304 2631 2 63
1372 2668 2 79
6304 2631 1 21
5668 2675 3 73
7024 2604 3 51
7287 2666 1 25
3533 2621 3 2
1414 2695 1 68
4426 2685 1 24
8264 2637 1 35
6185 2639 1 43
3357 2646 2 96
3296 2606 3 90
941 2632 3 88
8754 2630 2 35
1372 2668 1 95
9637 2647 2 20
5209 2648 3 61
80 2698 3 85
7024 2604 1 18
7645 2690 2 67
1646 2602 2 87
2788 2697 3 0
3060 2650 2 61
7578 2615 1 23
6361 2696 2 22
6139 2643 3 48
2034 2692 3 27
7427 2641 3 71
1525 2661 2 83
2225 2687 1 1
8249 2610 2 91
2316 2614 1 60
7287 2666 2 60
1849 2607 1 5
9993 2663 2 99
5072 2688 1 95
5480 2691 2 62
2970 2693 1 19
3830 2645 1 94
1632 2660 3 9
6797 2613 2 1
2902 2625 1 42
2958 2622 2 67
6139 2643 1 53
1680 2676 3 43
2243 2665 2 29
4994 2605 1 93
2970 2693 3 18
4558 2681 1 96
497 2619 1 10
2732 2653 1 87
6927 2627 2 88
9490 2617 2 56
6274 2652 3 59
8085 2700 3 44
8048 2649 1 24
2958 2622 1 75
1525 2661 1 26
2696 2657 1 61
4328 2612 3 92
5480 2691 3 58
3865 2669 3 94
8313 2609 3 5
3459 2636 3 75
5848 2658 1 82
3403 2686 3 81
3865 2669 2 18
6304 2631 3 86
2958 2622 3 45
8249 2610 1 11
4436 2689 1 13
4994 2605 2 21
2334 2644 1 78
5848 2658 3 20
5588 2715 3 16
9886 2736 2 25
5262 2752 1 40
6298 2800 3 51
1436 2775 1 9
9564 2755 3 95
8937 2712 1 70
3042 2713 3 69
4067 2719 3 7
3640 2767 1 1
5682 2743 2 20
8161 2763 2 90
8352 2739 3 50
8611 2785 3 13
5403 2777 1 11
9683 2769 3 85
9977 2780 1 17
8961 2747 2 26
6238 2772 1 17
7817 2784 1 97
8961 2747 3 91
7307 2722 3 36
1390 2748 2 86
640 2731 3 82
7735 2762 3 54
7034 2779 3 14
9119 2733 3 39
3640 2767 3 5
2539 2705 2 86
9564 2755 1 2
4831 2717 3 48
5262 2752 2 97
9397 2764 3 54
8623 2749 1 61
481 2714 1 67
8623 2749 3 100
9379 2773 3 95
3630 2794 2 92
1003 2782 3 40
1231 2776 2 83
9379 2773 2 51
3640 2767 2 66
1003 2782 1 54
354 2746 3 12
5588 2715 2 44
9119 2733 1 75
5252 2765 1 10
1908 2744 3 89
9977 2780 2 21
354 2746 2 13
2452 2758 2 63
6235 2706 1 63
4923 2711 3 92
9412 2771 1 45
9119 2733 2 7
7817 2784 2 68
5087 2738 2 51
6378 2761 2 54
9660 2703 3 89
9225 2787 2 39
8352 2739 1 39
942 2795 3 96
9886 2736 1 5
7694 2732 1 97
8063 2790 2 62
5682 2743 1 96
3227 2704 2 90
5565 2753 2 41
5565 2753 1 72
5403 2777 3 7
8368 2781 1 2
400 2796 2 66
1908 2744 2 40
7496 2728 3 6
8611 2785 1 11
148 2718 3 82
864 2723 1 7
9061 2702 1 20
3042 2713 2 3
3168 2759 2 58
5588 2715 1 15
9564 2755 2 7
5508 2730 3 18
1390 2748 1 48
7034 2779 2 50
8367 2778 2 3
4067 2719 1 73
7735 2762 1 35
1021 2709 1 38
3168 2759 1 46
9379 2773 1 37
9006 2708 3 57
942 2795 2 31
1484 2729 2 88
1703 2751 2 96
1768 2724 1 34
4744 2734 3 58
7211 2745 3 61
431 2797 3 90
6926 2737 1 90
8244 2798 3 65
5022 2716 3 84
6298 2800 2 12
9977 2780 3 92
9225 2787 3 18
1390 2748 3 67
2087 2783 2 72
6961 2792 2 10
148 2718 2 98
3375 2756 3 50
3042 2713 1 21
5262 2752 3 16
1003 2782 2 40
9231 2754 3 2
1021 2709 3 1
9225 2787 1 24
1115 2766 2 76
3375 2756 1 30
2087 2783 1 7
431 2797 1 32
9345 2725 2 52
1436 2775 2 20
7694 2732 3 75
1703 2751 3 67
5403 2777 2 3
431 2797 2 95
3716 2701 1 53
1231 2776 3 30
7307 2722 2 61
6448 2727 1 32
400 2796 1 5
1115 2766 1 23
864 2723 2 3
9412 2771 3 75
7211 2745 2 75
6961 2792 3 3
9683 2769 2 24
8937 2712 2 23
8623 2749 2 52
8367 2778 1 25
6378 2761 1 14
3020 2720 2 0
1081 2786 1 66
5818 2741 3 67
3806 2789 3 37
9061 2702 2 15
8352 2739 2 66
6926 2737 3 35
481 2714 3 68
1768 2724 2 42
5074 2726 1 70
6666 2791 2 15
8652 2788 3 71
5362 2799 2 25
640 2731 2 49
5074 2726 3 65
1557 2721 3 92
6666 2791 3 51
7438 2742 3 54
9067 2707 1 83
5729 2760 2 12
1768 2724 3 38
8161 2763 1 82
5087 2738 3 37
4744 2734 2 85
3375 2756 2 51
1081 2786 3 12
6235 2706 2 6
9231 2754 1 83
4229 2710 3 66
9006 2708 1 82
9716 2774 2 86
1557 2721 2 80
4251 2757 3 56
3784 2735 3 74
610 2793 1 64
4923 2711 1 10
1557 2721 1 80
9716 2774 3 45
1231 2776 1 88
4744 2734 1 94
9006 2708 2 74
2539 2705 3 70
8367 2778 3 71
9397 2764 2 59
5729 2760 1 7
7694 2732 2 30
9933 2750 3 66
4229 2710 1 12
7817 2784 3 8
640 2731 1 61
6238 2772 3 5
6827 2740 1 100
9067 2707 3 32
1021 2709 2 3
7211 2745 1 53
4923 2711 2 63
8961 2747 1 20
3806 2789 2 17
7496 2728 2 76
2452 2758 3 33
3227 2704 1 84
8368 2781 2 43
7735 2762 2 88
8244 2798 1 26
5362 2799 3 10
9412 2771 2 61
3806 2789 1 66
1908 2744 1 95
6298 2800 1 93
4251 2757 1 70
5729 2760 3 30
6666 2791 1 51
4831 2717 1 69
5818 2741 1 50
5252 2765 3 82
8244 2798 2 90
7034 2779 1 87
8063 2790 1 98
1484 2729 3 50
9683 2769 1 61
148 2718 1 29
7438 2742 1 30
3168 2759 3 48
3716 2701 2 73
610 2793 3 21
9660 2703 2 19
3653 2768 1 66
2539 2705 1 48
5565 2753 3 9
3630 2794 1 61
8937 2712 3 66
7438 2742 2 16
9067 2707 2 10
5087 2738 1 3
3020 2720 1 70
7496 2728 1 52
4067 2719 2 77
9660 2703 1 38
8652 2788 2 66
3653 2768 2 22
1115 2766 3 96
1081 2786 2 41
1436 2775 3 13
942 2795 1 26
3227 2704 3 62
5022 2716 1 86
8063 2790 3 44
3784 2735 1 97
9231 2754 2 57
5818 2741 2 100
7307 2722 1 8
2087 2783 3 20
6378 2761 3 51
8161 2763 3 31
5508 2730 1 60
6827 2740 2 46
5682 2743 3 92
8652 2788 1 65
3784 2735 2 69
4831 2717 2 46
6448 2727 2 86
9716 2774 1 98
7693 2770 1 73
481 2714 2 22
5074 2726 2 9
5252 2765 2 96
6448 2727 3 38
864 2723 3 8
7693 2770 3 32
354 2746 1 23
6238 2772 2 67
9886 2736 3 29
6961 2792 1 64
3653 2768 3 33
9397 2764 1 49
9933 2750 1 96
400 2796 3 57
2452 2758 1 77
8611 2785 2 59
5508 2730 2 22
3020 2720 3 59
6926 2737 2 9
9345 2725 1 100
9933 2750 2 23
3716 2701 3 79
6235 2706 3 63
4251 2757 2 21
4229 2710 2 99
9345 2725 3 60
5022 2716 2 84
1484 2729 1 99
5362 2799 1 46
9061 2702 3 7
8368 2781 3 76
1703 2751 1 15
6827 2740 3 37
610 2793 2 71
7693 2770 2 42
3630 2794 3 74
351 2830 2 18
1794 2857 2 34
5155 2895 2 10
8488 2854 1 72
8134 2896 1 47
3440 2801 2 46
9403 2844 3 46
9350 2810 1 34
2048 2892 1 0
1332 2883 1 43
1730 2871 1 8
7095 2822 1 43
6665 2829 1 25
1794 2857 1 13
5188 2860 3 36
6475 2841 2 42
8471 2859 3 37
6757 2873 2 26
8367 2816 1 91
2972 2862 1 96
5306 2874 1 89
1309 2823 1 96
3522 2828 3 4
5155 2895 1 17
9477 2819 3 84
9477 2819 2 10
8978 2866 2 88
7971 2808 1 56
1339 2849 2 16
7829 2853 3 13
1972 2834 3 40
1309 2823 3 99
1332 2883 3 100
4947 2804 3 5
1895 2812 3 82
4947 2804 2 29
7971 2808 3 62
9683 2890 2 75
8879 2803 3 44
9726 2856 1 75
435 2832 1 59
8856 2900 3 29
1309 2823 2 11
1895 2812 2 26
6749 2840 3 45
7945 2802 3 37
2813 2868 2 82
3559 2877 2 17
8367 2816 2 35
7012 2809 1 46
6077 2846 2 94
8414 2864 3 78
7945 2802 1 28
3191 2852 1 59
2813 2868 1 94
2069 2833 2 61
3522 2828 2 75
6475 2841 3 86
3440 2801 3 90
7095 2822 3 13
2756 2855 3 39
3440 2801 1 94
4798 2872 2 43
9552 2875 2 0
3824 2886 2 26
3974 2879 3 38
2845 2885 1 77
8134 2896 3 67
9403 2844 1 87
5694 2805 2 78
1293 2861 2 52
2109 2806 2 10
2192 2815 3 52
7012 2809 3 28
9403 2844 2 94
4408 2848 2 95
622 2838 2 56
2243 2858 3 61
1293 2861 1 3
6665 2829 3 80
8471 2859 1 42
2972 2878 1 55
7406 2869 1 51
9710 2825 1 85
1062 2831 3 68
3334 2867 2 82
8374 2837 3 78
8492 2894 2 97
6456 2881 2 74
3571 2880 1 19
8418 2827 1 82
128 2814 2 78
2048 2892 2 81
3559 2877 1 64
6779 2820 2 71
8857 2891 2 33
7406 2869 3 66
1790 2839 2 25
9710 2825 2 11
7790 2851 1 30
8857 2891 3 57
7829 2853 2 89
3824 2886 1 22
5694 2805 1 34
4408 2848 1 16
7571 2870 1 53
5967 2821 2 59
2243 2858 1 26
3732 2863 2 90
1373 2898 2 91
6077 2846 1 48
8551 2882 2 84
4349 2888 3 33
1121 2807 3 36
5155 2895 3 86
622 2838 1 24
351 2830 3 8
9310 2845 3 83
1062 2831 2 15
3464 2876 2 38
2109 2806 3 45
128 2814 3 39
4798 2872 3 44
435 2832 2 42
2185 2826 2 0
3732 2863 1 53
7406 2869 2 42
622 2838 3 85
3974 2817 2 76
7971 2808 2 89
8978 2866 3 52
2756 2855 2 37
3334 2867 1 17
1121 2807 1 65
9730 2824 2 47
125 2811 3 6
2592 2889 3 72
7945 2802 2 27
9710 2825 3 55
9350 2810 3 12
9310 2845 2 60
2972 2878 2 39
6537 2865 1 39
3974 2817 3 24
1332 2883 2 96
5103 2897 3 27
7571 2870 2 29
4349 2888 2 96
5694 2805 3 16
9350 2810 2 31
3464 2876 1 60
8414 2864 1 66
1794 2857 3 60
9871 2818 3 94
1339 2849 3 89
8879 2803 1 41
31 2899 3 48
3966 2884 3 56
2185 2826 1 95
9730 2824 3 45
2048 2892 3 9
6779 2820 1 46
8551 2882 1 70
6606 2893 3 50
8081 2887 2 6
435 2832 3 98
1730 2871 2 12
1972 2834 1 36
9552 2875 3 65
8259 2835 3 75
3464 2876 3 74
31 2899 2 49
7095 2822 2 17
6606 2893 1 21
5188 2860 2 96
8040 2836 1 11
8414 2864 2 71
6749 2840 1 19
8134 2896 2 48
4217 2847 2 29
3974 2879 2 10
8857 2891 1 6
2069 2833 1 69
1972 2834 2 42
2069 2833 3 85
1062 2831 1 56
8081 2887 3 46
5306 2874 2 63
4900 2843 1 72
1895 2812 1 10
1339 2849 1 59
1790 2839 3 80
2109 2806 1 52
419 2842 3 3
9683 2890 1 92
5188 2860 1 32
3215 2813 1 83
2972 2862 2 83
8856 2900 1 46
3334 2867 3 36
1373 2898 3 72
5967 2821 3 14
2813 2868 3 27
8488 2854 2 62
3974 2879 1 26
8471 2859 2 57
419 2842 1 92
3966 2884 1 49
9871 2818 1 53
128 2814 1 98
8367 2816 3 55
1790 2839 1 20
2845 2885 2 75
2243 2858 2 98
7571 2870 3 79
351 2830 1 39
3571 2880 3 31
9552 2875 1 77
2845 2885 3 19
4349 2888 1 55
8259 2835 2 70
7790 2851 2 54
3559 2877 3 46
8081 2887 1 72
7300 2850 1 50
6456 2881 3 6
2592 2889 1 62
2972 2878 3 2
9477 2819 1 60
6475 2841 1 0
5967 2821 1 17
8879 2803 2 74
1730 2871 3 0
6749 2840 2 77
4217 2847 3 20
3522 2828 1 86
1373 2898 1 47
4217 2847 1 88
3191 2852 2 60
8040 2836 2 26
6757 2873 1 37
31 2899 1 71
2972 2862 3 53
3824 2886 3 24
7829 2853 1 44
2185 2826 3 34
8492 2894 3 61
8418 2827 3 41
6537 2865 3 15
4408 2848 3 64
1121 2807 2 7
4947 2804 1 96
3571 2880 2 34
9730 2824 1 0
3732 2863 3 9
3215 2813 3 26
4798 2872 1 91
9871 2818 2 26
8418 2827 2 28
6077 2846 3 26
9683 2890 3 94
8259 2835 1 60
5103 2897 2 23
419 2842 2 69
5103 2897 1 24
9726 2856 2 48
4900 2843 2 33
8040 2836 3 56
8856 2900 2 79
6665 2829 2 20
6779 2820 3 11
2192 2815 1 82
9726 2856 3 77
7300 2850 2 14
1293 2861 3 26
6456 2881 1 35
8492 2894 1 100
125 2811 1 39
5306 2874 3 84
2756 2855 1 44
7300 2850 3 58
6537 2865 2 91
7790 2851 3 52
8374 2837 1 93
3191 2852 3 24
2192 2815 2 66
9310 2845 1 50
4900 2843 3 99
3215 2813 2 99
6606 2893 2 15
2592 2889 2 82
7012 2809 2 35
8488 2854 3 21
6757 2873 3 85
3966 2884 2 59
8978 2866 1 25
8551 2882 3 53
125 2811 2 66
3974 2817 1 70
8374 2837 2 49
6744 2937 1 51
3746 2914 2 48
8482 2972 2 20
6157 2941 2 69
1221 2927 2 38
7201 2969 1 80
5594 2905 2 68
2478 2959 1 5
2210 2976 3 39
4243 2990 3 41
5352 2984 2 92
9114 2907 3 49
1 2998 2 96
5419 2987 2 90
2329 2974 2 95
3910 2916 3 45
3468 2922 3 12
336 2923 2 27
1671 2995 3 61
6344 2994 1 56
1221 2927 1 60
969 2942 3 17
5352 2984 3 33
3331 2902 2 39
8080 3000 2 76
7230 2901 3 27
9973 2903 2 48
7230 2901 1 66
9264 2928 2 94
9114 2907 2 34
6245 2910 1 5
3320 2989 1 46
336 2923 1 17
2003 2968 3 28
5236 2924 3 13
969 2942 1 81
2046 2985 1 32
6245 2910 2 87
5905 2913 3 55
7301 2965 2 84
1152 2949 2 54
2046 2985 3 16
3746 2914 3 31
5125 2945 2 94
3296 2960 3 38
7755 2993 1 74
6109 2926 1 55
6744 2937 2 41
2003 2968 1 69
7939 2911 2 68
9921 2934 2 72
7527 2952 3 6
4614 2986 1 98
9364 2920 2 24
3910 2916 2 49
2478 2959 2 13
1 2998 3 61
5894 2980 2 0
4653 2930 3 29
7156 2983 3 33
9921 2934 3 19
2551 2940 3 47
171 2946 2 6
1283 2908 1 94
7755 2993 3 86
9936 2912 3 13
2329 2974 3 83
1881 2953 3 95
3910 2916 1 1
3355 2947 1 40
3058 2966 1 46
8142 2921 2 82
9529 2967 3 2
5143 2904 2 71
630 2919 2 39
1506 2954 1 1
5405 2981 3 52
4802 2951 1 63
8318 2988 1 14
5352 2984 1 70
1070 2991 1 34
3331 2902 1 34
6707 2935 2 10
6813 2917 2 51
5419 2987 3 53
429 2918 3 86
5235 2925 3 30
9872 2973 1 50
5594 2905 3 93
5894 2980 3 89
9264 2928 3 80
7301 2965 1 65
6157 2941 3 31
5540 2938 3 15
3331 2902 3 20
7301 2965 3 71
5540 2938 2 41
2707 2936 2 90
5540 2938 1 21
7201 2969 2 57
8681 2906 2 21
2707 2936 1 30
3058 2966 3 14
7201 2969 3 60
9921 2934 1 16
8482 2972 1 7
466 2943 2 76
3320 2989 2 35
2885 2931 2 7
2163 2944 3 32
7743 2915 3 34
9434 2971 3 71
7589 2957 1 36
1881 2953 2 40
5894 2980 1 10
6109 2926 3 12
9264 2928 1 70
8041 2939 1 5
8142 2921 3 72
4722 2979 3 84
9872 2973 2 84
3259 2932 2 68
2163 2944 2 50
1506 2954 2 99
5905 2913 2 69
9529 2967 2 52
800 2948 3 34
2551 2940 2 16
4614 2986 2 38
1945 2929 1 5
1881 2953 1 93
2551 2940 1 4
5125 2945 1 4
5906 2956 1 79
336 2923 3 63
6933 2975 2 66
2478 2959 3 94
5502 2962 2 87
8851 2909 2 98
1940 2964 3 7
8041 2939 3 41
8502 2992 1 73
1070 2991 2 98
8318 2988 2 4
1321 2970 2 64
3468 2961 3 80
5143 2904 1 88
4653 2930 2 20
9434 2971 1 52
5905 2913 1 61
7527 2952 1 6
9936 2912 2 9
4243 2990 2 32
2003 2968 2 65
1070 2991 3 46
6933 2975 1 26
7252 2996 2 48
5405 2981 1 84
466 2943 3 93
9973 2903 1 88
969 2942 2 79
1506 2954 3 78
1945 2929 3 19
2359 2955 2 48
3886 2978 1 49
2359 2955 1 31
7743 2915 2 80
7939 2911 3 44
8968 2999 1 25
7230 2901 2 42
8851 2909 3 44
9973 2903 3 33
5143 2904 3 86
5906 2956 3 8
434 2933 1 81
5405 2981 2 69
2359 2955 3 14
6813 2917 1 28
3468 2961 1 99
3886 2978 2 16
5125 2945 3 27
4802 2951 3 25
8968 2999 3 99
9872 2973 3 38
3320 2989 3 53
3468 2922 2 99
3296 2960 2 23
6344 2994 3 78
4243 2990 1 37
434 2933 2 44
2905 2982 3 29
8502 2992 2 11
5419 2987 1 23
3355 2947 3 22
171 2946 1 13
5502 2962 3 56
1283 2908 3 22
5502 2962 1 40
1945 2929 2 74
2046 2985 2 16
3296 2960 1 100
4722 2979 1 45
6707 2935 3 85
6744 2937 3 49
8234 2963 2 64
8142 2921 1 24
3355 2947 2 43
7252 2996 1 24
7527 2952 2 12
466 2943 1 38
9936 2912 1 41
8080 3000 3 58
9114 2907 1 15
3886 2978 3 30
6933 2975 3 83
2905 2982 2 48
5906 2956 2 69
1671 2995 1 100
5594 2905 1 51
4802 2951 2 60
9529 2967 1 29
8234 2963 1 8
7350 2958 1 30
9364 2920 3 27
434 2933 3 43
8851 2909 1 44
4000 2997 3 34
8041 2939 2 78
3126 2977 2 27
4000 2997 1 4
8681 2906 1 58
4722 2979 2 94
6109 2926 2 62
800 2948 1 84
6344 2994 2 42
7939 2911 1 76
8968 2999 2 35
5235 2925 1 28
2905 2982 1 34
7252 2996 3 14
9434 2971 2 62
2707 2936 3 4
2210 2976 1 33
2885 2931 1 33
3126 2977 3 24
3259 2932 1 7
3468 2922 1 83
1940 2964 2 54
8318 2988 3 82
7350 2958 2 17
1321 2970 3 1
1152 2949 1 63
171 2946 3 15
800 2948 2 68
1283 2908 2 59
1940 2964 1 51
429 2918 2 48
8681 2906 3 59
3468 2961 2 71
2885 2931 3 86
1321 2970 1 57
7755 2993 2 4
2210 2976 2 29
5236 2924 2 40
1 2998 1 5
2329 2974 1 68
7156 2983 1 36
3126 2977 1 64
9364 2920 1 78
7589 2957 2 11
1152 2949 3 63
3746 2914 1 58
6813 2917 3 60
630 2919 3 25
1577 2950 2 80
1671 2995 2 73
1577 2950 3 74
429 2918 1 71
7350 2958 3 95
7156 2983 2 17
5235 2925 2 17
3259 2932 3 36
8080 3000 1 84
4614 2986 3 93
8234 2963 3 77
6157 2941 1 42
6707 2935 1 49
2163 2944 1 100
3058 2966 2 91
630 2919 1 73
1577 2950 1 41
1221 2927 3 43
4000 2997 2 25
8482 2972 3 37
7743 2915 1 53
5236 2924 1 32
6245 2910 3 61
8502 2992 3 60
4653 2930 1 30
7589 2957 3 99
3661 3029 1 38
7866 3014 2 13
7667 3093 3 45
2020 3084 1 16
9716 3038 1 71
1328 3050 2 77
3382 3025 1 23
4797 3011 3 37
9414 3073 3 38
1960 3010 3 76
8768 3006 1 74
1864 3004 3 23
593 3099 2 28
5343 3046 1 52
2896 3022 1 51
8768 3006 3 56
5742 3045 1 21
8244 3083 2 44
6442 3092 3 60
5196 3002 1 99
5887 3033 1 61
8009 3060 3 34
8009 3060 1 20
8464 3094 2 86
1162 3079 3 74
1873 3066 2 14
514 3053 1 95
1873 3066 3 67
4197 3019 1 42
5765 3071 1 73
5066 3016 2 5
5360 3067 3 70
8244 3083 1 51
4248 3056 2 23
1300 3021 1 38
9089 3069 1 68
3622 3054 1 61
1864 3004 1 39
2637 3026 3 4
6977 3064 3 68
7389 3030 3 61
5887 3033 3 24
1770 3042 2 84
1803 3005 1 73
6347 3074 2 20
9662 3036 2 80
1162 3079 2 49
3362 3012 1 79
8792 3068 2 73
9291 3023 3 48
9256 3032 3 90
1138 3009 2 41
7667 3093 1 1
4248 3056 1 80
5132 3031 3 48
7667 3093 2 27
4007 3096 2 4
6491 3015 2 15
7866 3014 3 59
9291 3023 1 100
6821 3090 2 95
7661 3065 1 68
9059 3076 2 98
1280 3008 1 9
9089 3069 2 43
2744 3080 2 67
6776 3100 2 73
8313 3044 1 88
1739 3063 3 75
8576 3027 2 47
5255 3028 3 58
3362 3012 2 25
8464 3094 3 57
189 3081 3 29
9968 3082 3 28
3622 3054 2 0
7675 3091 3 44
5343 3046 3 51
1244 3097 3 87
2223 3024 1 78
7866 3014 1 54
8435 3043 1 30
3134 3086 1 46
7333 3072 1 68
8239 3039 2 63
3258 3089 2 59
5742 3045 2 5
6821 3090 1 1
7661 3065 2 35
9059 3076 3 76
8333 3020 3 54
6975 3047 3 25
435 3007 2 10
6442 3092 1 68
2223 3024 3 29
121 3034 3 1
1432 3087 3 62
1873 3066 1 85
8795 3035 2 64
4779 3017 1 55
2009 3001 1 61
7802 3098 2 79
189 3081 1 79
8435 3043 2 68
1138 3009 1 19
9968 3082 2 37
3331 3058 1 22
1280 3008 2 13
4261 3061 3 54
7675 3091 1 85
7463 3078 2 45
3661 3029 3 59
8239 3039 3 12
3661 3029 2 3
2744 3080 1 19
593 3099 1 26
3295 3051 3 35
6821 3090 3 80
8313 3044 2 6
3362 3012 3 46
3258 3089 1 11
121 3034 2 77
3622 3054 3 61
5488 3040 2 47
9716 3038 3 98
2637 3026 2 38
1328 3050 1 33
121 3034 1 46
5397 3013 3 46
5765 3071 2 13
4779 3017 3 60
9606 3037 2 0
9230 3048 1 35
4007 3096 3 66
6820 3057 2 2
4248 3056 3 42
7333 3072 2 1
9662 3036 3 13
8792 3068 1 96
5066 3016 3 55
9059 3076 1 95
3295 3051 1 15
2020 3084 2 39
8576 3027 3 67
5360 3067 2 71
4007 3096 1 16
2744 3080 3 49
3371 3003 3 71
7463 3078 3 43
4261 3061 2 10
8435 3043 3 57
4779 3017 2 35
8964 3055 2 75
6347 3074 1 16
728 3095 2 27
8795 3035 3 44
728 3095 3 100
5488 3040 1 88
8576 3027 1 4
1960 3010 2 18
6380 3075 2 35
6491 3015 3 76
6374 3052 3 80
5255 3028 1 28
8464 3094 1 36
5765 3071 3 10
3331 3058 3 90
9230 3048 3 8
6347 3074 3 48
4197 3019 2 73
1432 3087 1 68
8792 3068 3 59
356 3018 1 16
2637 3026 1 88
435 3007 3 21
7389 3030 1 47
7728 3062 1 47
737 3059 1 2
8333 3020 2 42
6374 3052 2 32
189 3081 2 31
2223 3024 2 54
9606 3037 3 76
9968 3082 1 22
3382 3025 2 81
5066 3016 1 6
7389 3030 2 9
3371 3003 2 75
2704 3049 2 33
3000 3041 2 31
1162 3079 1 46
8239 3039 1 92
2009 3001 2 71
6209 3077 2 12
4797 3011 1 70
356 3018 3 79
737 3059 3 100
6209 3077 1 43
5742 3045 3 90
8768 3006 2 60
9230 3048 2 51
8009 3060 2 70
5255 3028 2 68
6975 3047 1 72
356 3018 2 9
3134 3086 2 81
8646 3070 2 65
6820 3057 1 36
8244 3083 3 48
1960 3010 1 4
9107 3088 3 48
9107 3088 1 7
9256 3032 1 1
1300 3021 2 7
3295 3051 2 36
9291 3023 2 0
2896 3022 3 18
1657 3085 1 24
7802 3098 1 33
5343 3046 2 76
1770 3042 3 96
1657 3085 2 19
3134 3086 3 86
9256 3032 2 68
6975 3047 2 98
5488 3040 3 14
3000 3041 3 64
6776 3100 3 49
1864 3004 2 13
1803 3005 3 64
8313 3044 3 50
6442 3092 2 64
6977 3064 1 26
5132 3031 2 50
1280 3008 3 58
6977 3064 2 59
7333 3072 3 24
2009 3001 3 43
4197 3019 3 85
9414 3073 2 75
1244 3097 1 93
6380 3075 3 89
1138 3009 3 88
5397 3013 1 87
7802 3098 3 28
514 3053 2 52
5196 3002 2 60
9414 3073 1 96
6491 3015 1 50
8964 3055 3 0
7675 3091 2 28
2896 3022 2 67
9662 3036 1 0
7728 3062 3 95
5360 3067 1 74
728 3095 1 50
4797 3011 2 16
2704 3049 1 65
9716 3038 2 55
1739 3063 1 94
5397 3013 2 70
7728 3062 2 17
5196 3002 3 44
1770 3042 1 66
9606 3037 1 83
3331 3058 2 30
514 3053 3 97
7463 3078 1 41
5887 3033 2 47
8646 3070 3 39
1657 3085 3 68
1803 3005 2 98
6374 3052 1 21
8964 3055 1 60
1328 3050 3 78
4261 3061 1 33
3000 3041 1 52
6209 3077 3 74
3258 3089 3 46
6820 3057 3 11
435 3007 1 60
8333 3020 1 36
9107 3088 2 81
1432 3087 2 42
6380 3075 1 51
8646 3070 1 59
9089 3069 3 43
1739 3063 2 98
6776 3100 1 72
2020 3084 3 95
593 3099 3 81
2704 3049 3 65
5132 3031 1 12
1300 3021 3 96
3382 3025 3 95
737 3059 2 43
7661 3065 3 5
3371 3003 1 76
1244 3097 2 6
8795 3035 1 31
7168 3147 2 49
7393 3132 1 43
6043 3152 1 36
6831 3116 1 56
8985 3114 1 62
5142 3199 2 66
2668 3157 2 5
9341 3174 3 91
2481 3176 1 9
1037 3189 3 57
2521 3109 3 30
9494 3119 2 30
358 3123 1 18
6809 3135 1 33
2901 3162 1 46
1037 3189 1 83
5964 3173 2 15
5861 3106 2 56
3860 3184 1 4
3860 3184 2 52
8021 3150 2 93
145 3129 1 28
4205 3111 3 74
2115 3128 3 40
5104 3142 2 100
2581 3159 1 18
9186 3151 2 64
3662 3108 2 43
8423 3110 1 45
3543 3191 1 10
8677 3134 2 80
5972 3121 1 45
5122 3149 2 51
9130 3139 3 68
1880 3112 3 67
3163 3188 1 53
3953 3118 1 71
4418 3194 3 90
9965 3127 3 35
2901 3162 2 91
1889 3115 2 22
6373 3113 2 47
3163 3188 3 62
1672 3181 1 81
5122 3149 1 25
6872 3190 2 65
8985 3114 2 40
4143 3145 2 29
7704 3165 1 24
6175 3196 2 82
2668 3157 1 32
6879 3177 2 3
6131 3178 1 93
8677 3134 3 66
5262 3179 1 91
8168 3102 1 44
4418 3194 1 3
5639 3186 2 59
6143 3167 2 10
154 3160 1 74
9227 3164 1 82
6872 3190 3 12
6373 3113 1 93
2301 3171 1 74
2027 3133 2 37
6175 3196 3 9
8168 3102 3 91
1386 3117 1 62
4169 3168 1 77
9674 3126 1 18
6143 3167 1 22
7886 3140 2 3
3254 3104 1 21
8546 3130 1 18
7886 3140 1 66
4556 3192 1 54
6879 3177 3 88
6157 3153 2 60
4049 3105 2 4
5314 3166 1 97
6476 3138 2 58
6373 3113 3 18
8423 3110 3 68
2830 3137 3 25
2560 3144 1 1
3001 3107 2 96
6114 3169 1 27
1284 3193 2 50
1796 3182 3 6
1116 3187 2 87
6684 3156 2 60
6114 3169 3 73
5262 3179 2 71
3955 3154 2 10
5972 3121 3 70
5972 3121 2 52
4317 3120 1 21
7282 3161 2 93
4205 3111 1 71
5777 3172 3 65
6548 3183 2 89
1461 3163 2 23
1889 3115 3 28
2560 3144 3 46
7282 3161 3 45
6476 3138 3 36
2115 3128 2 28
3254 3104 2 14
6114 3169 2 91
6653 3131 1 52
5639 3186 1 84
2481 3176 3 83
1241 3136 2 50
1116 3187 1 91
1745 3141 1 48
5118 3101 3 60
4812 3148 3 94
5806 3122 2 46
8369 3198 1 90
3955 3154 3 9
5122 3149 3 100
4049 3105 3 52
5777 3172 1 30
9341 3174 2 25
6684 3156 1 4
1485 3155 1 100
7704 3165 3 16
2581 3159 2 51
3953 3118 3 87
8369 3198 2 47
1284 3193 3 49
3254 3104 3 61
8216 3146 3 63
4556 3192 2 81
5562 3175 1 28
8985 3114 3 76
4143 3145 1 38
3955 3154 1 88
5722 3103 1 40
5562 3175 2 17
7886 3140 3 69
5639 3186 3 37
7238 3197 3 79
7168 3147 3 36
1284 3193 1 89
145 3200 1 33
5861 3106 1 34
8546 3130 3 16
358 3123 2 72
5142 3199 1 67
9294 3180 2 100
1485 3155 2 7
2027 3133 3 64
4556 3192 3 92
9294 3180 3 97
8809 3125 2 47
8021 3150 3 20
3001 3107 1 49
1116 3187 3 4
8168 3102 2 32
1796 3182 1 34
8546 3130 2 0
2668 3157 3 4
5777 3172 2 76
3662 3108 1 33
6214 3185 2 98
4169 3168 2 64
6548 3183 3 82
1187 3124 1 4
3953 3118 2 94
3860 3184 3 34
6879 3177 1 95
7238 3197 1 66
6143 3167 3 22
145 3200 3 77
6043 3152 3 65
1187 3124 3 35
8216 3146 2 18
1187 3124 2 60
2521 3109 1 34
8216 3146 1 13
145 3129 2 6
9227 3164 3 31
1241 3136 3 40
8809 3125 3 79
2830 3137 2 70
8371 3170 1 11
358 3123 3 90
2481 3176 2 34
3533 3158 3 40
9294 3180 1 73
9186 3151 1 74
145 3129 3 7
3543 3191 2 92
5518 3195 2 15
9674 3126 2 77
1672 3181 2 6
7238 3197 2 61
7168 3147 1 64
5964 3173 3 11
6131 3178 3 25
8369 3198 3 34
7282 3161 1 100
6018 3143 2 37
9965 3127 2 89
5314 3166 3 32
1880 3112 1 2
4049 3105 1 37
1745 3141 3 16
1485 3155 3 97
2115 3128 1 81
4317 3120 2 0
154 3160 3 0
6809 3135 2 14
2521 3109 2 14
1461 3163 3 90
5518 3195 3 6
2301 3171 2 75
1796 3182 2 64
4812 3148 1 54
5806 3122 3 28
5806 3122 1 55
8423 3110 2 66
9494 3119 3 74
6831 3116 2 35
2027 3133 1 72
8371 3170 2 60
4317 3120 3 98
1745 3141 2 32
2830 3137 1 68
8371 3170 3 80
9341 3174 1 82
8809 3125 1 93
6653 3131 3 36
7704 3165 2 54
5142 3199 3 5
6872 3190 1 15
6476 3138 1 9
5562 3175 3 40
4169 3168 3 96
3533 3158 2 17
6131 3178 2 34
8021 3150 1 25
154 3160 2 84
6684 3156 3 64
9674 3126 3 63
6214 3185 1 61
6018 3143 1 53
4205 3111 2 46
3662 3108 3 7
3543 3191 3 60
5104 3142 1 34
2560 3144 2 38
6157 3153 1 21
1889 3115 1 63
1880 3112 2 85
8677 3134 1 18
5262 3179 3 48
5118 3101 2 69
6175 3196 1 81
5722 3103 2 96
1672 3181 3 98
3533 3158 1 56
6653 3131 2 20
1241 3136 1 99
145 3200 2 92
4143 3145 3 3
3163 3188 2 37
9186 3151 3 13
1386 3117 3 91
5518 3195 1 43
4418 3194 2 65
2581 3159 3 67
6157 3153 3 30
9130 3139 2 67
9965 3127 1 49
2901 3162 3 8
5722 3103 3 7
4812 3148 2 32
6809 3135 3 44
6043 3152 2 59
5861 3106 3 72
1461 3163 1 48
9494 3119 1 7
6831 3116 3 64
7393 3132 3 84
9130 3139 1 53
5964 3173 1 24
6548 3183 1 80
3001 3107 3 90
7393 3132 2 86
6018 3143 3 80
5118 3101 1 67
1386 3117 2 68
6214 3185 3 98
9227 3164 2 66
5314 3166 2 75
2301 3171 3 29
5104 3142 3 95
1037 3189 2 95
3452 3259 1 80
9889 3222 2 99
2114 3296 2 51
5301 3240 1 86
2997 3293 1 95
8763 3279 1 66
4463 3256 2 40
3110 3225 3 67
1510 3214 2 84
162 3274 2 63
2114 3296 3 47
6089 3216 2 18
9216 3221 3 39
3707 3215 3 57
1892 3212 2 6
8026 3241 3 43
7200 3291 2 51
9926 3278 2 15
7769 3265 2 66
3796 3266 3 6
1547 3233 2 8
4859 3297 2 0
187 3254 3 39
1547 3233 3 87
8946 3228 1 68
4869 3290 1 15
1892 3212 3 16
2830 3242 1 44
7305 3295 3 27
6904 3237 2 37
6011 3294 2 17
9047 3239 1 8
6136 3252 2 52
5315 3260 1 12
7573 3255 3 54
4284 3262 2 43
9103 3231 3 1
8283 3203 1 13
3816 3268 2 30
1104 3219 3 18
7652 3287 2 46
4194 3288 3 91
9268 3282 3 44
7702 3267 1 50
4235 3251 1 93
4859 3297 3 14
7702 3267 3 82
5587 3204 1 83
9926 3278 1 40
8892 3273 2 88
3452 3259 2 58
8584 3253 3 46
5301 3240 2 30
8584 3253 1 99
9481 3206 3 31
8434 3264 2 38
7441 3263 3 46
8458 3257 1 30
4520 3286 2 38
1439 3201 3 52
9619 3284 3 51
6610 3298 2 87
2741 3299 1 57
8763 3279 3 6
187 3254 2 98
2464 3280 2 4
6515 3292 2 21
2044 3300 2 88
2741 3299 3 71
8379 3208 3 28
7769 3265 3 53
9691 3285 3 21
9268 3282 1 40
8238 3271 1 33
8763 3279 2 30
8150 3244 3 40
8421 3223 2 5
4390 3272 2 68
8421 3223 3 60
1732 3229 2 48
3816 3268 3 97
7969 3209 3 75
9642 3281 2 91
6959 3235 2 13
1510 3214 1 19
5274 3220 1 77
4212 3226 2 62
2453 3236 1 49
7797 3205 1 17
8458 3257 3 36
9103 3231 2 100
2769 3207 2 60
3183 3249 1 59
4025 3243 2 72
7573 3255 2 93
2464 3280 1 74
6089 3216 1 43
9047 3239 3 12
162 3274 3 13
7769 3265 1 90
7573 3255 1 12
9455 3289 2 96
4938 3238 2 33
6904 3237 1 94
7702 3267 2 7
7639 3275 2 51
4212 3226 3 69
4182 3232 3 17
7441 3263 1 28
7441 3263 2 2
6136 3252 1 0
162 3274 1 51
8946 3228 2 17
4869 3290 3 4
2453 3236 2 35
4194 3288 1 21
6515 3292 1 19
8945 3211 2 91
9642 3281 3 41
7639 3275 3 96
8026 3241 1 84
9691 3285 1 68
2741 3299 2 82
4251 3247 1 52
9931 3224 3 91
9889 3222 3 80
5315 3260 2 32
1374 3270 3 49
7200 3291 1 42
9619 3284 1 83
6613 3276 3 6
187 3254 1 48
6904 3237 3 87
1892 3212 1 25
8379 3208 1 90
1799 3250 1 4
3183 3249 2 52
9815 3258 3 20
7652 3287 1 39
4251 3247 3 74
9103 3231 1 74
3452 3259 3 59
1104 3219 2 62
4866 3246 2 16
1439 3201 2 48
5315 3260 3 36
9815 3258 1 27
6613 3276 1 37
9740 3217 2 30
4390 3272 3 27
7969 3209 2 13
8379 3208 2 82
8945 3211 1 96
9268 3282 2 73
8368 3218 3 40
6690 3230 2 41
6959 3235 3 73
1732 3229 3 31
3479 3245 1 44
8150 3244 2 91
6610 3298 1 76
2830 3242 2 79
8421 3223 1 24
9815 3258 2 98
6690 3230 3 35
6089 3216 3 99
2044 3300 1 60
4235 3251 3 64
1732 3229 1 59
1120 3213 3 80
5274 3220 2 38
1120 3213 2 26
3707 3215 1 98
7639 3275 1 2
9455 3289 3 2
8150 3244 1 27
2044 3300 3 85
9740 3217 3 19
9311 3234 1 42
4235 3251 2 57
4307 3277 3 24
4284 3262 1 89
5416 3261 3 64
7305 3295 1 21
9691 3285 2 13
3479 3245 3 52
9481 3206 2 76
4251 3247 2 44
3816 3268 1 0
6613 3276 2 14
4463 3256 3 36
8360 3248 2 64
5416 3261 1 22
3796 3266 2 95
1104 3219 1 17
3183 3249 3 93
4307 3277 1 13
9889 3222 1 81
4284 3262 3 2
6690 3230 1 76
1799 3250 2 77
3707 3215 2 68
9931 3224 1 84
7200 3291 3 6
9213 3269 3 8
8458 3257 2 33
2147 3202 2 16
3479 3245 2 25
4938 3238 3 85
1799 3250 3 30
2769 3207 3 22
9311 3234 3 36
8238 3271 3 42
6136 3252 3 91
4938 3238 1 65
2453 3236 3 28
8026 3241 2 42
9311 3234 2 56
3110 3225 1 20
2464 3280 3 72
2147 3202 1 10
9979 3210 1 24
2830 3242 3 87
9047 3239 2 34
2114 3296 1 36
8584 3253 2 36
9979 3210 3 62
9979 3210 2 40
4520 3286 1 53
8434 3264 3 83
1374 3270 2 57
4390 3272 1 22
2147 3202 3 23
9619 3284 2 86
4025 3243 3 22
8360 3248 1 8
8892 3273 3 17
4859 3297 1 91
4866 3246 3 21
8892 3273 1 94
7652 3287 3 43
3110 3225 2 68
4307 3277 2 76
3197 3283 2 79
3796 3266 1 60
9926 3278 3 9
2412 3227 1 6
8283 3203 2 18
8238 3271 2 20
2997 3293 2 42
9481 3206 1 84
1510 3214 3 11
9740 3217 1 23
2997 3293 3 66
4182 3232 1 74
4194 3288 2 8
9213 3269 2 8
9213 3269 1 41
4866 3246 1 100
5587 3204 2 70
4212 3226 1 58
4520 3286 3 74
1439 3201 1 94
9931 3224 2 11
5587 3204 3 93
9642 3281 1 42
5274 3220 3 99
8368 3218 1 46
6515 3292 3 48
9455 3289 1 71
2412 3227 3 6
2412 3227 2 85
8283 3203 3 75
8434 3264 1 27
3197 3283 1 63
7797 3205 3 40
6011 3294 3 40
8368 3218 2 90
7797 3205 2 66
4463 3256 1 56
6959 3235 1 46
9216 3221 1 3
8360 3248 3 99
7969 3209 1 41
5416 3261 2 67
8946 3228 3 13
3197 3283 3 0
2769 3207 1 36
7305 3295 2 60
5301 3240 3 13
1374 3270 1 100
1547 3233 1 46
8945 3211 3 22
6011 3294 1 67
4869 3290 2 18
9216 3221 2 5
4182 3232 2 36
1120 3213 1 82
6610 3298 3 86
4025 3243 1 90
8749 3373 1 63
2676 3329 1 75
6731 3323 2 16
5245 3354 1 22
4991 3347 1 95
2722 3396 2 13
4717 3312 3 29
4837 3371 2 37
5971 3330 3 34
6811 3320 1 18
5502 3338 2 81
11 3335 2 69
4788 3369 1 35
3729 3395 3 84
9911 3339 2 29
8568 3388 1 42
4991 3347 3 1
4608 3307 3 77
5172 3350 3 72
4096 3305 3 25
4121 3356 3 34
3729 3395 1 48
629 3313 3 36
7189 3359 2 14
7303 3326 2 76
5080 3382 1 53
5971 3330 1 59
4765 3336 3 70
9507 3311 1 67
7303 3326 1 28
6372 3394 2 19
8046 3342 3 75
8179 3357 2 46
5169 3328 1 8
4659 3374 1 85
4494 3386 3 49
4717 3312 2 1
677 3351 1 76
570 3340 2 28
8697 3385 1 13
5169 3328 3 100
570 3340 1 56
8988 3345 3 43
8660 3360 1 94
6301 3398 1 21
2805 3302 2 65
7581 3327 2 45
5880 3364 1 56
5172 3350 2 5
258 3334 2 23
3293 3324 1 85
9955 3332 2 33
9308 3325 2 24
5403 3322 2 61
8988 3345 1 1
9220 3387 1 80
4151 3349 1 2
3003 3331 2 73
3978 3362 1 25
590 3399 3 30
4096 3305 2 26
2805 3302 1 11
5403 3322 1 16
223 3308 1 51
4086 3363 1 68
6557 3348 2 4
9940 3379 1 94
937 3391 3 17
6970 3397 2 38
6557 3348 1 1
4788 3369 2 31
9940 3379 2 70
7581 3327 3 75
4962 3400 3 90
590 3399 2 92
6805 3304 1 58
5488 3361 2 35
11 3335 1 15
903 3370 2 18
3681 3381 3 12
8046 3342 1 5
9137 3315 3 15
4717 3312 1 77
571 3306 1 68
5379 3393 2 98
2098 3352 2 49
5172 3350 1 42
571 3306 3 96
2910 3392 2 92
1439 3372 3 34
2167 3383 1 95
4121 3356 1 43
4837 3371 3 4
9308 3325 3 56
4776 3377 1 35
3333 3344 2 56
2676 3329 3 86
3302 3319 3 71
5114 3301 1 47
2604 3309 1 45
8697 3385 3 17
9507 3311 2 18
1439 3372 2 35
5169 3328 2 55
6301 3398 3 36
4962 3400 2 20
7631 3375 1 47
5502 3338 3 57
2167 3383 3 93
1198 3341 3 45
677 3351 2 92
5114 3301 3 74
4535 3318 3 47
258 3334 1 21
4608 3307 2 7
9220 3387 2 74
4151 3349 3 18
3333 3344 3 4
717 3346 3 66
8988 3345 2 26
9137 3315 2 12
4776 3377 2 7
5114 3376 3 18
1926 3317 2 85
8660 3360 2 28
6072 3333 2 24
3302 3319 1 90
8779 3380 3 24
6970 3397 3 52
6072 3333 3 36
9090 3366 3 94
4776 3377 3 54
7631 3375 2 45
2098 3352 3 61
223 3308 2 88
8011 3343 2 73
2141 3378 1 50
8011 3343 1 76
27 3389 3 57
512 3384 3 78
2805 3302 3 50
5718 3358 2 95
5880 3364 3 83
4096 3305 1 17
9955 3332 3 35
8752 3310 2 48
2766 3316 1 52
717 3346 1 13
6301 3398 2 34
4608 3307 1 4
6731 3323 1 72
223 3308 3 43
5245 3354 3 65
9955 3332 1 20
6557 3348 3 38
2910 3392 3 10
6092 3355 2 21
3293 3324 3 32
9911 3339 3 58
3333 3344 1 7
4121 3356 2 60
3729 3395 2 50
6372 3394 1 94
2173 3368 2 47
8749 3373 2 84
8752 3310 1 2
11 3335 3 22
1215 3303 3 22
9308 3325 1 36
3978 3362 3 85
5080 3382 3 10
9940 3379 3 57
1215 3303 2 48
258 3334 3 84
8011 3343 3 76
2369 3321 1 25
3978 3362 2 53
5488 3361 1 71
5880 3364 2 47
8874 3365 2 8
9220 3387 3 91
629 3313 2 13
8752 3310 3 33
2720 3367 3 73
4659 3374 3 68
8697 3385 2 39
8779 3380 2 90
9090 3366 1 5
2766 3316 3 1
5718 3358 3 91
903 3370 3 2
5403 3322 3 74
8568 3388 2 90
2766 3316 2 74
1926 3317 1 84
2604 3309 2 24
677 3351 3 30
4991 3347 2 9
2369 3321 2 27
9137 3315 1 92
7224 3390 3 9
2722 3396 3 38
629 3313 1 93
4788 3369 3 18
8779 3380 1 20
6811 3320 2 92
903 3370 1 86
5971 3330 2 99
2720 3367 2 3
2910 3392 1 12
4765 3336 1 46
2720 3367 1 0
8359 3337 1 41
4837 3371 1 71
6811 3320 3 18
2173 3368 1 37
5114 3301 2 31
937 3391 1 82
9911 3339 1 28
6092 3355 3 68
2098 3352 1 61
8749 3373 3 83
7189 3359 3 14
4151 3349 2 56
3681 3381 2 51
7581 3327 1 78
7189 3359 1 99
4765 3336 2 4
4535 3318 2 14
7631 3375 3 7
5379 3393 1 20
2604 3309 3 90
1198 3341 1 45
937 3391 2 51
5245 3354 2 25
6805 3304 3 93
1926 3317 3 74
5196 3353 2 32
5379 3393 3 52
512 3384 1 62
6805 3304 2 84
8549 3314 2 29
570 3340 3 17
7224 3390 2 94
9507 3311 3 37
2173 3368 3 3
6092 3355 1 25
5502 3338 1 73
8660 3360 3 62
8179 3357 3 26
2676 3329 2 52
7224 3390 1 43
4962 3400 1 53
8874 3365 1 48
3302 3319 2 49
1439 3372 1 16
6372 3394 3 5
6731 3323 3 19
8046 3342 2 26
2722 3396 1 83
512 3384 2 46
5718 3358 1 89
8874 3365 3 27
1215 3303 1 84
717 3346 2 18
9090 3366 2 44
4494 3386 1 78
8359 3337 3 67
5196 3353 1 21
3681 3381 1 40
5488 3361 3 24
2369 3321 3 41
8179 3357 1 71
5114 3376 2 39
8549 3314 1 7
2141 3378 3 2
8359 3337 2 72
590 3399 1 2
4494 3386 2 58
4086 3363 2 61
4659 3374 2 75
571 3306 2 10
3003 3331 1 9
27 3389 1 88
6970 3397 1 77
3293 3324 2 78
8568 3388 3 8
6072 3333 1 65
2141 3378 2 66
5080 3382 2 4
27 3389 2 43
4086 3363 3 33
5114 3376 1 89
1198 3341 2 77
7303 3326 3 69
4535 3318 1 27
5196 3353 3 52
3003 3331 3 66
2167 3383 2 33
8549 3314 3 80
9496 3451 2 8
1802 3430 2 36
2804 3457 1 87
2095 3487 1 9
1800 3483 2 30
5488 3406 1 40
9994 3489 2 82
6962 3496 3 44
1411 3426 3 97
4105 3408 1 53
5431 3459 2 76
5269 3500 1 76
9747 3445 3 4
9421 3407 1 94
3340 3471 1 100
9735 3404 3 79
4715 3433 3 49
8927 3490 1 43
3455 3497 1 97
3734 3484 1 48
6844 3429 2 12
2912 3416 3 100
599 3440 1 52
540 3453 1 90
1542 3482 3 100
4609 3499 1 39
5488 3406 3 18
4385 3495 3 5
6266 3434 3 5
2438 3403 1 3
660 3402 2 70
5624 3472 1 56
9509 3470 3 97
257 3475 1 6
1175 3417 3 71
4470 3441 1 79
8625 3443 2 12
1411 3426 1 66
6890 3479 1 84
7330 3480 2 65
3238 3409 3 86
158 3401 1 28
1802 3430 1 77
2060 3476 3 90
1865 3492 2 99
5486 3421 3 65
8936 3405 3 49
2043 3485 2 77
2438 3403 2 76
70 3474 3 77
5431 3459 3 35
3152 3466 3 76
9421 3407 2 74
8580 3450 1 3
9853 3411 1 32
347 3444 1 81
431 3464 3 21
1033 3439 1 45
2438 3403 3 23
9369 3469 1 8
3238 3409 2 13
3152 3466 1 72
252 3449 1 75
6530 3456 1 66
5182 3431 3 77
2804 3457 2 99
4609 3499 2 60
8123 3463 1 92
178 3448 1 77
9853 3411 3 71
2804 3457 3 44
2544 3425 3 62
4470 3441 2 25
323 3467 3 63
4208 3498 2 57
3938 3486 2 12
1802 3430 3 36
6530 3456 3 5
4053 3432 1 14
7994 3458 3 39
1033 3439 3 47
6027 3462 2 75
2060 3476 1 77
7962 3460 3 29
8936 3405 1 80
6519 3428 2 60
3238 3409 1 27
852 3442 1 75
323 3467 2 49
6266 3434 2 16
6592 3461 3 58
9509 3470 1 47
8114 3412 1 63
178 3448 2 95
3152 3466 2 67
1786 3420 3 64
1896 3494 1 17
6519 3428 1 4
6266 3434 1 67
8625 3443 3 17
2043 3485 1 32
178 3448 3 11
5269 3500 3 72
257 3475 3 61
6890 3479 3 11
4609 3499 3 100
3626 3468 3 56
252 3449 2 46
4053 3432 3 16
2666 3437 3 40
5437 3422 2 82
2662 3454 3 100
9496 3451 1 54
4385 3495 1 83
8043 3438 1 44
8293 3419 2 83
8043 3438 2 71
7962 3460 1 31
6714 3452 1 31
3490 3423 3 89
6844 3429 1 54
1800 3483 1 80
6519 3428 3 1
70 3474 1 67
158 3401 3 19
5437 3422 3 37
9994 3489 1 42
9509 3470 2 40
1896 3494 3 80
5182 3431 2 56
9122 3455 3 67
4208 3498 1 16
2912 3416 1 33
5362 3414 1 85
3734 3484 2 74
2480 3435 2 100
599 3440 2 96
1542 3482 1 100
2666 3437 1 6
6714 3452 2 74
5182 3431 1 60
6027 3462 3 44
8008 3413 2 69
1786 3420 2 95
6592 3461 2 52
5486 3421 2 34
8008 3413 1 3
5265 3410 1 27
431 3464 2 72
5926 3436 1 65
7962 3460 2 15
6962 3496 2 32
8927 3490 2 23
1570 3493 2 6
3626 3468 2 82
4715 3433 1 7
4208 3498 3 28
1175 3417 2 63
2544 3425 2 25
2480 3435 3 44
3734 3484 3 99
9853 3411 2 46
6592 3461 1 87
8114 3412 3 28
660 3402 3 35
5926 3436 3 68
2170 3477 3 0
3938 3486 1 13
1896 3494 2 56
5624 3472 2 24
4105 3408 2 91
7330 3480 3 63
5437 3422 1 82
8123 3463 3 55
5291 3418 1 32
5265 3410 3 57
4053 3432 2 23
3490 3423 1 76
9369 3469 3 91
2666 3437 2 25
8927 3490 3 58
1542 3482 2 47
852 3442 2 87
3490 3423 2 21
599 3440 3 0
4804 3491 3 13
5486 3421 1 52
5012 3415 2 9
1865 3492 1 88
4105 3408 3 58
5012 3415 3 47
1172 3446 1 84
540 3453 3 37
9421 3407 3 13
5218 3424 1 53
4804 3491 2 18
2662 3454 2 18
252 3449 3 12
1255 3465 1 28
2793 3447 3 70
1255 3465 3 4
2662 3454 1 70
92 3481 1 96
5362 3414 3 13
2095 3487 2 18
8293 3419 3 83
3455 3497 2 40
5265 3410 2 94
9369 3469 2 9
5488 3406 2 68
2095 3487 3 28
6890 3479 2 30
8636 3478 3 44
8043 3438 3 28
5431 3459 1 41
3938 3486 3 21
1172 3446 3 82
9747 3445 1 55
2060 3476 2 95
8079 3488 2 61
2170 3477 1 64
1786 3420 1 57
8114 3412 2 90
1255 3465 2 65
1411 3426 2 52
8008 3413 3 73
1570 3493 3 84
2043 3485 3 33
8079 3488 3 52
1800 3483 3 88
347 3444 3 84
566 3427 1 92
3340 3471 3 60
7994 3458 1 32
9122 3455 1 13
6027 3462 1 27
1865 3492 3 18
8580 3450 3 45
92 3481 2 79
9994 3489 3 87
8936 3405 2 56
5218 3424 3 18
1570 3493 1 6
2793 3447 2 44
540 3453 2 46
566 3427 3 34
332 3473 2 83
2544 3425 1 62
5218 3424 2 69
5291 3418 3 27
8625 3443 1 9
1175 3417 1 23
347 3444 2 22
9496 3451 3 23
158 3401 2 23
9122 3455 2 16
8123 3463 2 72
566 3427 2 30
6530 3456 2 92
5291 3418 2 89
2480 3435 1 77
8636 3478 1 93
8580 3450 2 17
4715 3433 2 83
3455 3497 3 91
2912 3416 2 2
3626 3468 1 28
1172 3446 2 42
4385 3495 2 52
3340 3471 2 76
9735 3404 1 41
332 3473 3 37
5624 3472 3 25
6844 3429 3 10
5269 3500 2 29
6962 3496 1 61
5926 3436 2 13
9747 3445 2 75
2793 3447 1 79
7994 3458 2 86
2170 3477 2 28
323 3467 1 79
70 3474 2 47
852 3442 3 27
257 3475 2 93
332 3473 1 37
5362 3414 2 19
8636 3478 2 52
431 3464 1 47
8079 3488 1 29
6714 3452 3 5
7330 3480 1 91
5012 3415 1 37
92 3481 3 14
8293 3419 1 57
4804 3491 1 54
1033 3439 2 43
9735 3404 2 12
660 3402 1 20
4470 3441 3 68
5056 3514 2 45
875 3550 3 47
805 3548 1 8
811 3584 2 10
6794 3524 2 83
5762 3512 2 48
8097 3528 2 91
5954 3533 3 43
5803 3513 2 45
555 3600 2 16
1544 3570 2 29
9778 3541 1 66
7719 3503 3 7
8016 3508 3 75
9556 3521 1 69
8396 3578 3 66
6554 3538 3 76
2031 3564 1 14
6181 3567 1 64
3910 3549 2 61
2768 3591 3 38
875 3550 1 36
3664 3590 2 15
3819 3589 1 98
5174 3535 3 85
9285 3551 2 23
3215 3553 3 68
2473 3573 3 77
5937 3572 1 60
7980 3531 1 18
5937 3572 3 24
6181 3567 3 90
6794 3524 3 54
2991 3507 2 0
2800 3582 3 81
2087 3596 2 85
5836 3588 1 20
52 3510 3 92
4816 3575 3 43
3928 3559 2 64
9248 3555 3 60
7594 3537 2 26
1544 3570 3 75
228 3597 2 5
7118 3569 2 32
811 3584 1 77
8396 3578 1 39
9552 3534 1 75
5762 3512 3 30
2356 3546 3 24
228 3597 1 98
1998 3561 3 68
9556 3521 2 58
5004 3554 2 54
555 3600 3 61
3664 3590 1 31
2783 3577 3 2
4740 3594 3 84
8396 3578 2 98
9248 3555 1 11
2991 3507 1 23
7118 3569 1 89
2343 3529 2 100
7575 3502 3 99
6217 3557 2 70
3215 3553 1 85
1730 3542 2 4
9711 3566 1 80
6936 3527 2 29
7594 3537 3 78
6074 3505 3 12
8111 3598 3 41
1790 3511 1 25
3236 3520 3 18
4030 3540 3 60
7467 3581 2 1
7584 3509 3 12
4066 3563 2 18
8193 3545 2 88
1730 3542 1 4
6181 3567 2 65
9778 3541 2 87
9556 3521 3 80
5174 3535 1 36
6074 3505 2 19
2419 3576 1 85
9711 3566 3 33
5284 3587 1 97
998 3558 3 71
756 3501 3 5
2010 3523 1 96
4740 3594 1 50
3688 3544 2 21
8111 3598 2 97
7980 3531 3 52
555 3600 1 48
2010 3523 2 79
1323 3580 3 63
3429 3593 1 59
4814 3539 3 65
541 3519 3 64
5387 3585 2 81
805 3548 3 89
2419 3576 2 19
6794 3524 1 51
1743 3506 2 56
5803 3513 1 100
3928 3559 3 72
9552 3534 3 73
8111 3598 1 28
9285 3551 1 26
2768 3591 2 7
2783 3577 2 18
1544 3570 1 74
3910 3549 1 68
228 3597 3 62
3819 3589 3 15
2031 3564 2 97
8992 3560 2 34
6217 3557 3 13
9504 3568 3 67
4396 3517 2 80
8097 3528 1 8
1409 3583 3 61
2087 3596 3 20
1790 3511 2 77
5793 3556 3 46
3911 3565 1 97
7663 3579 1 12
3378 3530 3 81
5056 3514 1 55
7663 3579 2 95
2943 3516 2 48
9552 3534 2 23
4066 3563 1 87
5574 3536 1 39
5954 3533 1 67
5803 3513 3 65
875 3550 2 70
8193 3545 1 51
2356 3546 2 12
4448 3504 3 95
1867 3515 3 13
2473 3573 2 42
5004 3554 1 26
2343 3529 3 37
5056 3514 3 69
805 3548 2 53
5730 3586 2 43
9711 3566 2 29
5574 3536 2 79
1323 3580 1 31
3911 3565 2 5
5574 3536 3 91
1985 3525 3 88
3819 3589 2 39
5387 3585 1 99
1867 3515 2 80
8016 3508 2 32
7467 3581 1 98
2913 3562 2 14
7575 3502 1 8
6217 3557 1 0
8065 3518 3 27
4261 3574 1 71
4816 3575 2 79
6554 3538 2 33
541 3519 2 86
117 3571 3 62
6936 3527 1 45
2419 3576 3 60
7594 3537 1 55
2087 3596 1 67
6427 3599 3 62
8065 3518 2 66
2800 3582 1 17
9248 3555 2 51
7876 3543 3 73
2783 3577 1 8
8189 3547 1 94
2031 3564 3 89
5377 3526 1 47
7358 3592 1 34
5730 3586 1 62
5836 3588 3 51
1977 3552 3 12
4030 3540 2 24
2800 3582 2 98
1323 3580 2 58
1867 3515 1 1
7663 3579 3 53
1985 3525 1 78
5730 3586 3 23
1743 3506 3 85
4066 3563 3 17
5377 3526 2 85
4930 3595 2 24
2913 3562 1 48
3236 3520 2 4
7876 3543 1 42
5004 3554 3 90
1730 3542 3 12
811 3584 3 1
3378 3530 2 84
7980 3531 2 61
2010 3523 3 47
3429 3593 3 30
3215 3553 2 51
756 3501 2 38
6074 3505 1 36
4740 3594 2 2
9504 3568 2 12
4816 3575 1 97
1409 3583 2 31
6427 3599 1 36
3664 3590 3 39
1998 3561 2 57
7358 3592 3 89
9386 3522 1 78
1977 3552 1 53
7719 3503 1 58
2343 3529 1 71
117 3571 1 76
6936 3527 3 82
8193 3545 3 44
4448 3504 1 99
3066 3532 3 32
4814 3539 2 44
52 3510 1 39
4930 3595 1 54
1409 3583 1 34
8065 3518 1 49
4396 3517 1 71
756 3501 1 5
1743 3506 1 67
5937 3572 2 82
2356 3546 1 31
3429 3593 2 13
7467 3581 3 33
3688 3544 1 41
5954 3533 2 93
2991 3507 3 66
6554 3538 1 63
6427 3599 2 24
2943 3516 3 62
1985 3525 2 88
7358 3592 2 44
9285 3551 3 87
8097 3528 3 14
7876 3543 2 40
2943 3516 1 41
8189 3547 2 0
998 3558 2 99
4814 3539 1 11
5762 3512 1 23
8189 3547 3 26
7118 3569 3 26
9386 3522 2 30
4448 3504 2 30
9504 3568 1 28
9778 3541 3 37
52 3510 2 54
3066 3532 2 93
5793 3556 2 54
5284 3587 3 55
8016 3508 1 44
4930 3595 3 36
3066 3532 1 19
4030 3540 1 30
7575 3502 2 87
4261 3574 2 97
998 3558 1 15
5174 3535 2 34
3688 3544 3 29
2473 3573 1 80
7719 3503 2 91
5836 3588 2 73
3911 3565 3 25
117 3571 2 23
3910 3549 3 12
5793 3556 1 70
3236 3520 1 3
5377 3526 3 87
4396 3517 3 80
2913 3562 3 99
7584 3509 2 52
8992 3560 1 97
3378 3530 1 89
3928 3559 1 13
2768 3591 1 48
8992 3560 3 54
4261 3574 3 75
1790 3511 3 43
9386 3522 3 48
541 3519 1 71
1998 3561 1 25
7584 3509 1 56
5284 3587 2 72
1977 3552 2 49
5387 3585 3 51
5117 3693 2 73
1468 3671 2 51
8471 3674 2 11
2133 3626 2 21
8986 3698 2 9
6742 3691 3 8
4771 3665 2 39
3565 3622 3 38
3924 3690 3 95
5117 3693 1 75
2339 3648 3 67
2606 3633 3 43
196 3685 2 26
18 3645 3 24
9243 3608 2 10
7242 3666 1 38
1855 3657 1 83
9684 3625 1 14
1790 3668 3 1
3388 3692 1 3
8344 3678 3 83
1687 3694 2 92
6790 3650 1 81
6414 3611 1 22
6790 3650 3 32
196 3685 3 66
7420 3634 1 54
5149 3647 3 6
6966 3673 3 58
1468 3671 1 56
5818 3618 3 34
8152 3619 2 45
2104 3662 1 98
5777 3630 3 100
1790 3668 1 35
7265 3612 3 37
9243 3608 3 79
3924 3690 2 85
5630 3620 1 64
8091 3603 1 97
4736 3637 3 37
8471 3674 1 15
6790 3650 2 85
4736 3637 1 2
3388 3692 3 10
5117 3693 3 54
576 3688 3 82
7420 3634 2 77
5777 3630 1 8
6181 3646 2 58
2550 3682 2 42
1463 3610 3 61
408 3614 1 89
8216 3602 3 80
3662 3607 1 87
5878 3635 1 21
605 3606 1 38
6355 3656 3 71
6181 3646 3 89
408 3614 3 68
5473 3615 1 0
1463 3610 2 30
8030 3659 3 40
5777 3630 2 96
4826 3613 2 81
5473 3615 3 54
9164 3641 2 81
8607 3670 1 55
3580 3683 3 33
7242 3666 3 100
3662 3607 2 31
5630 3620 2 77
5489 3689 2 12
6414 3611 3 62
8344 3678 2 25
7458 3687 1 67
408 3614 2 81
2633 3663 2 10
4397 3653 2 1
6170 3601 3 76
3068 3664 1 82
3590 3660 3 8
2879 3631 1 52
2760 3616 3 72
8091 3603 2 92
4748 3681 1 47
9164 3641 3 38
299 3640 2 77
1747 3684 1 92
3474 3642 3 83
1687 3694 3 5
6355 3656 1 52
2633 3663 1 98
3580 3683 1 80
9673 3700 3 8
9243 3608 1 36
8030 3659 2 1
596 3655 1 93
5149 3647 2 61
605 3606 3 64
6414 3611 2 73
3483 3696 3 59
401 3639 2 33
4345 3652 3 36
1011 3643 3 0
4904 3679 3 97
2054 3675 2 48
9651 3632 3 53
9684 3625 2 41
4689 3629 3 83
3474 3642 1 32
4939 3636 3 37
3483 3696 2 15
2435 3644 1 21
8607 3670 3 39
5149 3647 1 63
8986 3698 3 64
4203 3695 2 36
3924 3690 1 44
8891 3654 2 70
6966 3673 2 43
3580 3683 2 45
2550 3682 1 71
7242 3666 2 83
605 3606 2 50
4826 3613 3 53
8471 3674 3 85
4689 3629 1 83
1747 3684 2 74
3163 3623 3 61
9673 3700 1 70
1747 3684 3 18
1916 3651 3 40
5878 3635 3 2
3565 3622 1 91
8607 3670 2 40
7420 3634 3 36
3163 3623 2 71
9164 3641 1 19
4771 3665 1 81
3068 3664 2 33
2760 3616 1 41
3483 3696 1 29
8216 3602 2 12
6742 3691 2 28
8891 3654 1 33
5921 3649 2 8
4561 3617 1 0
4748 3681 2 54
1546 3676 1 95
8030 3659 1 30
8091 3603 3 26
4345 3652 2 7
1468 3671 3 79
924 3667 2 35
2133 3626 3 11
7458 3687 2 26
2676 3672 1 28
924 3667 3 51
4904 3679 1 46
4939 3636 1 34
1757 3605 3 67
4939 3636 2 86
1790 3621 3 59
8891 3654 3 89
5818 3618 1 1
1757 3605 1 85
4748 3681 3 96
9673 3700 2 58
2005 3628 3 7
4561 3617 3 0
1855 3657 3 49
7265 3612 1 69
9474 3699 1 3
4487 3680 1 53
1790 3668 2 69
920 3661 1 25
2005 3628 1 90
299 3640 3 36
2339 3648 1 34
596 3655 3 3
2104 3662 2 5
8152 3619 3 47
4487 3680 3 99
2699 3686 2 65
6355 3656 2 20
3662 3607 3 41
596 3655 2 65
2435 3644 2 28
3385 3604 2 86
18 3645 2 94
6966 3673 1 67
2104 3662 3 49
2606 3633 2 100
3068 3664 3 6
401 3639 3 71
5921 3649 1 41
3590 3660 2 38
299 3640 1 49
5473 3615 2 78
3561 3627 2 82
3561 3627 3 65
2606 3633 1 21
401 3639 1 31
5489 3689 3 26
4904 3679 2 65
3565 3622 2 18
1011 3643 2 70
8344 3678 1 98
3728 3609 3 81
18 3645 1 15
196 3685 1 24
7353 3638 1 11
4826 3613 1 73
6390 3669 1 58
3590 3660 1 33
6664 3697 2 23
2530 3658 3 60
7353 3638 2 94
767 3677 2 35
2054 3675 3 18
9684 3625 3 87
1197 3624 2 95
6170 3601 2 58
5630 3620 3 72
3474 3642 2 25
576 3688 2 41
2005 3628 2 14
3388 3692 2 68
2435 3644 3 68
2339 3648 2 61
1546 3676 2 46
576 3688 1 83
2133 3626 1 13
920 3661 2 5
2633 3663 3 0
5878 3635 2 49
767 3677 1 2
2054 3675 1 92
2676 3672 3 46
6664 3697 1 59
4203 3695 1 41
924 3667 1 99
1855 3657 2 19
6390 3669 3 35
5489 3689 1 0
920 3661 3 23
4689 3629 2 84
4397 3653 3 11
2699 3686 3 63
6181 3646 1 17
4487 3680 2 7
8986 3698 1 59
6170 3601 1 42
7353 3638 3 61
9474 3699 3 61
8216 3602 1 63
4561 3617 2 51
3385 3604 3 92
3385 3604 1 15
1463 3610 1 71
5818 3618 2 72
6742 3691 1 51
1790 3621 1 71
2699 3686 1 85
6664 3697 3 24
7265 3612 2 96
767 3677 3 68
9474 3699 2 52
2879 3631 2 54
1197 3624 3 59
1916 3651 1 85
3561 3627 1 76
4345 3652 1 35
1687 3694 1 58
3163 3623 1 74
8152 3619 1 66
1916 3651 2 36
2760 3616 2 49
4771 3665 3 83
1790 3621 2 75
3728 3609 2 52
2879 3631 3 4
4397 3653 1 89
1546 3676 3 7
2676 3672 2 93
1011 3643 1 51
2550 3682 3 34
9651 3632 2 71
4736 3637 2 79
3728 3609 1 34
1757 3605 2 67
7458 3687 3 59
5921 3649 3 12
1197 3624 1 53
9651 3632 1 28
2530 3658 1 49
2530 3658 2 1
6390 3669 2 11
4203 3695 3 32
7429 3747 2 5
2193 3787 3 37
1474 3723 2 86
6843 3799 2 58
4978 3771 2 97
2087 3753 2 75
4136 3765 2 52
3164 3766 3 80
3925 3709 3 60
4856 3798 3 63
2267 3797 1 96
367 3785 3 69
5805 3725 1 92
4856 3798 1 33
5384 3783 1 87
2102 3760 1 3
4386 3789 1 95
1098 3720 1 90
1474 3723 3 78
6895 3718 1 64
55 3737 1 38
365 3734 2 88
9340 3776 1 82
6432 3704 2 37
2577 3764 3 77
9123 3735 1 75
7823 3782 3 12
6083 3716 2 45
5186 3763 3 45
22 3769 2 84
6843 3799 3 78
4386 3789 3 49
1407 3739 1 94
4523 3726 2 69
3790 3784 3 62
2529 3777 2 45
2529 3777 1 76
9653 3788 3 50
1940 3721 3 82
8981 3780 2 2
1285 3743 3 34
9927 3732 3 32
608 3740 2 24
1710 3706 3 11
8555 3710 2 42
3164 3766 2 96
2359 3800 1 11
1613 3792 2 100
9340 3776 2 87
3790 3784 1 80
9927 3732 1 45
354 3741 2 45
2394 3703 2 10
608 3740 3 57
8555 3710 3 36
2394 3703 3 70
9950 3758 1 31
2111 3781 1 17
8419 3795 1 84
3164 3757 1 74
315 3755 2 8
2359 3800 2 41
6385 3775 1 73
4597 3748 2 67
3164 3757 2 90
22 3769 3 18
367 3785 2 14
7606 3731 1 93
2102 3760 3 78
213 3752 1 11
2529 3777 3 93
1613 3792 3 78
466 3715 1 53
3972 3733 3 45
8419 3795 3 21
2211 3705 3 100
365 3734 3 23
2366 3790 1 99
9653 3788 2 56
5384 3783 2 75
3038 3773 1 22
9172 3794 3 98
1558 3770 2 93
1940 3721 1 66
4217 3717 2 98
213 3752 3 73
1285 3743 2 40
8900 3768 1 63
6296 3742 1 25
1672 3772 1 71
2677 3722 3 71
2677 3722 1 13
9077 3796 1 17
6432 3704 3 23
542 3711 3 54
7576 3713 2 23
8617 3702 2 55
1124 3759 1 28
9117 3744 2 10
9084 3774 3 5
843 3778 1 29
2348 3791 3 54
3164 3766 1 55
2393 3730 2 12
2393 3730 3 86
2087 3753 3 1
2577 3764 1 93
6344 3754 1 33
5962 3701 2 49
7429 3747 1 62
6296 3742 2 71
6843 3799 1 24
4923 3708 3 36
1672 3772 2 1
8900 3768 3 89
8617 3702 3 21
1875 3767 2 45
976 3745 2 37
2193 3787 2 66
4536 3719 3 12
6145 3750 3 53
3972 3733 1 68
5760 3714 1 80
6344 3754 3 83
1672 3772 3 35
2111 3781 3 54
2348 3791 1 69
9172 3794 1 30
4523 3726 1 93
4923 3708 2 74
3972 3733 2 75
608 3740 1 1
315 3755 3 96
976 3745 1 53
7823 3782 2 5
9950 3758 2 59
9077 3796 2 77
4386 3789 2 82
1875 3767 3 49
7823 3782 1 35
5161 3786 1 86
2577 3764 2 7
9172 3794 2 84
5384 3783 3 51
542 3711 2 75
1098 3720 3 23
4523 3726 3 4
3164 3757 3 94
6145 3750 1 4
4856 3798 2 57
5031 3738 2 56
213 3752 2 57
6344 3754 2 25
4978 3771 3 91
1407 3739 3 71
1285 3743 1 67
843 3778 2 80
2348 3791 2 94
365 3734 1 50
2267 3797 2 82
8150 3746 1 50
9117 3744 3 34
424 3779 3 6
6385 3775 2 86
5161 3786 2 17
4536 3719 2 100
7465 3736 2 40
1124 3759 2 90
7576 3713 3 60
4217 3717 1 81
4217 3717 3 71
4136 3765 1 43
4136 3765 3 56
22 3769 1 20
9340 3776 3 81
2468 3761 2 64
2211 3705 2 20
3925 3709 1 9
466 3715 3 46
1528 3756 3 58
2677 3722 2 16
1211 3707 2 38
1613 3792 1 48
6083 3716 1 88
9084 3774 2 85
9950 3758 3 82
9107 3724 3 10
9927 3732 2 54
5031 3738 1 99
1164 3793 3 4
1528 3756 1 96
1806 3729 3 42
2468 3761 3 49
1211 3707 3 52
8900 3768 2 94
9123 3735 3 14
7429 3747 3 15
9107 3724 1 68
5186 3763 1 64
6432 3704 1 36
6451 3712 2 60
5962 3701 3 79
2102 3760 2 40
9077 3796 3 9
5962 3701 1 0
9117 3744 1 85
2394 3703 1 44
2111 3781 2 52
1407 3739 2 64
3038 3773 2 98
2393 3730 1 20
1211 3707 1 46
7606 3731 3 22
6451 3712 3 26
1799 3749 3 39
367 3785 1 66
3551 3727 1 30
5817 3762 3 26
5161 3786 3 64
1710 3706 1 83
7465 3736 3 84
1164 3793 1 86
2211 3705 1 23
5760 3714 2 76
6296 3742 3 87
4597 3748 3 94
9084 3774 1 28
4923 3708 1 81
8981 3780 3 34
1806 3729 1 38
976 3745 3 75
5805 3725 2 4
7576 3713 1 95
55 3737 3 19
5760 3714 3 84
3925 3709 2 61
9107 3724 2 77
1806 3729 2 30
7465 3736 1 33
1710 3706 2 91
1474 3723 1 77
843 3778 3 69
2087 3753 1 46
853 3728 3 76
4978 3771 1 24
315 3755 1 25
8150 3746 2 97
6083 3716 3 49
1098 3720 2 82
6385 3775 3 77
1558 3770 1 39
853 3728 2 30
1799 3749 1 55
2193 3787 1 44
853 3728 1 63
6451 3712 1 49
6895 3718 3 43
1164 3793 2 21
3790 3784 2 88
1940 3721 2 89
5901 3751 1 39
424 3779 1 34
5817 3762 2 93
1124 3759 3 50
354 3741 3 21
2366 3790 2 23
8419 3795 2 9
8981 3780 1 9
2267 3797 3 86
466 3715 2 39
5186 3763 2 88
8555 3710 1 47
5901 3751 3 95
8617 3702 1 71
2366 3790 3 61
3551 3727 3 16
1558 3770 3 9
2468 3761 1 12
2359 3800 3 66
1799 3749 2 26
6145 3750 2 45
9123 3735 2 7
1528 3756 2 5
354 3741 1 13
5901 3751 2 55
7606 3731 2 18
424 3779 2 65
3551 3727 2 38
542 3711 1 90
6895 3718 2 52
5805 3725 3 70
9653 3788 1 54
4536 3719 1 62
5031 3738 3 1
3038 3773 3 92
5817 3762 1 44
1875 3767 1 90
55 3737 2 30
8150 3746 3 97
4597 3748 1 14
3536 3875 1 26
7152 3883 3 93
9613 3813 3 49
5401 3814 1 46
4611 3844 2 47
5916 3863 1 0
4376 3862 2 5
5113 3872 1 89
70 3832 2 99
6615 3806 3 67
5113 3872 2 97
2880 3855 2 31
3294 3852 2 46
5352 3827 3 15
9214 3856 2 79
454 3843 2 21
9722 3820 1 74
64 3867 1 75
6921 3845 2 6
3737 3836 3 10
3528 3839 3 23
8201 3837 3 90
1672 3822 2 49
9988 3900 1 21
8816 3848 3 93
2317 3801 2 8
8560 3854 3 24
1320 3804 3 40
7918 3826 3 49
2317 3801 1 31
3734 3818 1 52
8408 3850 3 60
4980 3859 3 24
6817 3831 2 70
2948 3866 1 37
544 3842 2 71
2448 3821 1 9
5245 3878 2 13
6615 3806 2 92
4836 3879 1 59
3261 3865 3 37
2521 3895 1 12
8998 3861 2 66
1416 3869 2 39
6702 3890 3 20
9639 3835 2 64
8201 3837 2 55
6771 3833 2 56
6673 3882 2 84
7224 3876 2 15
1672 3822 1 24
4093 3898 2 52
8201 3823 3 34
4148 3896 1 42
1566 3838 2 52
5301 3817 2 42
5245 3878 1 14
1607 3868 3 31
9613 3813 1 4
3780 3873 2 100
4416 3803 3 26
544 3842 1 27
7152 3883 1 100
122 3881 3 38
2045 3894 1 7
595 3805 2 22
7918 3826 1 8
8998 3861 1 71
4987 3830 1 5
7265 3888 1 46
595 3805 1 13
7177 3807 1 79
3780 3873 1 69
14 3829 2 29
1416 3851 3 43
873 3870 1 71
2448 3821 3 0
6817 3831 3 79
6005 3891 3 39
7182 3877 3 97
7182 3877 2 53
3036 3849 3 97
6921 3845 3 16
6635 3802 3 82
3036 3849 2 98
14 3829 1 71
454 3843 3 53
7037 3808 2 61
2045 3894 2 14
1455 3860 1 1
1104 3853 3 74
2948 3866 2 48
6733 3825 3 98
6651 3841 1 86
5195 3840 3 52
7224 3876 3 96
5340 3892 1 39
1751 3846 2 54
8201 3837 1 43
1455 3860 2 23
64 3867 2 57
4987 3830 3 67
4148 3896 3 14
2183 3857 2 25
2027 3858 3 59
9139 3811 3 36
3644 3897 3 49
5195 3840 2 18
6757 3885 1 19
4980 3859 1 29
7846 3893 3 37
8560 3854 1 62
8408 3850 2 20
3536 3875 2 16
4836 3879 2 16
4987 3830 2 1
6615 3806 1 77
2521 3895 2 5
1104 3853 2 78
9696 3809 3 86
7224 3876 1 26
1566 3838 1 56
8943 3889 1 98
6771 3833 1 55
7037 3808 1 25
3261 3865 1 97
9639 3835 3 81
8943 3889 2 79
6390 3880 3 24
454 3843 1 46
7846 3893 2 55
9988 3900 3 43
2045 3894 3 96
8816 3848 2 6
3294 3852 3 26
6390 3880 2 30
4148 3896 2 38
1061 3884 2 31
8018 3819 2 64
5195 3840 1 85
119 3834 3 51
3372 3815 2 23
8998 3861 3 11
6005 3891 2 47
3294 3852 1 90
2317 3801 3 69
6673 3882 3 45
2027 3858 2 52
9662 3812 3 26
7265 3888 3 82
6817 3831 1 6
9139 3811 2 23
595 3805 3 76
8018 3819 3 40
9988 3900 2 51
1416 3851 2 52
5100 3828 1 56
6733 3825 2 88
8560 3854 2 3
1566 3838 3 87
2448 3821 2 13
3372 3815 1 17
6702 3890 1 55
9662 3812 2 69
5581 3899 2 100
1607 3868 2 56
5352 3827 1 77
4416 3803 2 62
8816 3848 1 40
4611 3844 3 86
8810 3874 2 57
7182 3877 1 57
2183 3857 1 28
9251 3810 1 10
6921 3845 1 91
8810 3874 3 16
9934 3824 3 17
8018 3819 1 73
9722 3820 2 84
4611 3844 1 17
3536 3875 3 30
8201 3823 1 14
9639 3835 1 25
5100 3828 3 72
1416 3869 1 69
2183 3857 3 22
2521 3895 3 69
1320 3804 2 54
122 3881 1 21
9139 3811 1 5
5340 3892 2 69
3734 3818 2 70
9214 3856 3 53
5581 3899 1 21
9722 3820 3 23
4376 3862 3 35
5301 3817 1 58
7037 3808 3 78
6651 3841 2 90
4188 3886 1 36
2880 3855 3 42
2948 3866 3 11
2027 3858 1 27
5581 3899 3 67
6733 3825 1 47
14 3829 3 2
119 3834 1 72
5113 3872 3 4
7484 3816 3 58
6673 3882 1 50
5401 3814 2 26
3420 3847 1 75
9696 3809 2 50
9934 3824 1 27
6005 3891 1 85
5380 3887 2 17
5380 3887 1 48
9346 3871 3 59
9251 3810 2 60
8810 3874 1 41
1104 3853 1 25
3528 3839 2 14
9214 3856 1 95
5380 3887 3 35
5916 3863 2 69
6651 3841 3 93
8943 3889 3 98
1455 3860 3 23
1416 3851 1 46
7484 3816 1 35
5340 3892 3 20
9346 3871 1 64
1320 3804 1 47
9696 3809 1 29
1061 3884 1 45
6635 3802 2 81
4188 3886 3 66
6757 3885 2 44
9613 3813 2 15
5352 3827 2 15
8408 3850 1 41
4836 3879 3 3
4376 3862 1 33
7484 3816 2 60
1061 3884 3 32
6771 3833 3 78
5245 3878 3 85
5100 3828 2 76
6635 3802 1 58
3644 3897 2 8
6757 3885 3 33
64 3867 3 14
1751 3846 3 13
3734 3818 3 2
3737 3836 1 100
3420 3847 3 49
9934 3824 2 14
4093 3898 3 29
873 3870 2 23
8201 3823 2 66
3528 3839 1 23
3261 3865 2 69
7846 3893 1 7
4188 3886 2 47
122 3881 2 93
908 3864 2 2
9662 3812 1 10
3372 3815 3 11
1416 3869 3 5
7177 3807 3 37
119 3834 2 84
3036 3849 1 13
4980 3859 2 18
5401 3814 3 8
5916 3863 3 58
1672 3822 3 76
1607 3868 1 63
3737 3836 2 49
9251 3810 3 96
3780 3873 3 67
3420 3847 2 28
2880 3855 1 28
7265 3888 2 4
6702 3890 2 36
7177 3807 2 37
4416 3803 1 1
5301 3817 3 15
7152 3883 2 50
70 3832 1 30
9346 3871 2 95
4093 3898 1 87
7918 3826 2 8
908 3864 1 98
70 3832 3 62
908 3864 3 42
1751 3846 1 89
873 3870 3 73
6390 3880 1 99
544 3842 3 62
3644 3897 1 98
174 3917 3 77
8967 3977 2 84
3653 3984 3 21
3000 3931 1 92
7693 3997 1 23
3553 3986 2 35
6263 3948 2 1
4757 3916 2 21
4868 3978 2 62
5264 3961 1 61
3653 3984 1 15
8023 3965 1 80
9392 3955 1 43
6914 3940 3 20
8647 3906 1 1
2975 3974 2 35
9625 3991 2 13
3835 3981 1 57
4739 3903 1 24
8614 3946 3 96
2019 3970 2 21
1867 3973 1 45
1123 3960 3 34
9425 3993 1 98
3553 3986 1 60
3215 3928 3 88
307 3911 1 70
7030 3904 2 75
5817 3921 1 94
5817 3921 2 36
8967 3977 1 6
6518 3957 3 30
9897 3924 3 25
7693 3997 3 59
6860 3996 3 9
7567 3966 1 34
9995 3959 2 75
7724 3964 3 59
583 3989 2 13
1123 3960 2 21
3917 3962 2 62
6200 3915 3 79
236 3935 2 51
3615 3947 3 36
8614 3946 2 35
8038 3983 1 74
1346 3944 1 51
7058 3972 1 58
6240 3995 3 23
7784 3943 1 52
7724 3964 1 100
1925 3985 2 2
765 3954 3 95
1297 3958 2 70
7894 3933 2 4
8391 3901 3 36
8185 3907 3 27
6031 3923 2 18
6602 3999 2 23
6950 3919 3 26
7030 3904 3 27
4335 3951 3 80
8474 3982 1 61
6240 3995 2 85
1297 3958 1 100
1297 3958 3 56
6200 3915 2 49
3375 3918 1 0
3778 3988 2 63
5823 3920 3 33
6031 3923 3 16
307 3911 2 25
2135 3925 1 64
4109 3967 1 99
3917 3962 1 97
7197 3950 1 91
3835 3981 3 29
363 3927 3 21
6225 3952 2 75
2135 3925 2 77
3622 3968 2 40
8474 3982 2 85
2825 3937 2 59
7927 3938 3 26
3000 3931 3 22
9995 3959 1 60
5655 3979 1 35
9392 3955 3 15
5793 3929 2 35
1600 3963 3 6
6860 3996 2 0
1867 3973 3 29
6711 3912 2 2
4974 3926 1 51
3200 3913 2 26
2825 3937 1 48
6919 3905 3 26
2870 3941 3 27
6602 3999 3 24
3200 3913 1 48
8929 3998 3 64
3375 3918 2 5
6602 3999 1 77
5065 3932 1 12
4335 3951 1 100
6156 3992 1 34
7298 3953 2 81
6914 3940 1 21
596 3939 2 68
6263 3948 1 8
7182 3910 3 38
9172 3936 3 57
5655 3979 2 1
3622 3968 1 75
7567 3966 3 2
6711 3912 1 68
5833 3930 3 67
2454 3971 3 27
2543 3922 3 28
4459 3908 2 13
2132 3942 2 77
1600 3963 1 26
9392 3955 2 98
4459 3908 1 83
8687 3934 2 38
8687 3934 3 34
1058 3980 3 63
3778 3988 1 46
3553 3986 3 57
2825 3937 3 76
4543 3945 2 52
9859 3914 2 93
4739 3903 2 64
4974 3926 2 18
3653 3984 2 15
8622 3990 3 13
5203 3987 3 74
7784 3943 3 80
2454 3971 2 51
5793 3929 1 94
7693 3997 2 16
7058 3972 2 76
2870 3941 2 60
1151 3909 3 99
1058 3980 1 80
4868 3978 3 91
2135 3925 3 63
4739 3903 3 79
3200 3913 3 11
6225 3952 1 24
8643 3949 3 23
7182 3910 2 85
2975 3974 1 29
2246 3976 3 90
1151 3909 2 16
8038 3983 3 17
6263 3948 3 2
2543 3922 1 39
5655 3979 3 11
8185 3907 1 7
9897 3924 2 31
8622 3990 1 45
7927 3938 2 35
1058 3980 2 91
8391 3901 2 82
7927 3938 1 29
596 3939 3 6
8185 3907 2 83
6225 3952 3 12
596 3939 1 89
6200 3915 1 94
1323 3975 3 21
7182 3910 1 76
8264 3994 2 54
3000 3931 2 14
4109 3967 2 99
5793 3929 3 28
5203 3987 1 12
2543 3922 2 68
583 3989 3 28
8647 3906 2 7
1123 3960 1 92
3778 3988 3 39
4459 3908 3 32
236 3935 3 25
2132 3942 3 8
5065 3932 3 10
8723 4000 3 64
4757 3916 1 96
8614 3946 1 92
8264 3994 1 45
7894 3933 3 66
6240 3995 1 11
8622 3990 2 11
1323 3975 2 27
5203 3987 2 45
5065 3932 2 58
3917 3962 3 99
5833 3930 1 48
7030 3904 1 58
174 3917 2 63
8474 3982 3 68
8023 3965 3 11
4335 3951 2 93
8643 3949 1 82
9859 3914 1 88
1925 3985 3 69
6518 3957 1 13
5477 3902 2 52
1346 3944 2 27
7852 3956 3 9
7197 3950 3 99
8723 4000 1 18
7197 3950 2 63
236 3935 1 7
5704 3969 3 15
9995 3959 3 66
5704 3969 1 52
7894 3933 1 98
2019 3970 1 91
3615 3947 2 64
5477 3902 3 80
363 3927 2 1
8687 3934 1 49
8929 3998 2 91
6156 3992 3 49
5833 3930 2 88
6031 3923 1 25
9859 3914 3 54
7724 3964 2 17
7852 3956 2 4
9625 3991 1 100
2870 3941 1 18
4868 3978 1 10
7058 3972 3 94
2246 3976 1 8
7298 3953 1 58
4974 3926 3 59
1346 3944 3 36
5264 3961 3 38
3615 3947 1 77
5823 3920 1 88
8929 3998 1 26
9425 3993 2 21
2132 3942 1 75
8023 3965 2 90
3215 3928 1 0
6919 3905 2 100
6950 3919 2 14
5264 3961 2 28
2246 3976 2 65
4543 3945 1 85
6711 3912 3 77
3622 3968 3 64
9172 3936 1 32
6950 3919 1 53
3215 3928 2 50
6919 3905 1 97
4109 3967 3 95
6860 3996 1 33
8264 3994 3 66
4757 3916 3 98
1867 3973 2 97
583 3989 1 75
7567 3966 2 22
1925 3985 1 53
5477 3902 1 37
6914 3940 2 92
3375 3918 3 80
3835 3981 2 18
5823 3920 2 86
1151 3909 1 75
765 3954 1 3
1600 3963 2 28
307 3911 3 72
7298 3953 3 31
8647 3906 3 83
9897 3924 1 35
9425 3993 3 47
8643 3949 2 33
9625 3991 3 75
8038 3983 2 1
363 3927 1 98
8967 3977 3 8
8391 3901 1 61
8723 4000 2 73
5817 3921 3 0
6518 3957 2 71
2975 3974 3 48
5704 3969 2 63
4543 3945 3 31
2454 3971 1 27
174 3917 1 70
7784 3943 2 97
9172 3936 2 7
6156 3992 2 24
765 3954 2 15
1323 3975 1 40
2019 3970 3 56
7852 3956 1 86
6902 4006 2 94
8333 4062 2 80
8151 4079 1 49
5428 4041 1 8
7694 4046 3 48
2574 4060 2 81
1309 4034 2 73
5565 4076 2 9
4127 4085 1 2
945 4003 3 77
9177 4001 3 45
4795 4083 3 99
5813 4039 3 66
4462 4098 1 55
7694 4046 2 60
2164 4058 3 99
4666 4089 1 23
6346 4088 3 71
5729 4056 2 88
4880 4035 3 37
993 4009 2 71
8333 4062 1 14
7464 4096 3 41
5607 4054 3 70
4409 4012 2 55
49 4016 1 48
9635 4094 1 81
8175 4078 2 84
7452 4052 1 56
7575 4024 3 41
5187 4002 2 94
4932 4074 2 29
409 4080 3 55
8151 4079 2 37
4127 4085 3 53
5442 4011 3 40
6123 4037 1 41
9393 4022 1 36
3403 4028 1 83
9687 4051 2 46
29 4084 2 55
5144 4086 2 23
6981 4038 2 43
5729 4056 1 73
9431 4044 1 92
3922 4075 2 88
4057 4064 1 79
1309 4034 1 21
9719 4093 3 82
5428 4041 3 26
4466 4061 1 76
2574 4060 1 15
5813 4039 2 77
4932 4074 3 55
5160 4004 3 17
8286 4091 2 64
3681 4068 2 24
5629 4033 3 98
6935 4087 3 11
5428 4041 2 44
409 4080 1 5
5565 4076 1 95
6802 4027 3 81
8175 4078 1 53
4900 4090 1 37
8391 4067 2 80
4466 4061 3 86
8400 4059 2 72
9960 4073 3 92
6123 4037 3 28
8488 4095 1 46
5442 4011 2 78
3918 4036 3 36
4057 4064 3 48
3911 4057 1 40
4795 4083 1 93
4880 4035 2 93
4827 4026 2 10
5187 4002 3 100
7743 4071 1 77
9687 4051 3 98
7464 4096 2 4
2152 4021 1 12
7529 4029 2 16
4932 4074 1 49
6346 4088 1 23
8333 4062 3 3
2799 4053 2 48
3421 4042 2 66
5593 4082 2 65
8151 4079 3 17
4900 4090 2 7
9393 4022 2 53
7743 4071 3 6
5160 4004 2 30
449 4099 2 14
5629 4033 1 54
2979 4097 1 50
4666 4089 3 78
99 4050 1 78
3435 4069 2 98
2574 4060 3 50
9306 4081 1 76
3644 4063 3 21
3435 4069 3 97
4827 4026 3 100
2303 4070 3 94
5160 4004 1 16
7279 4025 1 39
4666 4089 2 3
9719 4093 1 66
5813 4039 1 14
7452 4052 3 24
99 4050 2 66
7529 4029 3 79
6935 4087 1 16
1034 4015 3 84
29 4084 3 21
9177 4001 2 38
2979 4097 3 67
2799 4053 1 89
2164 4058 1 100
3403 4028 2 37
8580 4049 1 1
8286 4091 3 60
3911 4057 2 79
3644 4063 2 29
823 4032 3 26
3794 4072 2 17
8400 4059 1 53
5796 4040 1 74
6346 4088 2 26
8558 4020 2 64
1518 4007 3 37
9177 4001 1 41
3103 4100 3 73
4880 4035 1 65
6902 4006 3 34
4111 4077 3 5
7452 4052 2 36
6981 4038 3 100
9306 4081 3 86
409 4080 2 44
7690 4065 1 60
9960 4073 1 0
8488 4095 2 48
1034 4015 2 82
8558 4020 1 56
3421 4042 3 58
1619 4031 2 61
3918 4036 1 65
7694 4046 1 12
9518 4055 3 70
6802 4027 1 28
9960 4073 2 41
6981 4038 1 5
8580 4049 2 45
3794 4072 1 54
1999 4066 2 42
5613 4092 3 59
4057 4064 2 84
7279 4025 3 50
7690 4065 3 69
4827 4026 1 50
7575 4024 1 52
2979 4097 2 75
5729 4056 3 10
2152 4021 3 86
2303 4070 1 30
945 4003 1 74
3922 4075 1 29
3589 4005 1 19
4127 4085 2 70
3103 4100 2 85
1791 4014 2 46
3922 4075 3 58
8963 4018 3 57
9518 4055 2 53
1999 4066 1 72
6802 4027 2 95
4111 4077 2 89
9306 4081 2 16
2799 4053 3 23
9635 4094 3 69
2164 4058 2 100
9687 4051 1 32
993 4009 3 0
4111 4077 1 11
6902 4006 1 34
9393 4022 3 96
5144 4086 3 99
993 4009 1 83
4466 4061 2 83
5796 4040 3 14
8412 4030 1 38
1999 4066 3 49
1140 4023 1 58
99 4050 3 86
5849 4010 1 41
8175 4078 3 78
5849 4010 2 33
2152 4021 2 52
8286 4091 1 2
4795 4083 2 84
8391 4067 3 84
1034 4015 1 94
3644 4063 1 16
4894 4013 2 77
8963 4018 1 21
5613 4092 1 90
4462 4098 3 88
295 4008 1 6
9518 4055 1 49
1140 4023 2 36
49 4016 3 20
295 4008 3 45
1619 4031 3 16
8412 4030 3 91
7529 4029 1 64
4678 4048 1 36
4462 4098 2 12
8450 4043 3 10
3403 4028 3 92
4678 4048 3 90
6708 4045 3 87
2303 4070 2 59
1791 4014 1 57
5607 4054 2 93
449 4099 1 54
3918 4036 2 100
3589 4005 2 15
9818 4047 3 27
5849 4010 3 59
1140 4023 3 68
8558 4020 3 89
2011 4017 3 95
3681 4068 1 76
5187 4002 1 57
9635 4094 2 6
823 4032 1 100
823 4032 2 56
5593 4082 3 95
4678 4048 2 63
3589 4005 3 76
5629 4033 2 47
945 4003 2 80
295 4008 2 23
6123 4037 2 93
9719 4093 2 28
1518 4007 2 25
3794 4072 3 94
4409 4012 1 88
8391 4067 1 22
8580 4049 3 1
5607 4054 1 72
7690 4065 2 52
8450 4043 2 34
8963 4018 2 1
8400 4059 3 5
1518 4007 1 15
1309 4034 3 22
29 4084 1 31
449 4099 3 8
49 4016 2 76
9431 4044 3 55
1619 4031 1 27
6708 4045 1 16
3681 4068 3 6
5593 4082 1 31
4894 4013 1 21
3103 4100 1 80
9818 4047 2 30
4409 4012 3 56
4894 4013 3 81
3421 4042 1 23
4900 4090 3 67
3911 4057 3 35
5442 4011 1 71
8412 4030 2 98
9431 4044 2 76
5144 4086 1 82
3435 4069 1 57
6935 4087 2 59
6708 4045 2 15
1791 4014 3 86
8488 4095 3 75
9818 4047 1 24
8450 4043 1 27
348 4019 1 10
5613 4092 2 100
7575 4024 2 54
2011 4017 1 67
7464 4096 1 51
5565 4076 3 10
2011 4017 2 42
348 4019 2 58
348 4019 3 23
7743 4071 2 35
5796 4040 2 95
7279 4025 2 88
120 4117 1 60
2201 4155 2 83
8965 4152 1 23
6273 4120 3 74
8736 4169 2 40
4265 4163 3 89
5454 4125 1 85
9340 4187 1 72
5088 4150 1 77
8772 4153 3 49
2718 4146 1 23
7996 4116 1 33
4603 4168 3 9
7188 4111 2 67
8898 4134 2 2
9379 4199 1 47
5799 4136 1 27
2502 4189 2 81
4971 4157 2 72
1604 4200 3 85
4603 4168 2 91
6304 4161 3 16
633 4184 3 85
2201 4155 3 65
5239 4114 1 59
798 4133 1 1
956 4145 1 47
9349 4183 1 91
5534 4115 3 51
3472 4172 3 69
8925 4160 1 35
3942 4176 2 47
3085 4148 1 92
9277 4193 3 28
6218 4138 2 50
1766 4131 2 34
5454 4125 2 45
3880 4195 1 27
4385 4164 2 50
4385 4164 1 1
6515 4119 1 1
9277 4193 2 61
721 4159 2 14
9497 4129 2 63
5325 4162 3 44
633 4184 1 99
6474 4178 1 50
2124 4147 3 23
9382 4165 1 99
1247 4106 2 73
81 4110 3 21
6360 4175 2 21
8891 4143 3 88
2246 4149 3 6
721 4159 1 35
2124 4147 1 30
6345 4104 2 20
9732 4128 2 48
4657 4170 2 51
9497 4129 3 23
296 4132 3 2
5939 4142 1 83
6360 4175 1 58
9340 4187 2 45
8772 4153 2 26
3148 4185 2 18
7621 4107 2 19
8475 4123 1 37
3148 4185 1 84
9085 4179 1 15
9906 4108 2 18
1567 4154 3 16
633 4184 2 84
4971 4157 3 41
3942 4176 3 66
3630 4182 2 33
3880 4195 3 65
5561 4194 1 60
6858 4135 1 8
4131 4186 1 12
5799 4136 3 56
3887 4181 3 94
7151 4113 3 91
8737 4118 1 84
8772 4153 1 56
8737 4118 2 0
6861 4103 1 15
8737 4118 3 49
9532 4191 2 95
4000 4171 1 33
9276 4127 3 59
441 4105 3 30
1567 4154 1 86
4601 4173 3 56
7151 4113 2 52
9732 4128 1 67
9379 4199 3 23
9085 4179 3 56
4701 4130 3 56
7294 4174 3 94
94 4121 2 71
2718 4146 2 24
5534 4115 2 89
3630 4182 3 16
1156 4192 2 71
6024 4151 2 67
2725 4158 1 90
5561 4194 2 41
9781 4112 2 82
9732 4128 3 61
2026 4102 1 39
6218 4141 2 56
956 4145 2 13
8014 4139 1 19
1735 4101 3 72
7294 4174 1 89
7996 4116 3 42
4701 4130 2 42
322 4190 2 47
3472 4172 2 31
6861 4103 2 55
4385 4164 3 37
1247 4106 1 93
2246 4149 1 31
2124 4147 2 14
6661 4197 1 66
1156 4192 1 28
7188 4111 1 55
8898 4134 3 46
81 4110 1 96
9276 4127 1 95
1247 4106 3 10
1735 4101 1 24
4000 4171 3 71
3191 4198 1 99
8891 4143 1 40
9382 4165 3 1
94 4121 3 62
2502 4189 3 77
7188 4111 3 47
5239 4114 2 68
6504 4196 1 24
9246 4166 3 33
4000 4171 2 3
1735 4101 2 41
798 4133 3 39
9340 4187 3 77
6273 4120 1 5
1470 4122 2 87
1766 4131 3 30
9215 4180 2 28
296 4132 1 7
7720 4177 1 97
2026 4102 3 67
441 4105 1 21
1522 4140 3 29
3472 4172 1 30
4601 4173 1 20
7621 4107 3 27
6273 4120 2 12
8475 4123 3 29
8925 4160 2 88
5325 4162 2 83
5939 4142 2 77
1163 4188 1 75
9781 4112 3 16
8633 4137 3 66
798 4133 2 97
4277 4126 2 32
3880 4195 2 44
1470 4122 3 58
4657 4170 1 4
9246 4166 2 87
2725 4158 2 32
6139 4156 3 97
7621 4107 1 37
1604 4200 1 92
9085 4179 2 11
1163 4188 2 50
6474 4178 2 83
81 4110 2 69
120 4117 3 90
1163 4188 3 23
6139 4156 2 54
3768 4167 1 1
5454 4125 3 41
8014 4139 3 45
6515 4119 2 71
2717 4109 3 27
2026 4102 2 89
1522 4140 1 15
4265 4163 2 35
5799 4136 2 84
2502 4189 1 84
1522 4140 2 72
6024 4151 3 72
721 4159 3 75
9532 4191 1 12
6504 4196 2 18
5088 4150 2 37
6360 4175 3 70
6218 4138 3 53
7455 4124 1 38
956 4145 3 81
9906 4108 3 18
2725 4158 3 29
3191 4198 2 95
1567 4154 2 26
9781 4112 1 52
9215 4180 1 84
9276 4127 2 79
5239 4114 3 94
3085 4148 3 51
4131 4186 3 35
6661 4197 3 2
5088 4150 3 77
4131 4186 2 49
8898 4134 1 35
1156 4192 3 23
441 4105 2 46
6858 4135 2 45
6304 4161 2 16
4701 4130 1 66
5939 4142 3 71
9497 4129 1 72
322 4190 1 93
6858 4135 3 41
6139 4156 1 98
3191 4198 3 57
4603 4168 1 84
9014 4144 2 19
2717 4109 2 81
2717 4109 1 43
296 4132 2 9
4657 4170 3 79
7294 4174 2 47
2718 4146 3 22
1604 4200 2 61
1470 4122 1 40
94 4121 1 42
8891 4143 2 2
9532 4191 3 56
4265 4163 1 29
3887 4181 1 74
5561 4194 3 11
5534 4115 1 61
7996 4116 2 43
3768 4167 3 24
7720 4177 3 92
3768 4167 2 53
4277 4126 1 71
8965 4152 3 52
8925 4160 3 19
4971 4157 1 25
9349 4183 2 30
9277 4193 1 48
2246 4149 2 86
9246 4166 1 4
3942 4176 1 25
5325 4162 1 41
1766 4131 1 94
8736 4169 1 51
6218 4141 3 22
7455 4124 2 99
6474 4178 3 19
7455 4124 3 57
4601 4173 2 23
9382 4165 2 19
8633 4137 1 85
7720 4177 2 63
3148 4185 3 35
8736 4169 3 83
6661 4197 2 41
6861 4103 3 9
6024 4151 1 35
9014 4144 1 65
6504 4196 3 71
6304 4161 1 16
7151 4113 1 42
8633 4137 2 64
2201 4155 1 22
8965 4152 2 22
6218 4138 1 82
6218 4141 1 55
3630 4182 1 83
8475 4123 2 8
6345 4104 3 14
3085 4148 2 95
6515 4119 3 45
9379 4199 2 79
4277 4126 3 29
9349 4183 3 26
120 4117 2 96
322 4190 3 50
6345 4104 1 62
9014 4144 3 4
9215 4180 3 86
9906 4108 1 32
8014 4139 2 44
3887 4181 2 89
4633 4247 1 50
4887 4243 2 68
7552 4246 3 82
1292 4242 2 13
2433 4230 2 53
3109 4209 2 38
837 4252 1 4
349 4285 3 88
9066 4273 1 36
7617 4234 2 83
1771 4211 3 43
8206 4258 3 56
8492 4218 3 3
1664 4229 2 4
1664 4229 1 95
8766 4238 1 38
8018 4216 2 45
9139 4226 1 6
5619 4299 1 11
4402 4297 2 49
385 4201 2 46
4550 4208 3 86
9214 4259 2 45
1200 4245 2 42
1733 4266 1 27
3597 4222 3 43
9066 4273 3 0
9282 4232 1 16
8493 4294 2 64
8298 4291 1 76
2840 4250 1 65
1397 4251 1 39
7781 4295 2 32
8259 4221 3 56
7031 4267 2 17
3591 4269 1 89
982 4235 3 6
1090 4244 1 49
530 4272 3 10
7552 4246 2 35
7564 4220 3 52
299 4227 2 92
6395 4240 1 24
1733 4266 3 68
5619 4299 3 77
4859 4284 1 5
828 4219 2 79
2649 4279 1 75
1317 4248 2 21
2649 4279 3 38
4859 4284 3 57
828 4219 1 12
9139 4226 2 62
725 4280 2 54
1048 4264 1 79
5458 4296 1 83
1090 4244 3 46
686 4233 2 78
1861 4293 2 13
9642 4276 2 36
596 4278 2 20
8493 4294 1 0
1771 4211 1 96
8084 4283 2 71
3109 4209 1 61
2521 4231 1 98
8766 4238 3 5
9214 4259 3 78
9642 4276 3 60
9346 4203 2 34
429 4292 2 2
2649 4279 2 79
2159 4268 2 2
5102 4225 2 93
8084 4283 1 4
5458 4296 3 73
7242 4265 1 91
338 4204 1 39
2521 4231 2 66
686 4233 1 93
6690 4237 3 0
1733 4266 2 13
3726 4274 2 79
7242 4265 3 80
1874 4300 2 20
1596 4281 3 65
9282 4232 2 54
349 4285 2 30
6690 4237 1 53
8298 4291 2 37
8600 4212 2 74
1263 4236 3 29
6466 4223 2 71
2089 4207 1 47
1317 4248 3 30
9214 4259 1 86
2350 4241 2 71
8914 4261 3 23
9346 4203 1 93
369 4205 2 59
1292 4242 1 93
8411 4206 2 95
2840 4250 3 85
4674 4298 1 60
6860 4262 3 22
522 4282 3 13
1653 4215 3 80
8914 4261 2 4
2298 4288 1 38
4550 4208 2 9
9895 4213 3 19
725 4280 1 75
8259 4221 1 97
286 4263 2 28
350 4287 2 6
1200 4245 3 86
1131 4253 1 96
7617 4234 1 2
5847 4256 3 43
2349 4275 1 31
8914 4261 1 74
189 4277 2 69
369 4205 1 93
725 4280 3 40
1596 4281 1 49
6000 4254 2 30
1874 4300 3 25
7690 4290 1 52
349 4285 1 69
8206 4258 2 84
1263 4236 1 38
385 4201 1 88
2349 4275 2 41
2648 4255 3 73
7564 4220 2 2
8084 4283 3 5
2648 4255 1 39
4633 4247 3 92
5508 4239 1 65
6466 4223 1 80
5458 4296 2 43
3703 4214 1 81
2433 4230 3 33
2350 4241 3 56
7599 4224 1 22
3749 4210 3 90
5102 4225 3 47
4470 4271 1 56
8492 4218 1 19
286 4263 1 55
7242 4265 2 39
4674 4298 3 89
2910 4257 2 24
3052 4228 2 19
2089 4207 2 71
189 4277 3 81
2159 4268 3 41
3591 4269 2 82
8259 4221 2 76
1961 4249 3 34
9895 4213 2 88
6395 4240 2 93
1090 4244 2 55
2860 4217 2 2
2433 4230 1 27
837 4252 3 86
8411 4206 1 27
2370 4260 2 28
8298 4291 3 6
1397 4251 3 77
7599 4224 2 25
3703 4214 2 49
9642 4276 1 75
7617 4234 3 80
189 4277 1 54
4402 4297 3 60
1131 4253 3 47
286 4263 3 98
2910 4257 3 47
4887 4243 1 6
7781 4295 1 31
4180 4202 2 8
8206 4258 1 70
4905 4270 3 46
1874 4300 1 56
982 4235 2 7
1048 4264 2 82
4550 4208 1 29
4887 4243 3 79
2840 4250 2 30
3726 4274 3 66
3052 4228 1 52
3052 4228 3 84
9139 4226 3 94
8600 4212 1 95
7031 4267 3 40
7564 4220 1 45
6466 4223 3 65
1961 4249 1 1
6860 4262 1 25
5847 4256 2 88
2349 4275 3 52
1961 4249 2 99
530 4272 2 43
2298 4288 2 64
2860 4217 1 39
299 4227 3 72
1263 4236 2 5
9282 4232 3 50
1596 4281 2 54
7781 4295 3 1
4470 4271 2 78
6690 4237 2 79
1653 4215 1 86
8411 4206 3 18
1861 4293 1 10
1397 4251 2 41
385 4201 3 1
1292 4242 3 26
3597 4222 2 77
3703 4214 3 62
1200 4245 1 100
837 4252 2 62
686 4233 3 55
5577 4286 2 20
522 4282 1 10
7031 4267 1 64
429 4292 3 79
8018 4216 3 24
2521 4231 3 76
7690 4290 2 62
596 4278 3 27
1317 4248 1 87
2159 4268 1 19
5847 4256 1 15
1131 4253 2 89
9346 4203 3 7
8493 4294 3 29
2648 4255 2 17
5577 4286 3 7
5619 4299 2 11
8018 4216 1 56
2910 4257 1 29
6000 4254 1 26
7537 4289 3 94
828 4219 3 70
4674 4298 2 0
3591 4269 3 71
4859 4284 2 28
429 4292 1 9
7599 4224 3 89
5102 4225 1 2
982 4235 1 39
369 4205 3 66
6000 4254 3 60
7537 4289 1 35
530 4272 1 2
338 4204 3 33
7690 4290 3 8
3597 4222 1 66
4633 4247 2 91
4180 4202 3 82
5508 4239 3 77
350 4287 3 57
3109 4209 3 99
4402 4297 1 22
6395 4240 3 42
522 4282 2 5
8600 4212 3 40
1861 4293 3 22
8766 4238 2 63
3726 4274 1 33
2298 4288 3 31
338 4204 2 57
2860 4217 3 63
596 4278 1 22
4180 4202 1 1
2370 4260 3 71
4470 4271 3 70
2089 4207 3 79
9895 4213 1 91
4905 4270 1 59
7537 4289 2 28
4905 4270 2 51
1664 4229 3 22
1653 4215 2 22
5577 4286 1 60
7552 4246 1 23
3749 4210 1 16
350 4287 1 21
1048 4264 3 6
9066 4273 2 90
299 4227 1 66
2370 4260 1 42
6860 4262 2 92
8492 4218 2 29
3749 4210 2 69
1771 4211 2 41
2350 4241 1 3
5508 4239 2 16
3678 4379 1 37
8799 4387 2 99
9351 4327 2 16
1530 4382 3 54
314 4396 1 77
873 4334 2 100
498 4325 3 20
613 4329 2 8
6540 4330 3 58
5591 4393 2 52
845 4400 2 64
2349 4362 3 45
8648 4319 3 60
4730 4356 1 100
9011 4378 2 57
1336 4364 1 16
6971 4391 3 35
8685 4302 2 66
2326 4354 1 12
2905 4348 1 23
1034 4351 2 93
8410 4343 1 20
2515 4383 1 75
3518 4339 1 42
8644 4350 3 68
1180 4304 3 70
5922 4328 2 45
1319 4308 3 49
6976 4399 2 68
3678 4379 3 99
861 4309 3 17
9733 4388 1 39
7614 4301 3 81
5777 4349 3 18
1491 4310 2 76
26 4318 2 32
8685 4302 1 80
845 4400 3 62
5258 4315 3 30
2905 4348 2 45
314 4396 2 32
1077 4322 2 0
873 4334 3 83
861 4309 1 82
6637 4324 2 30
758 4335 3 72
5146 4390 3 3
4045 4357 1 88
3871 4380 3 85
6754 4323 2 7
2664 4374 3 47
5942 4368 2 82
8968 4344 1 54
6754 4323 1 78
4092 4352 1 51
4179 4389 3 9
4054 4363 2 7
2207 4353 1 94
1319 4308 1 99
5777 4349 2 90
8456 4336 2 75
187 4326 1 96
6976 4399 3 72
836 4359 2 35
3715 4369 3 38
5575 4358 1 91
8456 4336 1 14
9479 4345 1 68
6971 4391 1 36
3657 4370 2 23
26 4318 1 0
2207 4353 2 36
3665 4317 2 31
4054 4363 1 75
9733 4388 2 59
3036 4346 1 47
6637 4324 3 88
1493 4394 3 63
2349 4362 1 92
6812 4316 2 46
6971 4391 2 79
6812 4316 1 86
624 4355 2 68
8799 4387 1 8
758 4335 1 42
5575 4358 2 10
2952 4377 2 81
667 4338 1 93
187 4326 2 0
8644 4350 1 2
2425 4306 2 6
7146 4385 1 77
5013 4332 3 77
575 4340 2 40
4660 4386 3 31
6812 4316 3 94
7424 4366 2 47
8785 4347 2 70
3665 4317 3 95
3518 4339 2 54
2664 4374 1 57
1424 4321 3 13
1368 4314 2 45
9547 4311 2 37
2055 4305 2 34
1493 4394 2 40
4179 4389 2 59
498 4325 1 55
2734 4341 2 70
976 4333 3 73
5258 4315 2 86
2055 4305 1 5
4065 4360 2 17
6976 4399 1 14
9011 4378 3 81
1688 4373 2 50
6999 4375 3 41
2326 4354 3 68
4092 4352 2 7
1245 4398 1 53
2734 4341 1 25
4045 4357 3 42
2905 4348 3 3
624 4355 1 29
9351 4327 1 48
26 4318 3 32
8293 4320 2 10
8785 4347 1 12
8183 4395 2 73
2326 4354 2 80
7146 4385 2 20
575 4340 3 6
1336 4364 3 99
8400 4365 2 56
3871 4380 1 52
2290 4313 2 7
758 4335 2 34
861 4309 2 73
5013 4332 1 6
2290 4313 1 74
1491 4310 1 96
3715 4369 2 90
7614 4301 2 78
6540 4330 1 56
5777 4349 1 99
7614 4301 1 2
3964 4303 3 62
8293 4320 1 40
6540 4330 2 21
1267 4337 2 78
3665 4317 1 22
9733 4388 3 95
7424 4366 1 55
5013 4332 2 63
5591 4393 3 32
6999 4375 2 69
884 4371 2 53
1368 4314 3 82
3715 4369 1 60
8685 4302 3 49
5146 4390 2 62
4660 4386 1 7
6754 4323 3 4
1491 4310 3 56
2207 4353 3 87
624 4355 3 99
407 4361 2 97
8648 4319 2 48
9751 4367 3 21
1077 4322 3 55
9479 4345 2 24
5146 4390 1 15
1530 4382 2 98
9547 4311 1 80
1180 4304 1 70
8968 4344 2 29
976 4333 2 38
8503 4372 2 84
8648 4319 1 82
3678 4379 2 90
2515 4383 2 3
3036 4346 3 80
5942 4368 3 81
8785 4347 3 27
7424 4366 3 10
4045 4357 2 56
5922 4328 1 44
4092 4352 3 72
5626 4384 3 40
4065 4360 1 20
2349 4362 2 34
314 4396 3 38
7103 4342 2 95
1303 4331 2 34
7662 4381 3 30
1180 4304 2 75
553 4307 2 37
1034 4351 3 12
498 4325 2 85
3657 4370 1 93
4744 4376 3 39
9547 4311 3 5
4730 4356 3 51
2425 4306 3 96
6190 4392 1 18
1530 4382 1 55
5626 4384 2 98
2425 4306 1 98
9817 4397 2 96
1034 4351 1 8
2290 4313 3 45
5942 4368 1 44
8293 4320 3 88
884 4371 3 63
3518 4339 3 57
1493 4394 1 85
8183 4395 3 28
1319 4308 2 31
667 4338 2 60
2055 4305 3 22
8503 4372 1 53
9817 4397 1 75
8968 4344 3 51
4744 4376 2 36
836 4359 3 70
1303 4331 3 53
9479 4345 3 30
6190 4392 2 56
1424 4321 1 9
1077 4322 1 21
1336 4364 2 65
4179 4389 1 82
8183 4395 1 18
7662 4381 2 89
5575 4358 3 92
5626 4384 1 32
8456 4336 3 91
1267 4337 3 43
845 4400 1 34
4065 4360 3 68
6637 4324 1 81
4660 4386 2 77
8503 4372 3 2
1303 4331 1 98
553 4307 3 12
5591 4393 1 32
9817 4397 3 54
667 4338 3 57
8410 4343 3 18
7077 4312 1 41
976 4333 1 57
5258 4315 1 60
8799 4387 3 73
4744 4376 1 49
9351 4327 3 72
5922 4328 3 9
2952 4377 3 92
9751 4367 1 71
7662 4381 1 91
1267 4337 1 14
187 4326 3 66
1688 4373 1 62
8400 4365 3 72
4730 4356 2 0
7146 4385 3 18
1424 4321 2 41
3964 4303 2 50
884 4371 1 73
2515 4383 3 22
2952 4377 1 64
9751 4367 2 97
1245 4398 3 83
2734 4341 3 45
575 4340 1 9
1688 4373 3 76
7103 4342 3 24
2664 4374 2 7
553 4307 1 93
8410 4343 2 91
7077 4312 2 44
613 4329 1 93
1245 4398 2 13
407 4361 1 8
6999 4375 1 45
1368 4314 1 35
4054 4363 3 0
8400 4365 1 84
6190 4392 3 27
613 4329 3 86
7077 4312 3 16
873 4334 1 25
9011 4378 1 16
3036 4346 2 11
7103 4342 1 79
836 4359 1 33
8644 4350 2 39
407 4361 3 20
3871 4380 2 35
3657 4370 3 96
3964 4303 1 26
8216 4489 2 50
9550 4496 2 71
3016 4418 2 77
671 4450 1 23
4313 4445 3 87
6437 4464 3 47
296 4482 2 99
8214 4449 3 34
8277 4419 3 79
7245 4476 2 1
7523 4420 2 12
2130 4499 1 48
3759 4468 2 63
1972 4458 1 70
2091 4417 2 95
296 4482 3 81
2777 4437 1 27
8779 4454 1 34
1972 4458 2 99
3759 4468 3 54
6066 4412 2 77
6989 4466 1 39
6638 4461 3 67
1946 4492 2 39
9956 4480 2 58
6410 4436 2 0
2001 4410 1 33
8396 4413 3 96
1331 4408 2 9
599 4479 2 83
5815 4414 3 90
8675 4485 2 11
4001 4446 3 55
7334 4409 3 56
246 4490 2 64
4430 4471 1 24
8675 4485 3 11
4001 4446 2 73
1331 4408 3 97
4035 4459 1 8
7245 4476 3 76
8813 4403 3 94
2016 4440 1 95
5987 4422 1 91
8778 4429 1 52
1338 4498 2 81
2777 4437 2 59
557 4474 2 34
7038 4448 1 35
4260 4453 1 45
1254 4427 2 52
4764 4416 2 65
5056 4460 3 55
2091 4417 1 70
2130 4401 2 54
210 4432 1 30
5417 4406 2 80
5417 4406 3 27
2005 4435 1 9
5056 4460 1 77
4430 4471 2 16
3977 4405 2 13
8633 4470 1 81
6859 4441 1 41
6021 4456 2 11
7627 4483 1 36
6859 4441 2 94
405 4481 3 30
4311 4467 3 54
4260 4453 2 11
9834 4438 2 57
3955 4452 1 43
8099 4494 1 71
4764 4416 1 92
8779 4454 2 5
658 4478 2 57
1776 4465 3 7
210 4432 3 46
8778 4429 3 5
9011 4500 3 51
7865 4488 2 68
5417 4406 1 35
4814 4444 2 65
6021 4456 1 42
3065 4434 2 68
5519 4428 3 38
5864 4487 3 3
7865 4488 3 26
2016 4440 2 73
625 4486 2 40
6638 4461 2 19
5910 4447 1 36
5910 4447 2 29
1946 4492 3 24
5743 4426 1 27
7038 4448 2 44
8099 4494 3 40
4814 4444 3 35
8633 4470 2 48
9956 4480 3 0
2520 4411 2 83
9357 4425 2 22
5987 4422 2 72
7245 4476 1 22
4761 4421 1 49
3016 4418 3 11
6116 4423 1 55
8659 4430 2 74
8778 4429 2 35
625 4486 1 85
5490 4415 1 41
8216 4489 1 21
6153 4497 3 100
1254 4427 3 49
1972 4458 3 90
1338 4498 3 21
431 4457 3 91
1254 4427 1 80
8625 4431 1 19
9956 4480 1 13
599 4479 3 35
8778 4443 2 33
2681 4484 1 75
1338 4498 1 6
6153 4497 1 99
9834 4438 1 57
7680 4491 1 28
6989 4466 3 5
305 4424 1 95
5815 4414 1 76
6066 4412 1 63
2801 4475 3 51
4590 4462 3 95
7680 4491 3 6
8277 4419 1 40
1776 4465 2 61
9571 4442 2 41
103 4451 3 72
7038 4448 3 32
4001 4446 1 53
9550 4496 1 86
7523 4420 3 71
6361 4407 3 34
8730 4439 3 32
431 4457 2 47
2881 4493 1 32
7523 4420 1 12
1987 4404 2 18
7865 4488 1 81
2005 4435 3 76
6410 4436 1 35
5234 4433 1 86
8633 4470 3 50
6644 4463 2 99
9891 4495 1 18
5519 4428 1 18
8625 4431 3 6
1776 4465 1 80
2881 4493 2 87
246 4490 3 4
8216 4489 3 32
5490 4415 3 25
7627 4483 3 70
8396 4413 2 44
4764 4416 3 12
5910 4447 3 35
9357 4425 3 12
2130 4401 1 38
5490 4415 2 2
8625 4431 2 36
2881 4493 3 0
5864 4487 2 61
9245 4472 3 82
7680 4491 2 22
2801 4475 1 89
6644 4463 1 64
6153 4497 2 7
4590 4462 2 20
8778 4443 1 38
1987 4404 3 48
8813 4403 1 90
4260 4453 3 5
5056 4460 2 58
5234 4433 3 41
9891 4495 3 23
8813 4403 2 52
4035 4459 3 75
3065 4434 3 25
7627 4483 2 18
5222 4402 3 37
5864 4487 1 37
557 4474 1 1
3016 4418 1 46
6859 4441 3 52
5222 4402 2 78
658 4478 3 61
4814 4444 1 21
8214 4449 2 47
6116 4423 2 2
2681 4484 3 64
296 4482 1 88
599 4479 1 23
5234 4433 2 52
2005 4435 2 55
2130 4499 3 5
4313 4445 1 59
8214 4449 1 84
4035 4459 2 80
625 4486 3 8
8099 4494 2 42
1946 4492 1 15
1331 4408 1 39
2681 4484 2 34
4313 4445 2 52
1987 4404 1 40
5987 4422 3 40
658 4478 1 73
246 4490 1 58
210 4432 2 16
4696 4469 2 87
9245 4472 2 79
8779 4454 3 49
175 4455 1 41
9011 4500 1 99
3138 4473 2 1
6066 4412 3 76
8396 4413 1 40
671 4450 3 40
8778 4443 3 68
103 4451 2 48
3138 4473 1 24
4696 4469 1 10
2520 4411 3 57
9834 4438 3 87
9571 4442 3 21
4761 4421 3 100
2016 4440 3 37
5815 4414 2 66
4696 4469 3 57
2777 4437 3 28
7334 4409 2 63
103 4451 1 75
9011 4500 2 86
175 4455 2 67
305 4424 3 18
6644 4463 3 63
4590 4462 1 41
4311 4467 2 99
3759 4468 1 70
6021 4456 3 33
305 4424 2 13
2520 4411 1 42
8730 4439 2 10
3955 4452 2 63
6737 4477 2 5
3955 4452 3 43
2801 4475 2 43
2091 4417 3 33
6437 4464 1 10
8730 4439 1 68
6116 4423 3 20
6361 4407 2 5
6737 4477 1 84
6361 4407 1 67
4430 4471 3 46
405 4481 1 3
431 4457 1 37
5743 4426 3 76
671 4450 2 34
557 4474 3 60
5519 4428 2 99
9357 4425 1 67
175 4455 3 66
6437 4464 2 94
9891 4495 2 20
6410 4436 3 78
6638 4461 1 5
9550 4496 3 31
9571 4442 1 60
8659 4430 3 5
9245 4472 1 20
6737 4477 3 90
3977 4405 1 54
8659 4430 1 65
3138 4473 3 12
3065 4434 1 33
3977 4405 3 77
5222 4402 1 30
8277 4419 2 36
8675 4485 1 55
5743 4426 2 81
7334 4409 1 25
2001 4410 2 63
4311 4467 1 45
2130 4401 3 60
4761 4421 2 14
2001 4410 3 72
405 4481 2 30
2130 4499 2 81
6989 4466 2 18
7242 4581 2 44
67 4540 2 94
4115 4526 2 65
3288 4562 2 60
7306 4573 3 81
8695 4538 3 74
4204 4532 3 75
480 4551 1 28
4110 4596 3 77
653 4597 3 13
5481 4510 2 96
6474 4520 2 81
8194 4527 3 25
2144 4557 2 54
9738 4523 3 7
962 4522 3 8
3049 4595 1 81
2144 4557 3 82
3284 4537 1 42
5738 4515 2 7
5379 4516 1 73
8194 4527 1 37
4110 4596 1 59
73 4501 2 70
6152 4554 1 78
5012 4567 2 72
8903 4584 1 11
8014 4594 2 14
1438 4560 2 18
6969 4535 1 6
962 4522 1 25
4465 4543 2 37
4822 4563 1 12
1991 4583 3 55
5217 4514 1 57
3213 4592 1 95
92 4591 3 51
4115 4526 1 20
3401 4586 2 4
4847 4547 2 4
5738 4515 1 96
6744 4519 1 34
6937 4577 1 48
8375 4552 2 25
73 4501 1 18
1334 4588 1 100
4465 4543 1 78
653 4597 2 11
5217 4514 2 62
2716 4534 3 90
8903 4584 2 69
4421 4530 1 78
6329 4544 3 24
3472 4580 2 21
5509 4600 2 87
4520 4549 1 25
9956 4509 3 32
5722 4589 2 60
1860 4553 2 71
9091 4582 1 78
2144 4557 1 96
4110 4596 2 92
6115 4593 3 22
7185 4546 1 20
9688 4599 1 75
8375 4552 3 77
1991 4583 2 90
8695 4538 1 4
8126 4575 2 80
4580 4572 3 80
7780 4574 3 4
8375 4552 1 43
8014 4594 3 22
5738 4515 3 41
4327 4545 1 67
5012 4567 3 86
1860 4553 3 14
5211 4559 3 53
480 4551 3 81
6937 4577 3 90
6329 4544 1 5
540 4555 2 86
3472 4580 3 62
2834 4548 3 30
5481 4510 1 53
9956 4509 1 83
9956 4509 2 8
4285 4533 3 90
4285 4533 2 97
757 4541 3 80
1334 4588 2 58
5211 4559 1 42
3284 4537 2 76
5629 4587 2 76
4345 4578 1 43
6474 4520 3 47
1438 4560 3 35
8194 4527 2 2
9688 4599 3 91
5787 4571 3 81
8827 4531 2 90
9738 4523 1 11
4070 4518 3 43
5647 4565 1 14
5862 4502 2 0
3334 4579 1 74
9738 4523 2 53
4751 4568 1 66
7185 4546 3 95
9998 4576 3 29
5211 4559 2 87
3795 4521 2 27
5722 4589 1 52
3288 4562 1 43
5722 4589 3 46
5064 4525 3 66
4644 4590 1 68
962 4522 2 11
2783 4513 3 20
4327 4545 3 100
3637 4505 3 11
4285 4533 1 97
4847 4547 3 49
480 4551 2 37
4070 4518 2 10
7185 4546 2 19
4204 4532 1 47
9188 4506 2 34
8432 4517 3 24
8827 4531 1 16
5862 4502 1 23
5397 4564 1 15
3334 4579 3 1
5438 4508 3 20
5601 4507 1 88
5787 4571 1 0
6152 4554 2 23
4520 4549 3 28
4222 4539 3 60
6474 4520 1 49
4007 4512 3 27
5638 4503 1 6
4070 4518 1 75
1607 4511 2 9
2663 4528 2 65
9026 4524 2 15
1334 4588 3 39
5064 4525 1 90
819 4585 3 78
3795 4521 1 58
7445 4558 3 54
7163 4569 1 74
1438 4560 1 65
813 4556 3 40
1991 4583 1 95
757 4541 1 12
8126 4575 3 45
2716 4534 2 96
3049 4595 3 78
1607 4511 1 40
5379 4516 2 26
7950 4542 1 74
8432 4517 1 62
5397 4564 2 56
4421 4530 3 58
6118 4566 3 96
6672 4504 1 52
2834 4548 2 22
4590 4550 2 2
5629 4587 3 91
9998 4576 2 100
4007 4512 2 0
3049 4595 2 69
6115 4593 1 41
9998 4576 1 51
6118 4566 2 71
4222 4539 2 4
6672 4504 3 45
7242 4581 3 94
9091 4582 2 45
5601 4507 2 96
5638 4503 3 84
3213 4592 3 51
3637 4505 2 11
6744 4519 2 40
819 4585 2 46
4115 4526 3 70
5509 4600 1 21
2783 4513 2 64
9688 4599 2 0
4222 4539 1 39
2677 4536 1 50
1607 4511 3 46
4751 4568 3 99
6969 4535 2 42
3288 4562 3 100
7780 4574 1 18
4421 4530 2 26
7163 4569 3 44
4847 4547 1 96
9026 4529 3 21
5064 4525 2 77
819 4585 1 50
9188 4506 1 50
4644 4590 2 44
5337 4570 1 88
6152 4554 3 12
4465 4543 3 22
4580 4572 1 54
7445 4558 1 90
3658 4598 2 60
757 4541 2 26
67 4540 3 74
5397 4564 3 4
92 4591 1 96
3401 4586 3 65
4644 4590 3 0
92 4591 2 99
5638 4503 2 57
2663 4528 1 83
6329 4544 2 80
4327 4545 2 71
9188 4506 3 99
2716 4534 1 53
6115 4593 2 12
4520 4549 2 92
3658 4598 1 29
4580 4572 2 96
1860 4553 1 85
3472 4580 1 14
2783 4513 1 86
2834 4548 1 17
5217 4514 3 20
2677 4536 2 1
2663 4528 3 67
4204 4532 2 8
8126 4575 1 60
8827 4531 3 72
3213 4592 2 52
653 4597 1 21
9026 4529 2 2
6118 4566 1 18
8432 4517 2 88
5509 4600 3 56
4345 4578 3 94
4822 4563 2 19
7445 4558 2 2
3658 4598 3 66
8014 4594 1 25
5438 4508 2 42
4822 4563 3 84
9026 4524 3 94
5647 4565 2 56
5481 4510 3 100
540 4555 3 84
7242 4581 1 58
6744 4519 3 29
3401 4586 1 65
3284 4537 3 96
5337 4570 3 62
6937 4577 2 24
4590 4550 3 43
2677 4536 3 50
9026 4529 1 64
4590 4550 1 58
8695 4538 2 34
9091 4582 3 5
5379 4516 3 6
3637 4505 1 79
813 4556 2 19
7306 4573 2 83
3294 4561 1 77
5438 4508 1 94
3294 4561 3 78
7950 4542 3 63
6672 4504 2 56
4007 4512 1 50
5601 4507 3 68
7780 4574 2 16
5012 4567 1 17
540 4555 1 65
4345 4578 2 49
3294 4561 2 40
4751 4568 2 75
6969 4535 3 22
5337 4570 2 14
7950 4542 2 97
3334 4579 2 25
3795 4521 3 100
5862 4502 3 55
73 4501 3 28
7306 4573 1 91
67 4540 1 99
8903 4584 3 14
5787 4571 2 45
9026 4524 1 75
5647 4565 3 60
7163 4569 2 1
813 4556 1 69
5629 4587 1 51
9556 4683 1 92
9791 4675 1 44
9476 4645 1 45
7901 4690 1 47
577 4629 3 38
1406 4624 2 65
371 4678 2 75
5154 4677 3 80
3111 4679 1 94
1244 4632 3 16
43 4689 2 5
3287 4602 3 9
9391 4642 3 26
4641 4601 3 46
1227 4640 3 68
967 4622 2 87
6461 4636 2 63
9340 4646 1 99
7373 4643 1 82
3555 4639 3 31
140 4612 3 55
4421 4682 3 43
4704 4623 1 67
4704 4623 2 81
7878 4669 3 37
8622 4698 1 43
967 4622 3 7
7623 4674 2 67
3111 4679 3 83
680 4666 2 18
7141 4657 3 24
1132 4605 2 21
3717 4606 1 50
7243 4610 1 43
2036 4695 1 8
8631 4654 2 73
3106 4647 3 20
2747 4613 3 90
491 4673 1 87
9791 4675 3 65
5301 4614 2 37
3131 4607 1 19
3767 4652 3 7
4421 4682 2 55
754 4660 1 9
680 4666 1 93
8163 4616 2 56
7373 4643 2 23
6148 4635 1 83
3755 4671 2 42
7141 4657 2 87
898 4615 1 17
7878 4669 1 55
7821 4630 1 54
845 4638 2 88
7901 4690 3 37
8783 4694 3 24
5022 4693 1 39
6263 4684 1 21
7832 4604 1 62
9550 4626 2 44
3047 4655 2 65
7560 4633 2 38
2036 4695 3 98
7108 4627 3 72
332 4634 3 17
3078 4653 2 19
1227 4640 2 27
3131 4607 2 98
2279 4665 2 6
4026 4686 2 31
9835 4631 2 33
43 4689 1 92
9725 4663 3 62
3287 4602 2 80
491 4673 3 96
1271 4644 2 35
9556 4683 2 43
3040 4662 1 58
2401 4641 3 18
9534 4656 3 60
371 4678 3 97
754 4660 2 26
7946 4664 1 68
1777 4649 2 65
4426 4608 3 28
4641 4601 1 93
3717 4606 3 92
4704 4623 3 88
845 4638 1 44
184 4697 3 76
9534 4656 1 6
1146 4637 3 52
371 4678 1 79
680 4666 3 18
2246 4670 1 36
3775 4650 3 6
9923 4619 1 6
4026 4686 1 72
1271 4644 1 2
9764 4609 3 1
4176 4672 1 15
332 4634 1 47
577 4629 2 85
7131 4618 3 17
7599 4611 1 5
5154 4677 2 92
3432 4628 1 24
4603 4651 2 9
3645 4696 2 25
577 4629 1 27
8631 4654 1 82
8442 4700 3 15
4176 4672 3 64
7560 4633 1 45
4421 4682 1 80
9476 4645 2 25
9528 4659 3 15
9923 4619 3 94
2246 4670 2 71
5301 4614 3 20
6461 4636 3 56
3775 4650 2 97
86 4680 2 15
1777 4649 1 30
9534 4656 2 30
9835 4631 1 34
9550 4626 3 99
1406 4624 3 61
601 4625 1 29
4358 4685 1 10
7599 4611 2 38
7559 4668 1 22
152 4661 2 22
9528 4659 2 73
9354 4692 3 33
8163 4616 1 31
754 4660 3 65
9550 4626 1 16
3040 4662 3 89
1304 4681 3 65
2585 4667 1 29
6263 4684 2 30
7946 4664 2 91
3775 4650 1 61
6148 4635 2 71
6263 4684 3 21
3106 4647 2 24
9340 4646 3 73
8622 4698 2 89
3755 4671 3 60
8163 4616 3 70
1271 4644 3 25
9059 4621 1 44
3078 4653 1 71
7799 4648 2 35
9725 4663 2 20
1132 4605 3 78
3645 4696 3 55
8783 4694 1 24
1823 4658 3 54
898 4615 3 43
3555 4639 1 77
8783 4694 2 55
1823 4658 2 64
7403 4687 3 23
7878 4669 2 71
601 4625 2 84
1304 4681 1 86
7559 4668 3 44
5154 4677 1 60
9893 4699 1 48
5022 4693 3 45
9791 4675 2 62
1775 4688 2 4
8442 4700 1 92
152 4661 1 7
3432 4628 2 100
3287 4602 1 79
6461 4636 1 39
1244 4632 1 29
1244 4632 2 78
7131 4618 2 47
2585 4667 3 63
2246 4670 3 91
2401 4641 2 44
1304 4681 2 34
6099 4617 1 60
9835 4631 3 90
3556 4691 2 66
7799 4648 3 11
2279 4665 3 37
4026 4686 3 98
3111 4679 2 39
9059 4621 2 1
9354 4692 1 53
7623 4674 1 53
9923 4619 2 69
3131 4607 3 31
7141 4657 1 41
4358 4685 3 63
7403 4687 1 60
140 4612 1 61
86 4680 3 100
3556 4691 3 77
3106 4647 1 57
140 4612 2 68
7243 4610 2 80
332 4634 2 90
184 4697 1 51
2747 4613 1 44
601 4625 3 31
9893 4699 2 29
1777 4649 3 91
7108 4627 2 61
7821 4630 3 42
9476 4645 3 57
7946 4664 3 41
2747 4613 2 66
8390 4620 1 7
1227 4640 1 16
1146 4637 2 66
7821 4630 2 76
3755 4671 1 52
4426 4608 2 72
967 4622 1 88
7832 4604 2 70
7403 4687 2 57
6099 4617 2 67
8390 4620 3 66
9725 4663 1 83
2401 4641 1 10
5301 4614 1 4
4641 4601 2 5
491 4673 2 58
2585 4667 2 68
9340 4646 2 23
4358 4685 2 74
9391 4642 2 46
7243 4610 3 42
4603 4651 1 81
8390 4620 2 7
9893 4699 3 25
2808 4603 2 8
3047 4655 1 57
7599 4611 3 71
3432 4628 3 19
9556 4683 3 58
3556 4691 1 28
3078 4653 3 89
1624 4676 1 77
1823 4658 1 6
1624 4676 2 5
898 4615 2 22
184 4697 2 74
7901 4690 2 11
43 4689 3 100
2279 4665 1 59
6148 4635 3 93
4176 4672 2 43
3040 4662 2 1
6099 4617 3 39
1146 4637 1 51
5022 4693 2 0
1624 4676 3 16
845 4638 3 90
4603 4651 3 52
3767 4652 1 65
1775 4688 1 63
1775 4688 3 13
7131 4618 1 78
3767 4652 2 79
86 4680 1 5
2808 4603 3 20
2036 4695 2 90
7373 4643 3 19
8442 4700 2 50
1406 4624 1 95
1132 4605 1 85
3047 4655 3 94
9764 4609 1 59
9528 4659 1 64
8631 4654 3 30
9764 4609 2 99
7623 4674 3 8
7560 4633 3 36
2808 4603 1 4
3645 4696 1 19
3555 4639 2 31
7559 4668 2 40
7108 4627 1 99
8622 4698 3 36
9354 4692 2 34
9391 4642 1 97
7799 4648 1 15
4426 4608 1 73
9059 4621 3 94
3717 4606 2 15
7832 4604 3 20
152 4661 3 21
6621 4703 2 79
9880 4738 1 13
9534 4780 3 54
3507 4723 2 53
8509 4724 1 93
3366 4750 1 45
1744 4720 2 34
2786 4707 3 36
3507 4723 1 64
3869 4730 2 91
3920 4711 1 53
4375 4778 2 69
1187 4727 2 41
4163 4726 2 98
3052 4800 1 36
5737 4772 2 45
2215 4753 3 6
8365 4742 2 1
1086 4749 1 13
1772 4790 3 69
306 4717 1 47
3975 4728 1 19
6473 4735 1 51
1744 4720 1 50
4937 4794 2 44
8845 4719 1 71
5737 4772 3 27
8509 4724 2 53
9534 4780 1 78
1197 4766 2 21
9028 4775 3 33
7557 4713 1 78
8223 4702 3 22
5599 4793 2 70
65 4739 2 56
821 4784 2 94
4629 4763 2 90
6331 4715 1 22
2147 4776 2 59
306 4717 3 42
6262 4706 3 95
1267 4791 3 30
6373 4736 1 78
8309 4762 1 86
9104 4716 2 81
6473 4735 2 29
6621 4703 1 68
3872 4799 2 95
8451 4758 3 10
4937 4794 3 83
5599 4793 1 23
990 4743 2 99
4915 4710 3 1
761 4765 3 11
4300 4755 1 44
1086 4749 3 81
990 4743 1 7
5062 4788 3 21
8845 4719 2 9
7787 4795 2 38
8223 4702 2 69
1086 4749 2 96
9028 4775 1 34
552 4767 2 54
8309 4762 2 68
2147 4776 3 64
2280 4760 2 53
8845 4719 3 7
552 4767 3 15
3219 4771 2 81
4629 4763 1 3
1920 4796 1 36
1187 4727 1 1
2627 4745 3 54
761 4765 1 18
3920 4711 2 91
7760 4757 2 7
3219 4771 1 41
8509 4724 3 62
6701 4756 3 21
8365 4742 1 71
9547 4789 2 24
9053 4792 2 6
7330 4770 3 36
7735 4704 1 6
6830 4764 2 14
3926 4708 2 27
6373 4736 2 0
2280 4760 3 11
4609 4754 1 74
3052 4800 2 48
4571 4748 2 8
6623 4768 1 57
7357 4777 1 15
9104 4716 1 3
7182 4752 2 37
8451 4758 2 24
1289 4785 2 39
1267 4791 2 27
65 4739 3 62
1772 4790 1 76
7100 4737 3 77
9521 4729 2 74
3872 4799 1 12
6701 4756 1 23
7330 4770 1 6
5748 4773 2 77
9547 4789 3 53
3869 4730 3 100
6524 4798 3 49
821 4784 1 25
7960 4769 1 56
6524 4798 2 55
9491 4783 3 98
4893 4774 2 88
7100 4737 1 91
342 4744 2 19
4915 4710 1 64
5062 4788 1 83
4609 4754 2 8
5262 4725 2 72
3155 4786 3 18
5983 4779 3 8
7845 4731 2 86
4658 4746 2 58
5748 4773 1 54
4893 4774 1 56
9880 4738 2 68
4163 4726 1 86
5062 4788 2 51
8451 4758 1 31
821 4784 3 44
3351 4741 1 47
7735 4704 3 16
552 4767 1 5
5748 4773 3 26
2786 4707 1 65
1158 4781 1 37
284 4751 1 86
3366 4750 2 14
7357 4777 3 63
8930 4709 2 82
5535 4732 1 73
8709 4712 2 94
9521 4729 3 6
5535 4732 3 8
9460 4759 2 23
2627 4745 1 82
6473 4735 3 37
4893 4774 3 52
5262 4725 1 49
8930 4709 3 81
6769 4747 1 22
1744 4720 3 21
4059 4782 2 63
7330 4770 2 2
4937 4794 1 87
1916 4787 1 25
9104 4716 3 75
284 4751 3 49
1289 4785 3 91
9053 4792 1 39
6623 4768 3 70
3280 4705 3 83
8709 4712 1 24
7760 4757 3 28
2280 4760 1 5
3704 4761 1 49
6262 4706 2 7
7336 4718 3 20
5591 4734 1 35
1920 4796 2 97
1197 4766 3 8
1197 4766 1 35
1920 4796 3 73
3869 4730 1 2
7960 4769 2 26
4658 4746 3 23
9316 4797 1 68
3507 4723 3 2
2786 4707 2 46
1158 4781 3 7
3704 4761 3 54
6331 4715 3 6
3052 4800 3 70
4609 4754 3 40
2716 4733 1 28
306 4717 2 74
630 4701 2 65
3280 4705 2 78
342 4744 1 39
3280 4705 1 77
3155 4786 1 25
7845 4731 3 72
3366 4750 3 51
3219 4771 3 42
4571 4748 3 60
1158 4781 2 82
630 4701 1 97
5535 4732 2 60
7845 4731 1 40
2215 4753 2 56
8930 4709 1 53
9491 4783 1 64
7182 4752 1 63
7100 4737 2 39
9431 4721 2 60
342 4744 3 28
2215 4753 1 91
8309 4762 3 13
3155 4786 2 34
4059 4782 1 27
9316 4797 3 79
2716 4733 3 18
9460 4759 1 74
6623 4768 2 39
4300 4755 2 59
3926 4708 3 61
1187 4727 3 19
9880 4738 3 94
9316 4797 2 20
9053 4792 3 7
3219 4722 3 33
7735 4704 2 43
9521 4729 1 51
3219 4722 1 97
7960 4769 3 52
4614 4740 2 57
7557 4713 2 90
3872 4799 3 72
4614 4740 1 57
4614 4740 3 60
1267 4791 1 100
7760 4757 1 24
6373 4736 3 31
7182 4752 3 43
4059 4782 3 29
9431 4721 1 32
1289 4785 1 70
284 4751 2 77
6701 4756 2 46
7557 4713 3 31
9028 4775 2 27
761 4765 2 23
7357 4777 2 51
3920 4711 3 21
5983 4779 2 4
9460 4759 3 45
4658 4746 1 37
2627 4745 2 39
4375 4778 1 30
3172 4714 2 74
1916 4787 3 91
9431 4721 3 31
9534 4780 2 24
8709 4712 3 90
630 4701 3 82
1772 4790 2 11
3351 4741 3 29
7336 4718 1 90
65 4739 1 3
4915 4710 2 35
6621 4703 3 86
6769 4747 2 22
2147 4776 1 34
4571 4748 1 24
5591 4734 3 36
990 4743 3 33
5599 4793 3 13
7787 4795 3 33
1916 4787 2 11
4163 4726 3 6
6769 4747 3 19
9491 4783 2 47
3172 4714 3 46
5737 4772 1 2
5983 4779 1 15
3172 4714 1 31
7336 4718 2 86
3975 4728 2 15
6524 4798 1 82
3704 4761 2 62
3351 4741 2 2
2716 4733 2 93
3219 4722 2 79
9547 4789 1 90
6830 4764 3 23
6331 4715 2 51
8365 4742 3 30
5262 4725 3 96
6830 4764 1 89
4375 4778 3 73
7787 4795 1 63
8223 4702 1 69
5591 4734 2 7
3926 4708 1 58
4300 4755 3 4
6262 4706 1 30
4629 4763 3 20
3975 4728 3 77
3378 4839 1 33
2176 4813 2 86
2196 4866 3 94
6307 4828 3 30
7421 4863 2 93
9862 4889 3 93
3475 4879 1 20
8648 4818 2 32
7866 4854 2 69
9201 4833 2 32
5655 4852 3 36
6643 4898 3 79
5666 4846 3 48
2196 4866 1 21
6833 4835 2 46
7542 4817 3 83
9473 4814 1 26
1078 4815 3 14
8648 4818 1 37
7748 4885 2 98
4648 4873 2 34
7748 4885 3 68
3891 4802 1 90
9765 4806 2 22
6096 4847 1 21
7790 4840 3 18
9630 4834 2 21
4227 4862 1 7
7896 4896 2 20
9048 4878 2 46
2090 4809 1 72
7896 4896 1 99
9048 4878 1 36
2019 4900 1 10
9765 4806 3 17
2191 4867 2 74
9201 4833 3 24
4648 4873 1 60
8257 4871 3 4
3520 4827 1 5
1720 4881 2 29
9269 4875 2 90
284 4845 2 56
6851 4891 2 56
4218 4851 1 46
2176 4813 1 56
7012 4805 2 8
7834 4836 1 55
3475 4879 2 64
4417 4892 2 37
8257 4871 1 73
3543 4811 1 4
1237 4880 1 73
7421 4863 1 3
2922 4894 3 83
429 4868 3 8
5406 4883 2 69
391 4803 3 52
675 4819 3 44
7933 4876 2 40
5177 4830 2 1
324 4812 3 2
1043 4872 1 20
9201 4833 1 27
9208 4861 3 12
719 4808 3 5
1043 4872 2 7
7834 4836 2 19
3543 4811 2 86
5182 4865 1 35
1477 4820 3 27
346 4816 2 26
1078 4815 2 22
9269 4875 3 89
4227 4862 3 22
7542 4817 1 11
5171 4822 2 48
2176 4813 3 14
4578 4882 3 100
8633 4857 2 45
1720 4881 1 18
9269 4875 1 77
6807 4895 1 89
4218 4851 3 94
4218 4851 2 11
6851 4891 1 24
5655 4852 1 9
1541 4849 3 84
675 4819 1 67
9980 4844 1 16
6807 4895 2 11
8633 4857 1 88
6491 4807 2 84
429 4868 2 48
1477 4820 2 52
9445 4864 3 34
7866 4854 1 84
1473 4841 1 1
475 4825 1 22
5182 4865 3 97
4417 4892 1 81
6650 4887 2 58
2922 4894 2 7
3860 4855 1 29
4589 4837 2 25
6851 4891 3 48
3475 4879 3 76
2847 4842 1 57
1477 4820 1 47
5806 4869 1 70
2847 4842 2 80
183 4826 1 94
6675 4823 2 89
6096 4847 3 47
7430 4858 2 66
9862 4889 1 42
3860 4855 3 87
6699 4899 2 84
2158 4874 1 9
5605 4821 2 83
4578 4882 1 28
7302 4897 2 54
9765 4806 1 95
1178 4838 1 35
4227 4862 2 17
8257 4871 2 2
7037 4831 2 83
6807 4895 3 36
2922 4894 1 29
391 4803 2 58
5605 4821 1 6
4884 4804 1 69
1720 4881 3 80
941 4884 1 2
3378 4839 2 100
4589 4837 1 13
6643 4898 2 19
5806 4869 3 2
3891 4802 3 23
2158 4874 3 42
9473 4814 3 72
1541 4849 1 64
3543 4811 3 56
8633 4857 3 11
3891 4802 2 76
8234 4856 3 0
7421 4863 3 63
2423 4890 2 84
183 4826 3 37
719 4808 1 69
5605 4821 3 56
1541 4849 2 72
2090 4809 3 14
6972 4860 1 75
6951 4893 2 100
7430 4858 3 11
1237 4880 2 77
5182 4865 2 67
2019 4900 3 16
6650 4887 3 70
6650 4887 1 73
5177 4830 1 25
7037 4831 1 20
6951 4893 1 47
1237 4880 3 72
7834 4836 3 30
4716 4859 1 1
1078 4815 1 91
9610 4850 3 80
7790 4840 2 56
9788 4810 2 16
6491 4807 1 29
8234 4856 1 14
9980 4844 2 45
2191 4867 1 42
941 4884 2 56
8319 4801 1 37
5666 4846 1 72
5793 4888 3 16
9743 4824 2 32
284 4845 1 76
6699 4899 3 52
675 4819 2 88
346 4816 1 87
2019 4900 2 50
5177 4830 3 40
6096 4847 2 64
9743 4824 1 17
829 4848 3 85
9445 4864 2 82
378 4829 3 100
5806 4869 2 24
5655 4852 2 53
3520 4827 2 28
9743 4824 3 68
6699 4899 1 99
4884 4804 3 19
8234 4856 2 66
2423 4890 1 50
7302 4897 3 71
9610 4850 1 37
429 4868 1 88
7542 4817 2 66
6307 4828 2 51
2090 4809 2 7
6756 4870 3 6
9862 4889 2 34
5171 4822 1 44
9208 4861 2 41
6307 4828 1 98
7430 4858 1 72
346 4816 3 48
475 4825 3 60
1178 4838 3 18
8481 4832 3 66
2196 4866 2 32
7042 4853 3 41
7302 4897 1 52
1178 4838 2 61
9980 4844 3 30
8481 4832 2 58
5666 4846 2 44
7866 4854 3 86
1473 4841 2 80
9445 4864 1 29
1688 4886 3 97
7933 4876 3 64
5793 4888 1 14
1688 4886 2 14
5050 4877 2 19
5406 4883 3 72
5171 4822 3 14
719 4808 2 65
7037 4831 3 23
8319 4801 2 15
6756 4870 1 2
391 4803 1 36
378 4829 2 24
4417 4892 3 60
284 4845 3 83
5406 4883 1 6
3860 4855 2 69
7933 4876 1 93
5793 4888 2 95
4648 4873 3 44
324 4812 1 48
6972 4860 3 46
6756 4870 2 53
4578 4882 2 4
9473 4814 2 82
6643 4898 1 84
9630 4834 1 35
6491 4807 3 85
6675 4823 3 12
6833 4835 1 40
1688 4886 1 27
4884 4804 2 80
7042 4853 1 77
7644 4843 2 47
1043 4872 3 80
6833 4835 3 16
2158 4874 2 0
4589 4837 3 0
378 4829 1 30
941 4884 3 62
9788 4810 1 31
2191 4867 3 31
7012 4805 1 78
2847 4842 3 14
8481 4832 1 53
7012 4805 3 62
4716 4859 3 48
5050 4877 1 58
7790 4840 1 23
3378 4839 3 41
8648 4818 3 11
7748 4885 1 17
9048 4878 3 84
6972 4860 2 21
9208 4861 1 42
7644 4843 3 81
7042 4853 2 22
324 4812 2 72
7896 4896 3 48
8319 4801 3 81
829 4848 2 61
5050 4877 3 93
183 4826 2 33
829 4848 1 41
475 4825 2 38
9788 4810 3 50
7644 4843 1 6
1473 4841 3 28
3520 4827 3 91
2423 4890 3 8
4716 4859 2 27
6675 4823 1 69
9610 4850 2 31
6951 4893 3 46
9630 4834 3 32
8173 4986 3 40
3523 4938 1 12
2135 4929 1 94
7131 4989 3 34
4985 4988 2 11
4075 4911 2 36
3418 4987 2 49
4027 4973 3 66
5452 4991 1 88
3530 4969 3 6
598 4932 1 59
3840 4916 1 19
1917 4971 1 76
847 4904 1 56
6672 4998 3 13
9061 4957 1 18
4027 4973 2 0
7195 4908 2 56
4333 4945 3 81
7131 4989 1 100
3530 4969 2 49
415 4901 3 6
3073 4990 1 18
801 4919 1 22
8530 4909 1 31
2681 4984 2 86
9411 4920 2 43
7660 4935 3 43
4409 4940 1 72
7550 4996 3 30
8276 4975 2 52
5307 4958 3 1
9061 4957 3 96
8667 4950 2 7
4886 4959 3 8
4673 4924 3 35
7622 4967 2 16
4985 4988 1 14
7625 4979 2 38
3300 4972 2 77
7183 4985 2 65
598 4932 3 85
4005 4943 1 55
5154 4983 2 2
5770 4952 1 100
4005 4943 2 60
9333 4942 3 62
5770 4952 3 85
9333 4942 1 58
109 4947 1 13
4015 4953 2 59
4380 4956 2 32
6496 4914 2 82
4409 4940 3 95
4543 4961 2 28
2489 4962 2 8
6672 4998 2 72
5770 4952 2 17
2349 4997 3 28
8022 4968 2 95
6402 4994 1 30
5901 4926 3 13
9077 4927 2 38
6018 4976 1 90
6143 4921 1 76
4543 4961 3 17
8949 4905 1 61
4075 4911 1 95
6912 4902 3 59
7668 4934 1 81
3523 4938 2 46
857 4907 1 70
6545 4982 3 96
4364 4977 1 86
109 4947 3 0
6632 4946 1 44
8022 4968 3 16
8949 4905 3 12
9333 4942 2 92
7622 4967 3 2
6763 4933 2 8
8674 4980 3 34
9896 4981 1 61
8513 4906 2 92
3822 4995 3 6
4015 4953 3 7
6912 4902 1 5
7668 4934 3 37
707 4928 1 81
6382 4913 3 82
4333 4945 2 81
2489 4962 1 17
5307 4958 2 85
4364 4977 3 75
4380 4956 1 69
4543 4961 1 77
3305 4936 3 66
6753 4918 3 61
857 4907 2 68
6385 4944 2 9
3822 4995 2 72
6672 4998 1 52
8380 4966 3 12
6912 4902 2 36
598 4932 2 25
8513 4906 1 78
9546 4999 2 92
109 4947 2 71
415 4901 2 74
3947 4912 3 13
7560 4903 2 31
3523 4938 3 59
6402 4994 3 41
4027 4973 1 78
7622 4967 1 99
6382 4913 2 27
8540 4910 2 81
6097 5000 3 80
4886 4959 2 88
8979 4964 1 61
7668 4934 2 78
470 4954 3 51
4985 4988 3 84
4028 4939 2 45
8949 4905 2 91
3073 4990 3 54
6545 4982 1 19
1763 4948 1 16
5452 4991 2 19
3822 4995 1 4
6632 4946 3 39
5505 4941 3 31
5114 4955 2 17
2681 4984 1 36
4753 4931 2 35
8784 4917 3 68
707 4928 3 67
5114 4955 3 96
2135 4929 2 70
4410 4974 1 77
801 4919 3 22
857 4907 3 31
6382 4913 1 44
2033 4951 1 45
7550 4996 2 15
8647 4970 2 90
3418 4987 1 78
6763 4933 3 97
3920 4965 2 99
7487 4925 1 22
7625 4979 1 24
8276 4975 3 42
8173 4986 1 69
8026 4963 3 24
8540 4910 3 3
8026 4963 1 30
4028 4939 1 58
8667 4950 3 44
3776 4922 3 23
8513 4906 3 69
9411 4920 3 84
2293 4937 1 51
3947 4912 1 60
6678 4960 3 4
5114 4955 1 63
3840 4916 2 64
6938 4930 1 80
8667 4950 1 54
1917 4971 3 92
4333 4945 1 40
3073 4990 2 24
7195 4908 3 51
6143 4921 3 2
8979 4964 2 86
8530 4909 3 89
4028 4939 3 4
3776 4922 2 71
4410 4974 3 18
5505 4941 2 47
847 4904 2 44
4015 4953 1 38
7560 4903 3 21
1763 4948 3 58
8674 4980 1 37
2349 4997 2 79
6938 4930 2 57
470 4954 2 52
6385 4944 1 66
707 4928 2 60
2135 4929 3 99
4380 4956 3 40
7560 4903 1 68
5017 4992 2 93
4374 4923 3 46
7195 4908 1 97
9076 4978 1 85
721 4993 3 19
2293 4937 2 37
3305 4936 1 67
5307 4958 1 51
8540 4910 1 45
4005 4943 3 87
6097 5000 1 74
6272 4949 1 18
5154 4983 3 12
2681 4984 3 73
7183 4985 1 44
4753 4931 3 50
7487 4925 3 48
3300 4972 3 70
9077 4927 3 43
6545 4982 2 44
2349 4997 1 44
6632 4946 2 55
5568 4915 2 89
6753 4918 2 52
5154 4983 1 79
3300 4972 1 40
7131 4989 2 45
6402 4994 2 76
4374 4923 2 6
7183 4985 3 23
6272 4949 2 88
8979 4964 3 18
5452 4991 3 64
5568 4915 1 88
8380 4966 2 55
4673 4924 1 37
6678 4960 1 74
3920 4965 1 22
6753 4918 1 36
721 4993 1 96
847 4904 3 21
6097 5000 2 77
5901 4926 2 31
5505 4941 1 77
8022 4968 1 35
8530 4909 2 19
6385 4944 3 56
5017 4992 1 82
470 4954 1 44
8380 4966 1 15
6763 4933 1 32
4075 4911 3 41
415 4901 1 34
6143 4921 2 51
4374 4923 1 31
8026 4963 2 36
6272 4949 3 96
3776 4922 1 65
6496 4914 1 96
1763 4948 2 95
6018 4976 2 63
2293 4937 3 68
7660 4935 1 47
2033 4951 3 38
4886 4959 1 15
4753 4931 1 23
8674 4980 2 29
1917 4971 2 100
6938 4930 3 1
8173 4986 2 66
7625 4979 3 26
5901 4926 1 47
8647 4970 3 29
9896 4981 3 11
2489 4962 3 26
2033 4951 2 76
8784 4917 1 78
9061 4957 2 34
4409 4940 2 25
9077 4927 1 98
5017 4992 3 47
8276 4975 1 90
9896 4981 2 6
3530 4969 1 76
3920 4965 3 84
6678 4960 2 90
4410 4974 2 64
721 4993 2 67
3418 4987 3 41
4673 4924 2 21
7487 4925 2 14
7550 4996 1 3
9546 4999 1 69
5568 4915 3 51
9076 4978 3 68
9076 4978 2 96
9411 4920 1 99
801 4919 2 13
4364 4977 2 85
9546 4999 3 16
8647 4970 1 84
3840 4916 3 23
7660 4935 2 78
8784 4917 2 46
3305 4936 2 47
3947 4912 2 44
6018 4976 3 35
6496 4914 3 54
1897 5041 1 19
6503 5028 3 90
4196 5076 1 5
289 5067 3 89
9390 5038 2 28
3211 5071 1 26
8946 5095 3 32
3250 5100 3 8
1401 5024 2 90
6836 5064 1 50
1477 5005 3 59
1908 5061 2 38
828 5001 3 69
9858 5021 2 51
9243 5004 1 94
8159 5077 3 31
5488 5016 2 98
2578 5018 3 82
4826 5060 2 22
5347 5073 2 57
9858 5021 3 45
4826 5060 1 28
1897 5041 2 51
2758 5083 3 80
1491 5068 3 53
2586 5029 3 62
5211 5022 1 90
2316 5099 1 22
5211 5022 2 55
8180 5093 3 89
2270 5010 3 88
9770 5023 1 89
2845 5070 3 37
9017 5052 2 0
5180 5006 2 0
289 5067 2 30
4541 5027 2 85
5957 5020 1 36
7189 5055 2 76
8085 5013 3 14
781 5092 1 8
8851 5069 3 85
1181 5046 1 47
2845 5070 2 23
2747 5082 3 91
2819 5036 1 74
8427 5090 2 81
5468 5002 1 67
4211 5080 3 97
8085 5013 2 94
6561 5053 2 51
4541 5027 1 51
9863 5059 3 82
8022 5037 3 98
8180 5093 2 0
2845 5070 1 9
4247 5078 3 63
3324 5009 3 78
7288 5019 3 99
5036 5096 3 75
6520 5045 3 22
3406 5087 2 75
3345 5089 1 98
7288 5019 1 5
2695 5056 2 54
8180 5093 1 30
6801 5084 3 59
5347 5073 1 60
9099 5025 2 75
7230 5008 3 20
9017 5052 1 41
2578 5018 2 100
9285 5097 3 100
7850 5007 2 32
9863 5059 2 24
9770 5023 3 17
9039 5031 1 97
9243 5004 3 73
1279 5088 3 41
2714 5081 1 3
7349 5075 1 77
6836 5064 2 57
5488 5016 3 2
1395 5091 1 40
8557 5048 2 24
7189 5055 3 4
2799 5034 1 34
2799 5034 3 58
6791 5066 2 26
5957 5020 2 72
2195 5058 1 49
2695 5056 1 100
8947 5050 3 96
2270 5010 1 13
5468 5002 3 6
1477 5005 1 54
7397 5051 3 49
7994 5017 2 74
8946 5095 2 29
2919 5044 3 65
7994 5017 1 66
6791 5066 3 21
5377 5079 1 63
2341 5012 2 40
7230 5008 1 9
6854 5011 3 19
5872 5014 3 94
3406 5087 1 98
2819 5036 3 37
9390 5038 3 21
4196 5076 3 12
4165 5032 1 25
6825 5043 3 24
7230 5008 2 55
1261 5057 3 78
9099 5025 3 13
6986 5072 1 55
9770 5023 2 29
6986 5072 2 5
197 5062 3 36
9622 5085 1 61
3211 5071 3 14
8159 5077 1 42
8427 5090 3 79
4541 5027 3 75
9622 5085 2 87
7095 5074 2 58
7095 5074 1 43
4211 5080 2 14
9039 5031 2 55
2270 5010 2 31
781 5092 2 62
8427 5090 1 16
7899 5030 2 93
3090 5015 2 56
9017 5052 3 5
5778 5039 3 38
5872 5014 2 4
7397 5051 2 77
1181 5046 3 45
6561 5053 1 89
828 5001 2 17
2557 5035 3 8
7349 5075 3 25
5211 5022 3 79
9053 5094 1 51
781 5092 3 50
7899 5030 1 24
3250 5100 2 31
2714 5081 2 51
7994 5017 3 99
5778 5039 2 42
4652 5054 1 57
2341 5012 1 97
8947 5050 2 34
5778 5039 1 81
1401 5024 3 36
4165 5032 3 83
1659 5063 2 0
9858 5021 1 36
7397 5051 1 66
2557 5035 1 61
5488 5016 1 38
3324 5009 2 67
5468 5002 2 40
957 5003 1 55
2586 5029 1 56
8946 5095 1 24
2578 5018 1 25
1279 5026 3 56
8557 5048 1 82
979 5033 2 9
6503 5028 2 88
3345 5089 3 63
4826 5060 3 100
7189 5055 1 61
8085 5013 1 67
5161 5042 1 92
8300 5047 2 76
5347 5073 3 77
1181 5046 2 77
6801 5084 2 76
6854 5011 2 45
2557 5035 2 98
5377 5079 3 43
2758 5083 1 50
2747 5082 1 62
7850 5007 1 90
1261 5057 2 65
1659 5063 3 34
957 5003 3 98
1491 5068 1 21
6520 5045 2 60
8851 5069 1 78
3090 5015 3 8
6520 5045 1 63
2695 5056 3 55
2316 5099 3 89
8022 5037 1 9
4652 5054 2 86
9390 5038 1 30
9863 5059 1 83
5180 5006 1 45
5161 5042 3 31
8851 5069 2 10
5146 5040 2 63
1279 5026 2 43
7850 5007 3 21
979 5033 3 47
5377 5079 2 82
3324 5009 1 2
9053 5094 2 91
1395 5091 2 49
1401 5024 1 1
4211 5080 1 71
2195 5058 3 2
8192 5065 3 85
6825 5043 1 36
4247 5078 2 21
6825 5043 2 13
828 5001 1 100
6561 5053 3 86
2819 5036 2 0
979 5033 1 3
3406 5087 3 50
1897 5041 3 20
7642 5049 1 72
8159 5077 2 55
4086 5098 3 60
8022 5037 2 27
5161 5042 2 32
8557 5048 3 91
1261 5057 1 94
4086 5098 1 20
9039 5031 3 77
9622 5085 3 36
1491 5068 2 77
1395 5091 3 66
7642 5049 3 81
3250 5100 1 23
2758 5083 2 32
7349 5075 2 76
8300 5047 1 28
5872 5014 1 62
4086 5098 2 10
8192 5065 2 13
7642 5049 2 39
7899 5030 3 24
2341 5012 3 0
8192 5065 1 93
9285 5097 2 20
6836 5064 3 94
6801 5084 1 90
4196 5076 2 69
1908 5061 3 54
2316 5099 2 7
5957 5020 3 34
4165 5032 2 99
6854 5011 1 20
3211 5071 2 73
1279 5088 2 26
1908 5061 1 56
5146 5040 3 86
5036 5096 1 40
5036 5096 2 5
2195 5058 2 5
2919 5044 1 68
9053 5094 3 97
3345 5089 2 29
1279 5088 1 35
4652 5054 3 31
289 5067 1 40
957 5003 2 51
6791 5066 1 5
2799 5034 2 62
2747 5082 2 31
8947 5050 1 34
9285 5097 1 93
3090 5015 1 17
7095 5074 3 33
1279 5026 1 9
8300 5047 3 34
2714 5081 3 44
3595 5086 3 54
2586 5029 2 74
9243 5004 2 93
5180 5006 3 10
2919 5044 2 80
9099 5025 1 41
6986 5072 3 97
6503 5028 1 74
3595 5086 1 22
7288 5019 2 7
5146 5040 1 62
3595 5086 2 54
197 5062 2 16
4247 5078 1 94
1477 5005 2 16
1659 5063 1 73
197 5062 1 88
842 5192 1 54
5022 5159 2 18
955 5174 1 73
4938 5177 2 82
5592 5150 3 91
5811 5117 1 66
3175 5118 3 62
9564 5190 2 47
3938 5114 3 89
6542 5180 3 57
3295 5148 2 81
412 5171 1 42
3295 5148 1 88
4227 5173 1 89
7167 5128 2 2
0 5137 1 95
8764 5142 1 0
4478 5157 1 33
6479 5138 3 81
761 5163 2 28
6768 5156 1 75
3175 5118 2 6
4292 5195 3 70
538 5124 1 9
5852 5146 1 14
8151 5179 3 94
7160 5200 3 36
8187 5194 3 26
4227 5173 3 97
1985 5139 1 78
1188 5184 2 81
3321 5144 3 64
57 5121 3 53
2728 5198 3 68
3228 5166 3 49
5852 5146 2 68
2244 5165 3 84
2009 5101 1 10
1188 5184 3 23
541 5106 1 88
9190 5164 1 79
6542 5180 1 78
4254 5115 3 12
4553 5168 1 91
6890 5170 3 97
6225 5116 3 51
1881 5113 1 74
3321 5144 1 5
8187 5194 2 64
500 5185 3 66
3228 5166 1 81
8538 5151 1 8
4254 5115 2 60
0 5137 3 3
1549 5145 3 26
6225 5116 2 61
5073 5130 2 53
842 5192 3 79
3175 5158 1 62
8090 5199 3 51
8517 5129 1 4
3454 5147 1 28
7658 5103 1 1
842 5192 2 24
541 5106 3 94
2961 5167 1 96
6226 5161 1 88
8090 5199 2 50
3228 5166 2 47
4733 5135 2 43
5022 5159 1 30
2961 5167 3 39
6340 5187 2 68
3084 5127 3 9
3784 5107 2 97
4006 5154 2 81
9190 5164 2 47
8187 5194 1 77
5650 5120 2 50
7560 5111 1 92
6226 5161 2 70
761 5163 3 3
6768 5156 2 98
3400 5178 1 97
1861 5181 3 25
349 5131 1 81
4938 5177 3 14
57 5121 1 58
7905 5105 2 19
8405 5136 3 62
6459 5109 2 32
6166 5186 1 26
2403 5132 3 6
2403 5132 2 54
7010 5125 3 25
6226 5161 3 23
5990 5183 2 54
3175 5158 3 21
3175 5118 1 21
2485 5140 2 73
7010 5125 1 59
1147 5193 2 4
8151 5179 2 30
8517 5129 3 96
4478 5157 2 39
4733 5135 3 98
3454 5147 3 8
5626 5155 2 38
6254 5175 3 10
0 5137 2 23
4254 5115 1 0
1549 5145 2 26
6479 5138 1 53
3084 5127 1 41
9564 5190 3 37
7167 5153 3 19
5063 5160 2 18
9784 5143 1 3
5783 5123 3 52
7550 5104 2 31
6895 5126 3 91
1881 5113 3 3
4887 5110 2 4
3784 5107 1 61
57 5121 2 40
1027 5108 2 34
538 5124 2 40
5811 5117 3 41
6166 5186 3 46
4292 5195 1 36
2009 5101 2 70
7905 5105 3 13
3175 5158 2 45
5592 5150 2 61
5845 5176 1 89
6340 5187 3 23
6225 5116 1 12
6890 5170 2 83
349 5131 3 93
8330 5162 2 89
136 5141 1 58
1147 5193 1 13
1357 5169 2 53
7560 5111 3 23
500 5185 1 44
4350 5196 2 78
3250 5191 2 69
1985 5139 2 94
1549 5145 1 82
5626 5155 1 62
5650 5120 3 83
4115 5133 1 66
412 5171 3 77
6254 5175 1 44
136 5141 2 37
8405 5136 1 29
5592 5150 1 44
1861 5181 2 15
3784 5107 3 62
2728 5198 1 4
7474 5189 3 8
6895 5126 1 97
3295 5148 3 45
761 5163 1 32
5063 5160 3 49
4938 5177 1 74
349 5131 2 97
6459 5109 3 34
4478 5157 3 19
7160 5200 1 85
9784 5143 3 90
7991 5102 2 97
5990 5183 1 2
5073 5130 1 11
6890 5170 1 60
1147 5193 3 87
538 5124 3 52
4887 5110 1 9
5852 5146 3 44
6768 5156 3 36
3400 5178 3 38
1188 5184 1 33
9245 5172 3 34
3584 5119 3 62
4115 5133 2 34
4733 5135 1 80
277 5134 3 70
3084 5127 2 11
6254 5175 2 52
5063 5160 1 78
5371 5122 1 14
2244 5165 2 78
6166 5186 2 32
4115 5133 3 6
7167 5153 1 57
6340 5187 1 7
8090 5199 1 48
7550 5104 3 22
1985 5139 3 97
277 5134 1 45
5783 5123 2 64
4006 5154 3 84
7991 5102 1 39
1881 5113 2 99
5783 5123 1 74
1357 5169 3 47
6459 5109 1 43
5845 5176 3 52
955 5174 3 35
7991 5102 3 69
8517 5129 2 98
8538 5151 3 77
4553 5168 3 58
8800 5197 3 45
6498 5112 1 49
6498 5112 3 14
3584 5119 1 12
7160 5200 2 61
7658 5103 2 33
3321 5144 2 62
5371 5122 3 30
2961 5167 2 84
3250 5191 3 35
8800 5197 2 61
1861 5181 1 45
2728 5198 2 21
8502 5182 3 28
6006 5152 1 43
4553 5168 2 64
7167 5128 1 84
7905 5105 1 19
5626 5155 3 4
8502 5182 1 30
5650 5120 1 28
6498 5112 2 18
9245 5172 2 63
8764 5142 3 30
8800 5197 1 60
4350 5196 1 82
136 5141 3 29
3250 5191 1 2
2485 5140 1 62
3938 5114 2 48
6006 5152 3 52
9302 5188 3 80
7474 5189 2 98
541 5106 2 49
7167 5128 3 65
7474 5189 1 24
8502 5182 2 8
3584 5119 2 36
8330 5162 3 27
6479 5138 2 7
6542 5180 2 58
6006 5152 2 4
3400 5178 2 33
3454 5147 2 89
4227 5173 2 90
7658 5103 3 78
2485 5140 3 73
9245 5172 1 98
955 5174 2 83
2244 5165 1 13
8405 5136 2 70
9357 5149 2 32
9302 5188 1 35
8764 5142 2 12
9190 5164 3 55
1027 5108 1 81
3938 5114 1 29
7010 5125 2 24
7550 5104 1 52
4006 5154 1 78
8538 5151 2 21
277 5134 2 28
7560 5111 2 24
7167 5153 2 99
500 5185 2 50
8151 5179 1 43
5990 5183 3 98
6895 5126 2 45
1357 5169 1 68
9357 5149 1 90
4292 5195 2 35
5811 5117 2 29
9357 5149 3 100
5845 5176 2 3
9302 5188 2 61
412 5171 2 2
9564 5190 1 1
8330 5162 1 29
5022 5159 3 17
2009 5101 3 24
2403 5132 1 40
5371 5122 2 64
1027 5108 3 92
4887 5110 3 72
5073 5130 3 41
4350 5196 3 99
9784 5143 2 82
9657 5263 3 46
9445 5254 2 29
6749 5248 2 93
721 5250 1 51
1878 5214 3 60
8669 5258 2 30
4676 5264 3 16
9522 5282 1 26
6775 5274 1 19
9468 5209 1 79
9737 5280 1 65
1014 5232 2 50
4611 5241 2 94
721 5250 2 74
1340 5242 1 76
9737 5204 2 32
9916 5223 3 2
8811 5298 3 88
9224 5251 2 71
288 5229 2 20
4481 5210 2 28
2564 5243 2 69
9579 5265 3 10
8632 5269 2 36
5275 5206 1 74
33 5291 1 60
3808 5279 1 55
5398 5249 2 79
8236 5240 3 61
9522 5282 2 50
4676 5264 2 55
9215 5233 3 98
6370 5246 3 88
5041 5225 2 54
9224 5251 3 58
6844 5231 1 76
3292 5208 1 6
590 5216 1 8
1439 5297 3 75
8875 5296 1 2
6362 5227 2 7
1547 5261 3 93
9916 5223 2 86
1446 5290 3 42
2468 5299 1 80
3465 5278 2 59
5214 5286 1 35
9737 5280 3 51
1878 5214 1 22
1439 5297 1 84
4657 5236 3 72
863 5272 3 86
4307 5220 1 22
4657 5236 2 32
2315 5201 3 56
7470 5239 2 12
4262 5283 1 26
193 5213 1 35
1014 5232 3 11
5001 5293 3 20
3245 5238 1 48
9468 5209 3 88
2564 5243 3 12
1004 5211 1 63
2603 5288 2 67
4074 5284 2 2
6775 5274 2 66
1878 5214 2 78
9916 5223 1 40
7885 5262 3 26
8236 5240 1 50
959 5245 2 62
7245 5244 1 77
5001 5293 1 5
6362 5227 3 62
5417 5260 3 2
3245 5238 2 87
8632 5269 1 96
5398 5249 3 76
33 5291 3 19
3292 5208 2 43
4561 5294 3 28
6775 5274 3 34
7245 5244 3 58
9340 5205 1 71
6864 5235 2 96
7140 5287 1 69
5398 5249 1 66
2564 5243 1 94
3465 5270 2 2
8811 5298 2 37
9737 5204 3 27
5214 5286 3 10
1004 5211 3 8
1446 5290 1 92
3975 5228 2 40
193 5213 2 67
1014 5232 1 38
721 5250 3 70
288 5229 1 92
6529 5202 3 79
8021 5253 2 87
9215 5233 2 21
1547 5261 2 82
7470 5239 3 94
7009 5252 2 1
2923 5255 1 31
7436 5207 2 53
1446 5290 2 66
372 5212 2 67
6644 5237 2 92
6779 5271 3 97
3069 5259 3 39
4657 5236 1 68
9340 5205 3 53
5041 5225 3 53
33 5291 2 89
7009 5252 1 41
950 5234 1 41
9485 5219 1 77
4981 5277 2 3
4074 5284 3 27
590 5216 3 49
863 5272 2 56
1340 5242 3 44
8236 5240 2 85
1004 5211 2 35
2603 5288 3 82
3465 5278 1 57
9485 5219 2 45
8118 5267 3 30
4475 5273 2 96
863 5272 1 55
7289 5300 3 19
8156 5247 1 54
4481 5210 1 59
4127 5292 1 23
193 5213 3 81
3808 5279 2 38
4864 5224 1 32
4127 5292 2 30
2603 5288 1 73
6644 5237 3 39
9215 5233 1 97
884 5221 3 79
5973 5295 2 51
1439 5297 2 77
296 5256 1 10
5417 5260 2 45
6529 5202 2 71
5973 5295 1 47
4527 5276 2 77
884 5221 1 92
4527 5276 1 38
1766 5257 3 16
959 5245 1 60
7245 5244 2 10
9224 5251 1 25
4265 5217 3 49
7289 5300 1 99
4864 5224 3 2
6779 5271 1 91
904 5218 2 29
9579 5265 2 2
3782 5289 1 51
7152 5268 3 12
7140 5287 3 2
4611 5241 1 95
904 5218 3 43
2315 5201 1 28
959 5245 3 55
4663 5281 2 49
7177 5215 2 23
7177 5215 3 37
7436 5207 1 91
7009 5252 3 69
7289 5300 2 13
7540 5222 1 45
9340 5205 2 95
4561 5294 2 63
6864 5235 3 82
8632 5269 3 12
3975 5228 3 70
6644 5237 1 64
4981 5277 1 54
5001 5293 2 44
4265 5217 2 80
7436 5207 3 20
904 5218 1 67
6779 5271 2 68
4307 5220 3 58
6749 5248 1 7
4262 5283 3 36
8118 5267 1 81
5214 5286 2 13
8669 5258 3 39
3991 5203 1 99
4663 5281 3 35
8669 5258 1 96
4475 5273 1 14
4481 5210 3 15
372 5212 3 0
3374 5275 2 91
4799 5230 1 57
3069 5259 2 7
3374 5275 3 70
4527 5276 3 54
7885 5262 2 55
4265 5217 1 41
7470 5239 1 75
2468 5299 2 32
6749 5248 3 74
296 5256 3 81
3292 5208 3 93
4127 5292 3 96
3991 5203 3 82
3975 5228 1 25
6864 5235 1 76
3465 5278 3 34
9485 5219 3 22
950 5234 2 96
5973 5295 3 74
3374 5275 1 76
9522 5282 3 76
6370 5246 2 45
8021 5253 1 19
3843 5266 1 32
9657 5263 2 1
8875 5296 2 93
590 5216 2 45
3843 5266 2 27
3465 5270 1 6
3465 5270 3 58
6844 5231 2 58
4307 5220 2 69
9445 5254 1 95
4652 5285 2 88
3843 5266 3 94
1547 5261 1 80
6844 5231 3 12
4561 5294 1 96
8156 5247 3 17
9737 5280 2 36
9657 5263 1 65
7885 5262 1 1
6370 5246 1 22
4981 5277 3 70
8118 5267 2 69
7140 5287 2 21
4262 5283 2 36
7152 5268 2 97
8021 5253 3 33
2315 5201 2 25
6362 5227 1 19
4652 5285 3 88
4475 5273 3 28
1766 5257 2 8
2923 5255 3 37
3245 5238 3 86
4652 5285 1 29
884 5221 2 93
9468 5209 2 25
4864 5224 2 97
8156 5247 2 54
4074 5284 1 69
5275 5206 2 34
5275 5206 3 73
3782 5289 2 31
4799 5230 2 98
288 5229 3 83
3991 5203 2 63
7177 5215 1 13
3694 5226 3 76
3694 5226 1 86
1766 5257 1 52
5041 5225 1 89
3069 5259 1 19
3808 5279 3 74
8811 5298 1 28
9579 5265 1 54
8875 5296 3 10
9445 5254 3 79
3782 5289 3 42
3694 5226 2 26
2923 5255 2 22
7152 5268 1 99
1340 5242 2 100
5417 5260 1 77
4663 5281 1 24
7540 5222 3 66
296 5256 2 77
7540 5222 2 61
4676 5264 1 16
6529 5202 1 97
9737 5204 1 81
372 5212 1 62
950 5234 3 98
4799 5230 3 38
2468 5299 3 50
4611 5241 3 89
669 5399 1 37
9350 5319 1 3
5045 5392 2 89
8705 5385 2 52
7985 5396 3 98
2353 5335 2 74
9203 5380 3 46
7984 5378 2 48
2720 5377 3 43
2659 5393 1 68
5547 5332 3 83
7352 5324 3 64
7376 5301 1 90
9178 5358 1 59
3437 5374 3 68
1063 5391 3 91
9121 5349 3 87
652 5367 1 53
7394 5353 3 0
8710 5318 3 61
7803 5379 3 73
7093 5370 2 57
2668 5397 2 16
289 5346 2 60
8336 5305 1 36
1646 5381 3 96
7803 5379 2 42
1755 5339 1 30
8222 5371 3 62
3949 5344 1 7
7376 5301 3 7
6897 5351 1 11
2019 5309 2 97
9951 5302 1 1
1441 5304 2 71
7352 5324 2 35
3763 5383 1 33
3282 5303 2 96
8662 5350 2 10
1441 5304 1 78
4922 5337 1 42
1755 5339 3 7
7361 5373 1 72
935 5366 2 8
8326 5352 2 45
289 5346 3 9
3506 5315 1 66
7095 5362 1 19
1586 5368 1 32
3215 5325 3 11
6897 5351 2 26
4398 5347 2 87
9105 5387 2 87
652 5367 2 44
9844 5384 2 65
5421 5356 2 37
84 5365 1 46
7148 5336 2 14
3669 5310 2 67
8705 5385 3 55
306 5322 1 56
9121 5349 2 35
3958 5313 2 49
8436 5306 2 24
935 5366 3 28
8202 5326 1 51
4725 5341 1 38
586 5317 1 57
9411 5331 2 26
3763 5383 2 75
6964 5340 1 100
1362 5360 2 56
2353 5335 1 19
3215 5325 2 45
2313 5343 3 13
8662 5350 1 11
489 5338 2 35
4922 5337 3 87
8202 5326 3 4
5421 5356 1 50
571 5311 2 63
1646 5381 1 20
8336 5305 2 77
2668 5397 1 47
8222 5371 2 54
3669 5310 3 80
3743 5386 2 66
5084 5334 2 45
8727 5333 2 1
6223 5348 1 91
3763 5383 3 86
5045 5392 1 75
7985 5396 1 97
9966 5342 1 76
9375 5355 3 42
7533 5327 1 29
4220 5323 1 70
228 5394 2 65
6223 5348 3 4
9951 5302 2 53
8436 5306 3 94
2019 5309 1 9
98 5390 3 67
4922 5337 2 34
6515 5400 2 9
8710 5318 2 69
7582 5357 2 47
9350 5319 3 2
6964 5340 2 50
5301 5398 2 99
8326 5352 1 6
571 5311 1 42
6223 5348 2 47
1362 5360 1 22
8693 5389 2 42
7361 5373 2 43
3282 5303 1 11
4398 5347 3 82
9375 5355 1 33
9844 5384 1 11
571 5311 3 65
1127 5308 1 26
9203 5380 1 5
7456 5354 1 63
3949 5344 3 21
3741 5321 3 14
1063 5391 1 35
767 5320 3 34
2720 5377 1 0
4625 5359 1 68
8499 5312 2 35
489 5338 1 74
2668 5397 3 2
6180 5363 2 84
7376 5301 2 35
9214 5329 1 86
7533 5327 3 52
9951 5302 3 16
6532 5364 2 3
7456 5354 2 34
4220 5323 3 28
8226 5388 2 20
4398 5347 1 17
3437 5374 2 86
3958 5313 3 42
8693 5389 3 20
8693 5389 1 77
6032 5369 1 60
7095 5362 2 98
9411 5331 1 93
1755 5339 2 34
5084 5334 1 33
7984 5378 1 19
8710 5318 1 20
3669 5310 1 43
7443 5330 3 53
9966 5342 2 12
6799 5307 3 49
8499 5312 3 35
3583 5345 2 1
9178 5358 2 42
4051 5375 1 21
3437 5374 1 64
8326 5352 3 9
7803 5379 1 82
2720 5377 2 57
652 5367 3 23
8727 5333 3 3
4944 5314 2 17
4944 5314 1 98
5045 5392 3 89
2629 5328 3 18
6032 5369 2 49
3741 5321 2 3
8436 5306 1 10
3282 5303 3 94
6799 5307 2 81
4220 5323 2 9
6515 5400 1 78
6515 5361 3 86
98 5390 2 13
9728 5372 2 80
2346 5382 2 39
8226 5388 1 58
2629 5328 1 17
3949 5344 2 45
7093 5370 3 67
84 5365 2 41
1063 5391 2 91
2346 5382 1 6
6180 5363 1 92
7051 5376 3 66
767 5320 1 85
9728 5372 3 97
4944 5314 3 40
5084 5334 3 73
9411 5331 3 20
2313 5343 2 65
289 5346 1 64
9728 5372 1 20
2659 5393 3 34
4277 5395 3 5
306 5322 2 79
4051 5375 2 31
9214 5329 2 95
4625 5359 2 43
7051 5376 2 11
8336 5305 3 26
5421 5356 3 43
1441 5304 3 57
6032 5369 3 35
3743 5386 3 94
586 5317 3 24
5301 5398 3 67
1362 5360 3 52
9350 5319 2 26
6799 5307 1 23
935 5366 1 48
669 5399 3 84
4725 5341 2 27
2659 5393 2 75
4051 5375 3 19
4625 5359 3 9
6721 5316 1 13
6721 5316 2 73
4277 5395 1 74
9105 5387 1 58
2629 5328 2 51
228 5394 3 77
8499 5312 1 7
2346 5382 3 96
6515 5361 2 26
8705 5385 1 37
3583 5345 3 77
6515 5361 1 53
7148 5336 3 73
6515 5400 3 88
1586 5368 3 13
6721 5316 3 47
3958 5313 1 71
7533 5327 2 2
2019 5309 3 37
6897 5351 3 88
7148 5336 1 11
9203 5380 2 34
669 5399 2 22
84 5365 3 26
767 5320 2 21
3743 5386 1 56
5301 5398 1 34
3741 5321 1 27
9178 5358 3 35
9121 5349 1 37
228 5394 1 10
4277 5395 2 48
1127 5308 3 41
2313 5343 1 97
3583 5345 1 6
7456 5354 3 40
7095 5362 3 73
7394 5353 1 55
9844 5384 3 91
7443 5330 1 46
6964 5340 3 15
9214 5329 3 86
7394 5353 2 56
7582 5357 1 86
6180 5363 3 3
9375 5355 2 14
8727 5333 1 47
1646 5381 2 59
3215 5325 1 91
7051 5376 1 4
7352 5324 1 88
2353 5335 3 65
586 5317 2 21
4725 5341 3 59
9105 5387 3 18
8222 5371 1 16
7093 5370 1 97
7984 5378 3 35
3506 5315 2 45
7985 5396 2 29
8226 5388 3 70
6532 5364 1 91
306 5322 3 43
9966 5342 3 85
6532 5364 3 72
489 5338 3 33
5547 5332 1 81
7443 5330 2 79
1127 5308 2 13
7361 5373 3 88
8202 5326 2 40
3506 5315 3 70
5547 5332 2 66
8662 5350 3 98
7582 5357 3 43
98 5390 1 95
1586 5368 2 2
3032 5421 1 40
9748 5432 3 9
427 5424 1 51
4902 5401 2 95
8519 5482 1 29
9730 5496 3 31
1623 5461 1 93
3172 5404 3 50
3582 5460 1 5
1426 5443 1 83
1021 5426 2 41
8052 5489 2 4
4720 5450 3 57
648 5473 1 82
3483 5431 2 63
7546 5493 1 14
6398 5454 2 7
6348 5402 1 68
8964 5414 3 85
2834 5449 1 25
463 5499 1 92
719 5456 1 17
2129 5412 2 12
3755 5492 3 47
837 5413 1 57
1924 5498 3 77
7717 5468 3 3
463 5499 2 58
1604 5444 3 13
9459 5410 2 46
3848 5490 1 87
3032 5421 3 88
8009 5455 3 90
8052 5489 1 80
5782 5463 1 3
5264 5479 1 44
3671 5483 1 95
3671 5483 2 47
4627 5436 3 97
1728 5478 2 40
1142 5420 3 48
3483 5431 3 79
3609 5451 1 60
417 5465 3 41
2106 5417 3 84
7024 5418 1 90
6197 5462 1 42
3193 5446 2 72
8964 5414 2 75
3609 5451 2 4
8151 5494 3 78
9302 5405 1 52
5916 5438 1 38
8264 5495 2 52
7236 5459 3 37
7793 5428 3 22
6046 5500 3 59
5002 5408 3 59
7024 5418 3 29
8371 5434 3 31
5793 5488 3 79
3172 5404 2 2
5398 5484 3 19
543 5416 2 11
8441 5477 1 70
2106 5417 1 19
8964 5414 1 4
5002 5408 2 46
8009 5455 2 18
6864 5439 1 70
7793 5428 2 41
2881 5433 1 41
7686 5470 3 36
7298 5448 2 62
719 5456 3 49
2106 5417 2 50
445 5487 1 44
7205 5469 2 53
9256 5474 3 30
4980 5406 3 36
4695 5475 3 80
5102 5419 2 69
2505 5491 2 17
5944 5430 2 29
8151 5494 2 56
1659 5486 3 95
3755 5492 1 16
225 5441 1 100
7061 5476 3 58
4627 5436 2 70
9142 5481 1 3
8052 5489 3 66
7236 5459 1 1
648 5473 3 31
8441 5477 3 19
551 5435 1 71
1623 5461 2 69
417 5465 1 89
9748 5432 1 71
9381 5472 2 24
9256 5474 1 60
9258 5480 3 3
6398 5454 3 80
9459 5410 1 8
3193 5446 1 47
9142 5481 3 60
6046 5500 1 62
3172 5404 1 23
2838 5407 2 6
3848 5490 2 82
6319 5429 2 72
9978 5422 3 56
5793 5488 2 83
7075 5423 2 72
2834 5449 3 60
9142 5481 2 100
6348 5402 2 53
6439 5467 1 25
6815 5409 2 24
7205 5469 1 82
6864 5439 3 93
7141 5415 2 45
7717 5468 2 99
3609 5451 3 82
4720 5450 2 29
7061 5476 1 54
9381 5472 3 66
1426 5443 2 20
445 5487 3 5
3848 5490 3 22
7024 5418 2 87
8151 5494 1 48
7141 5415 3 96
8370 5440 2 48
551 5435 3 97
1314 5445 2 71
1142 5420 1 3
4695 5475 2 69
7205 5469 3 61
4648 5497 1 55
3483 5431 1 86
8371 5434 2 91
5012 5447 3 40
2818 5427 2 34
2838 5407 3 11
9302 5405 2 31
8370 5440 3 8
648 5473 2 89
8519 5482 2 29
9258 5480 2 91
1426 5443 3 57
6319 5429 1 55
1400 5411 2 73
3621 5403 2 68
1021 5426 1 17
9730 5496 2 21
1612 5425 2 66
4185 5453 2 5
1400 5411 1 13
1612 5425 1 19
3032 5485 3 45
427 5424 2 17
9470 5457 1 76
9302 5405 3 45
9221 5464 1 22
6319 5429 3 42
6815 5409 1 69
1021 5426 3 79
6439 5467 2 86
9221 5464 2 87
8264 5495 1 61
9748 5432 2 7
719 5456 2 14
445 5487 2 7
2505 5491 3 39
463 5499 3 99
6815 5409 3 49
7141 5415 1 59
5782 5463 2 61
3078 5471 3 77
3621 5403 3 93
7793 5428 1 19
9381 5472 1 70
2346 5466 2 54
5944 5430 3 25
5468 5458 3 9
1142 5420 2 54
2346 5466 1 74
1728 5478 1 71
5264 5479 2 54
4720 5450 1 40
1612 5425 3 46
3582 5460 3 21
4695 5475 1 65
1623 5461 3 93
1400 5411 3 66
9470 5457 2 21
1659 5486 2 11
2818 5427 1 93
9258 5480 1 95
3032 5485 2 71
3621 5403 1 77
5102 5419 1 87
9978 5422 1 51
5364 5452 3 48
543 5416 1 27
4185 5453 3 74
551 5435 2 29
6864 5439 2 46
7717 5468 1 96
6439 5467 3 5
5012 5447 2 49
1314 5445 3 75
7686 5470 1 68
3078 5471 1 79
7298 5448 1 6
7061 5476 2 37
6398 5454 1 25
4902 5401 1 34
837 5413 3 24
3970 5442 3 11
5398 5484 1 22
1604 5444 1 53
7075 5423 1 34
8519 5482 3 21
3970 5442 2 16
1659 5486 1 55
5264 5479 3 23
9459 5410 3 93
4627 5436 1 96
5012 5447 1 89
8370 5440 1 64
8009 5455 1 20
9290 5437 1 86
7075 5423 3 2
2346 5466 3 84
5468 5458 1 7
2838 5407 1 43
9470 5457 3 48
2129 5412 3 3
1604 5444 2 12
417 5465 2 52
5002 5408 1 67
8441 5477 2 95
837 5413 2 63
7546 5493 3 21
5944 5430 1 54
1924 5498 2 34
8264 5495 3 46
5364 5452 1 63
3078 5471 2 14
3032 5485 1 98
9290 5437 3 19
9978 5422 2 97
2129 5412 1 98
9256 5474 2 93
9221 5464 3 94
2505 5491 1 86
3671 5483 3 59
427 5424 3 1
5364 5452 2 45
5398 5484 2 24
1314 5445 1 9
4980 5406 2 24
7236 5459 2 98
1924 5498 1 56
4648 5497 2 3
2834 5449 2 89
5916 5438 3 49
6348 5402 3 49
3970 5442 1 15
8371 5434 1 82
4980 5406 1 13
9730 5496 1 67
5468 5458 2 41
6046 5500 2 38
3193 5446 3 48
4185 5453 1 44
1728 5478 3 63
2881 5433 2 8
5793 5488 1 87
7546 5493 2 62
6197 5462 2 86
543 5416 3 1
9290 5437 2 44
3582 5460 2 46
7298 5448 3 84
6197 5462 3 66
4902 5401 3 71
5102 5419 3 39
225 5441 2 27
5782 5463 3 33
3755 5492 2 29
2818 5427 3 74
4648 5497 3 23
225 5441 3 98
3032 5421 2 58
7686 5470 2 9
5916 5438 2 45
2881 5433 3 27
1100 5501 2 97
8946 5596 2 79
9355 5526 1 36
8468 5517 1 55
4619 5546 2 8
4129 5578 2 66
4251 5577 3 11
3843 5579 1 61
3843 5579 3 36
3101 5567 1 50
6958 5533 3 46
2166 5545 3 97
229 5593 2 100
4129 5578 1 46
2421 5528 2 70
1547 5570 2 10
259 5572 1 75
4113 5594 3 65
8647 5531 2 32
4129 5578 3 11
9663 5504 1 85
4454 5566 2 13
164 5540 2 96
1592 5580 3 37
3572 5523 2 22
654 5562 3 99
1546 5584 1 55
9721 5560 1 81
3301 5569 3 51
9023 5557 3 40
8647 5531 1 15
4334 5563 3 72
4251 5577 1 98
4334 5563 1 11
7919 5535 1 52
4857 5536 3 86
3544 5513 3 24
3613 5573 2 94
9721 5560 3 62
7372 5512 3 74
8453 5508 3 10
4920 5507 3 19
7919 5535 3 32
6718 5548 2 85
8747 5595 3 98
7790 5585 1 5
2206 5581 1 15
5836 5503 1 95
9587 5561 1 6
2166 5545 1 26
9895 5559 2 27
1592 5580 2 74
3917 5552 3 66
2421 5528 1 22
4695 5522 1 2
4695 5522 2 30
9663 5504 3 33
724 5571 2 57
3856 5521 1 2
7919 5535 2 77
2964 5555 3 12
3917 5552 2 70
9629 5515 3 30
2206 5581 2 11
4982 5525 2 68
8946 5596 1 47
1547 5570 1 96
9355 5526 3 44
3101 5567 3 54
2628 5565 1 49
9663 5504 2 97
1547 5570 3 36
6745 5527 3 9
6958 5533 1 20
2166 5545 2 59
9587 5561 2 54
5677 5543 1 25
746 5511 2 6
2677 5590 1 5
7790 5585 3 86
910 5588 1 5
3856 5521 3 12
2677 5590 3 76
2045 5556 2 24
229 5593 1 77
6958 5533 2 86
4857 5536 1 93
1177 5582 1 52
7619 5529 1 1
3301 5569 1 40
5409 5576 3 16
4097 5520 1 45
7184 5583 2 71
4982 5525 3 12
5854 5597 2 43
7790 5585 2 64
9587 5561 3 22
3994 5587 2 16
2628 5565 2 77
1465 5550 3 69
7619 5529 2 74
3613 5573 1 10
3856 5521 2 18
3917 5552 1 69
3572 5523 3 46
6265 5574 3 93
4857 5536 2 22
6790 5564 2 85
9787 5524 3 26
6265 5574 2 92
4619 5546 3 66
4785 5600 2 68
3091 5575 3 7
6659 5532 1 27
2964 5555 1 16
9023 5557 2 24
6790 5564 3 68
2964 5555 2 71
3890 5514 3 20
3890 5514 2 13
4097 5520 3 78
5854 5597 1 47
4920 5507 1 57
5832 5539 2 4
746 5511 1 50
2200 5542 2 3
3095 5553 2 85
1177 5582 2 70
1546 5584 2 69
5832 5539 1 70
8468 5517 3 15
3399 5518 3 52
268 5509 3 15
9215 5506 2 45
2200 5542 3 58
1364 5558 3 77
4251 5577 2 74
9729 5534 1 49
654 5562 2 81
3651 5592 1 96
7372 5512 2 98
3994 5587 1 58
5836 5503 3 0
3866 5530 3 19
4454 5566 1 96
1396 5591 3 70
5409 5576 1 38
9895 5559 3 56
2159 5541 1 49
2048 5544 2 32
5832 5539 3 27
9895 5559 1 3
3095 5553 1 80
9629 5515 1 44
4113 5594 2 16
3091 5575 1 47
4619 5546 1 21
6321 5537 3 73
9629 5515 2 80
6790 5564 1 81
6512 5551 2 39
4785 5600 1 13
8705 5598 3 52
3613 5573 3 39
1546 5584 3 47
4097 5520 2 67
284 5589 1 71
8453 5508 1 52
8705 5598 2 77
3544 5513 1 86
16 5547 3 61
3866 5530 2 1
5623 5519 2 55
6321 5537 1 84
6659 5532 2 10
1247 5549 3 68
1812 5568 2 95
6745 5527 1 36
5623 5519 3 66
1812 5568 1 91
7184 5583 1 68
5623 5519 1 20
2048 5544 3 31
2045 5556 3 46
3843 5579 2 40
3864 5510 2 28
4844 5554 3 80
8453 5508 2 65
1247 5549 1 52
6512 5551 3 47
6377 5516 2 0
16 5547 2 90
8705 5598 1 90
7619 5529 3 42
1396 5591 2 26
9721 5560 2 62
6265 5574 1 28
9797 5502 3 73
9729 5534 2 29
4334 5563 2 53
1364 5558 2 5
2159 5541 3 34
16 5547 1 59
1100 5501 3 48
4920 5507 2 0
1396 5591 1 99
6377 5516 3 57
9797 5502 1 11
259 5572 2 89
2677 5590 2 64
4844 5554 2 11
5409 5576 2 92
9797 5502 2 33
284 5589 3 75
5836 5503 2 79
2628 5565 3 83
3101 5567 2 35
4454 5566 3 37
6745 5527 2 12
5095 5538 3 56
6659 5532 3 61
5095 5538 2 95
5095 5538 1 38
9856 5586 2 93
8468 5517 2 25
3399 5518 2 38
910 5588 3 60
724 5571 3 1
4844 5554 1 87
2048 5544 1 81
3572 5523 1 21
7372 5512 1 87
284 5589 2 24
3651 5592 3 65
4982 5525 1 5
1078 5599 1 17
229 5593 3 2
2421 5528 3 67
4113 5594 1 39
4785 5600 3 44
3091 5575 2 35
6718 5548 3 38
3301 5569 2 60
3651 5592 2 63
339 5505 2 19
9856 5586 1 20
268 5509 2 35
1100 5501 1 56
910 5588 2 57
2206 5581 3 94
3864 5510 3 58
164 5540 1 5
9215 5506 1 63
1364 5558 1 24
3095 5553 3 4
654 5562 1 86
9023 5557 1 57
3994 5587 3 72
9729 5534 3 83
5677 5543 2 18
3890 5514 1 26
8946 5596 3 54
9355 5526 2 10
3866 5530 1 16
1812 5568 3 64
9787 5524 2 90
2045 5556 1 56
9215 5506 3 67
9787 5524 1 10
1247 5549 2 10
8647 5531 3 7
8747 5595 2 67
164 5540 3 8
8747 5595 1 18
339 5505 1 96
7184 5583 3 40
724 5571 1 57
6718 5548 1 22
268 5509 1 95
6512 5551 1 90
339 5505 3 36
746 5511 3 66
3399 5518 1 78
6321 5537 2 12
1078 5599 3 93
1592 5580 1 11
6377 5516 1 80
4695 5522 3 2
1177 5582 3 65
2159 5541 2 50
1465 5550 1 71
9856 5586 3 15
5677 5543 3 19
1465 5550 2 2
5854 5597 3 53
259 5572 3 13
1078 5599 2 59
3864 5510 1 72
3544 5513 2 90
2200 5542 1 49
9598 5647 1 75
4889 5669 2 30
6138 5698 3 67
9866 5634 2 95
9598 5647 2 22
8564 5635 3 50
1841 5686 1 49
9048 5612 1 76
8963 5654 2 62
5364 5696 2 29
3163 5681 2 45
7303 5678 3 52
9214 5682 1 86
3686 5657 1 17
3751 5680 3 60
6773 5637 3 18
6145 5625 2 48
4492 5642 2 14
2009 5700 1 2
2009 5700 3 0
6773 5637 2 54
7018 5621 2 29
3243 5609 3 87
9944 5677 3 4
3152 5650 2 54
9944 5677 1 17
9866 5634 3 92
7496 5624 1 16
852 5633 3 23
1823 5649 2 5
5984 5687 1 7
3225 5691 2 11
1348 5603 2 88
8963 5654 1 11
6284 5659 1 27
6898 5699 2 2
1407 5617 3 62
4406 5660 1 86
232 5663 1 29
2074 5655 2 13
9963 5626 1 56
9598 5647 3 88
738 5653 3 36
2886 5670 2 30
6043 5646 2 35
6038 5632 1 41
4864 5665 2 2
9031 5694 3 70
6043 5646 3 16
852 5633 1 42
5088 5693 3 79
4865 5673 3 15
4460 5605 2 95
9031 5694 1 90
969 5675 2 88
3330 5636 2 92
8483 5662 2 71
5479 5629 1 54
1277 5689 2 88
1823 5649 1 37
7457 5620 1 99
2091 5608 3 70
1535 5604 1 16
1439 5627 2 34
5536 5658 3 2
6138 5698 2 97
9031 5694 2 53
3243 5609 1 47
6038 5632 3 26
6465 5622 3 88
3369 5628 3 78
3686 5657 3 20
3953 5614 1 80
5025 5690 3 40
2465 5697 1 40
4536 5672 2 73
1407 5617 1 75
4889 5669 3 59
945 5607 2 31
7360 5666 3 84
6354 5639 2 90
7987 5695 1 12
7303 5678 2 10
4536 5672 3 60
222 5619 3 72
7265 5631 3 59
6354 5639 3 14
8501 5656 1 10
9048 5612 3 3
9963 5626 3 28
5088 5693 2 8
4492 5642 3 11
4905 5684 2 59
4889 5669 1 62
6284 5659 3 37
2419 5661 2 81
738 5653 1 10
6043 5646 1 47
2886 5670 3 3
3330 5636 1 78
887 5643 3 64
1348 5603 1 92
963 5601 3 7
3369 5628 2 46
232 5663 3 70
6773 5637 1 40
2331 5652 2 10
5948 5630 1 21
7603 5613 1 29
7496 5624 3 82
8501 5656 3 22
4406 5660 3 44
738 5653 2 67
2707 5611 2 100
5087 5674 3 100
4033 5676 1 69
131 5615 2 67
5479 5629 2 95
7098 5610 2 24
4864 5665 1 2
3369 5628 1 98
6898 5699 3 47
2886 5670 1 30
2331 5652 3 20
2074 5655 1 60
1228 5616 2 96
2074 5655 3 99
9797 5664 1 64
9894 5641 1 46
7375 5688 1 50
9214 5682 3 52
131 5615 1 21
7265 5631 2 50
2253 5644 2 61
1277 5689 3 81
9475 5679 1 4
1535 5604 2 89
8577 5645 3 8
2099 5667 2 54
4460 5605 1 72
3751 5680 2 14
2707 5611 3 84
2893 5683 1 100
9048 5612 2 71
8564 5635 2 73
5739 5671 3 0
3953 5614 3 71
2099 5667 1 71
6145 5625 3 65
6354 5639 1 17
5739 5671 2 79
7457 5620 2 19
8564 5635 1 75
5025 5690 2 2
7987 5695 3 20
3953 5614 2 73
2121 5651 3 54
7603 5613 2 54
4033 5676 2 77
2465 5697 3 15
9797 5664 3 100
2744 5668 2 61
9797 5664 2 74
4765 5618 3 94
4033 5676 3 70
5479 5629 3 21
1228 5616 1 9
969 5675 3 29
2253 5644 1 15
4905 5684 3 98
7375 5688 2 92
9214 5682 2 94
2893 5683 2 28
7098 5610 3 68
4905 5684 1 16
4765 5618 2 5
8577 5645 1 75
7457 5620 3 76
8483 5662 1 36
232 5663 2 37
6898 5699 1 100
6694 5638 1 93
2419 5661 1 29
6138 5698 1 98
8963 5654 3 65
887 5643 2 47
2425 5602 2 7
7360 5666 1 68
8483 5662 3 7
1407 5617 2 54
5536 5658 1 13
6145 5625 1 54
2425 5602 1 10
969 5675 1 37
2253 5644 3 57
963 5601 2 46
5025 5690 1 6
5364 5696 1 12
2121 5651 1 94
945 5607 1 78
3216 5648 3 28
2099 5667 3 51
6118 5685 3 19
9944 5677 2 91
2091 5608 1 6
2419 5661 3 68
7987 5695 2 8
3216 5648 2 40
3330 5636 3 72
1841 5686 2 16
3163 5681 3 66
3521 5640 1 100
6118 5685 2 67
9894 5641 2 16
7360 5666 2 8
9475 5679 2 54
7018 5621 1 35
2331 5652 1 69
2744 5668 3 18
222 5619 1 74
8577 5645 2 26
5948 5630 3 2
5087 5674 1 26
1535 5604 3 28
2744 5668 1 8
5088 5693 1 7
1823 5649 3 72
9866 5634 1 54
5087 5674 2 48
2121 5651 2 55
6118 5685 1 48
5948 5630 2 92
3751 5680 1 41
945 5607 3 26
1228 5616 3 57
4865 5673 2 3
4864 5665 3 18
6465 5622 1 45
2707 5611 1 68
3243 5609 2 95
4765 5618 1 49
887 5643 1 17
131 5615 3 33
963 5601 1 37
7603 5613 3 9
3225 5691 3 52
8501 5656 2 20
222 5619 2 8
8952 5692 1 88
3163 5681 1 14
7265 5631 1 92
3977 5606 1 61
8952 5692 2 45
1439 5627 3 41
9963 5626 2 37
2000 5623 2 34
1277 5689 1 1
2000 5623 1 93
3977 5606 3 70
7303 5678 1 39
5984 5687 3 65
3225 5691 1 57
3521 5640 3 72
5984 5687 2 35
5536 5658 2 75
1439 5627 1 15
3216 5648 1 90
3686 5657 2 56
6694 5638 2 65
8952 5692 3 39
4406 5660 2 76
6465 5622 2 98
1841 5686 3 74
3152 5650 3 28
6038 5632 2 17
4536 5672 1 16
1348 5603 3 95
2465 5697 2 96
852 5633 2 11
3152 5650 1 96
3521 5640 2 88
7496 5624 2 55
7375 5688 3 81
6284 5659 2 77
7018 5621 3 35
6694 5638 3 16
4865 5673 1 28
5739 5671 1 94
4460 5605 3 98
5364 5696 3 74
9894 5641 3 48
9475 5679 3 87
2009 5700 2 94
7098 5610 1 16
2425 5602 3 29
4492 5642 1 98
3977 5606 2 10
2091 5608 2 59
2893 5683 3 95
2000 5623 3 83
7923 5761 2 76
2453 5723 2 23
194 5709 2 81
7542 5710 2 56
7003 5724 2 6
756 5728 2 2
7082 5790 2 1
4335 5744 2 22
3761 5713 2 93
152 5754 1 78
4823 5725 1 71
5785 5768 2 49
4657 5758 1 31
8815 5716 1 25
5785 5768 3 57
9896 5742 2 8
2694 5774 3 79
8931 5739 2 52
5701 5752 3 11
6057 5760 3 15
8905 5793 1 52
2142 5704 2 2
9477 5715 3 42
7830 5778 2 47
7504 5747 3 76
1694 5794 3 73
3584 5767 1 89
4621 5745 2 21
3364 5764 2 20
7829 5706 2 33
883 5772 1 17
783 5773 1 47
4191 5738 2 60
5892 5708 3 56
6691 5765 2 81
8815 5716 3 81
7504 5747 1 63
5647 5750 2 100
6353 5757 3 86
4621 5745 1 12
9477 5715 1 59
3761 5713 3 3
3997 5799 2 6
4823 5725 2 17
8388 5718 1 89
1609 5746 2 74
4882 5731 2 77
7082 5790 1 67
5892 5708 2 60
495 5721 2 11
2694 5774 1 35
5313 5769 3 13
8931 5739 3 62
1289 5800 3 35
2453 5723 3 86
3723 5771 1 22
6353 5757 1 39
4445 5748 3 96
7915 5732 3 5
5115 5735 3 68
3761 5713 1 79
3181 5734 1 12
4340 5785 2 37
4307 5720 1 10
4564 5777 2 77
4184 5755 1 21
3364 5764 1 78
4273 5786 3 64
5984 5797 2 17
7923 5761 1 12
8776 5726 1 24
5327 5733 2 97
1499 5701 3 89
152 5754 2 84
5701 5752 2 38
5609 5736 2 59
783 5773 2 52
4882 5731 3 94
5647 5750 1 48
3567 5711 3 77
1384 5798 3 20
8642 5702 1 15
681 5779 1 9
2650 5787 2 74
2142 5704 3 30
3567 5711 2 80
7003 5724 1 79
756 5728 1 84
8230 5741 1 12
3775 5784 2 26
6811 5729 1 2
8815 5716 2 83
5115 5735 1 22
5925 5763 1 19
1289 5800 1 17
2883 5788 3 83
4445 5748 1 4
1286 5751 2 15
7098 5759 3 3
8590 5703 3 22
8388 5718 3 92
4657 5758 3 53
8590 5703 2 35
568 5756 1 56
1499 5701 1 85
756 5728 3 0
6057 5760 1 69
2036 5795 2 96
3775 5784 3 4
4273 5786 1 37
2137 5782 1 76
1101 5766 3 70
2142 5704 1 41
5667 5776 1 96
1609 5746 3 24
6811 5729 3 53
1340 5780 1 81
8532 5749 2 96
4273 5786 2 43
7504 5747 2 87
7098 5759 2 97
4184 5755 3 60
5313 5769 1 26
1340 5780 2 91
8690 5730 3 64
8905 5793 2 42
3083 5770 2 26
4340 5785 3 70
7098 5759 1 4
3181 5734 3 10
6057 5760 2 57
5116 5712 2 89
8905 5793 3 3
4882 5731 1 28
123 5781 2 38
8643 5743 2 8
1395 5717 3 35
3567 5711 1 93
8931 5739 1 65
8544 5783 1 77
4657 5758 2 95
5980 5740 1 2
4191 5738 1 34
3364 5764 3 73
5609 5736 3 45
2883 5788 1 86
2036 5795 1 34
3723 5771 2 66
5711 5753 3 48
5711 5753 1 90
3584 5767 3 90
5327 5733 3 68
5115 5735 2 55
1384 5798 2 15
568 5756 2 17
8230 5741 3 65
8532 5749 3 48
1694 5794 1 14
5701 5752 1 34
5116 5712 3 69
6691 5765 1 40
123 5781 1 69
2909 5737 2 88
4943 5762 1 8
8388 5718 2 15
4184 5755 2 36
1340 5780 3 80
8532 5749 1 8
194 5709 1 4
4340 5785 1 58
8912 5796 1 16
7644 5714 1 45
2694 5774 2 24
7201 5707 1 50
842 5719 3 20
1499 5701 2 27
7915 5732 1 66
568 5756 3 80
8643 5743 3 19
783 5773 3 95
3945 5789 3 94
2036 5795 3 61
4191 5738 3 10
8544 5783 3 85
194 5709 3 84
8912 5796 2 40
3083 5770 1 25
7542 5710 1 72
7201 5707 3 13
4307 5720 2 65
842 5719 1 7
5980 5740 2 25
5711 5753 2 30
4564 5777 1 67
3997 5799 1 7
8590 5703 1 45
4445 5748 2 18
8776 5726 2 18
4943 5762 3 77
8627 5792 1 12
4026 5727 2 24
3181 5734 2 73
5667 5776 3 82
4307 5720 3 13
8776 5726 3 65
5892 5708 1 28
1101 5766 1 9
2137 5782 2 91
9211 5722 2 52
123 5781 3 48
7829 5706 1 1
9896 5742 3 21
9856 5791 1 32
8544 5783 2 42
8912 5796 3 44
9211 5722 3 85
1101 5766 2 2
1178 5705 1 50
3997 5799 3 69
1384 5798 1 24
4335 5744 1 62
2650 5787 1 63
5667 5776 2 85
3775 5784 1 6
9856 5791 2 73
3083 5770 3 47
8643 5743 1 9
6353 5757 2 81
7915 5732 2 20
7201 5707 2 64
4026 5727 1 17
5785 5768 1 61
4335 5744 3 37
4621 5745 3 37
3945 5789 2 6
7003 5724 3 73
7923 5761 3 13
842 5719 2 78
6811 5729 2 6
5647 5750 3 45
4026 5727 3 5
495 5721 3 47
883 5772 2 26
4823 5725 3 44
8642 5702 3 10
152 5754 3 8
8690 5730 1 96
7967 5775 2 96
2883 5788 2 6
5984 5797 3 1
2453 5723 1 40
7644 5714 3 30
4564 5777 3 52
1286 5751 3 23
1395 5717 1 84
9211 5722 1 89
883 5772 3 14
8627 5792 3 41
1609 5746 1 33
7967 5775 1 39
8690 5730 2 84
9856 5791 3 17
7967 5775 3 80
2650 5787 3 88
7830 5778 1 82
7644 5714 2 41
1286 5751 1 35
5980 5740 3 94
1395 5717 2 99
5327 5733 1 37
5925 5763 3 79
2909 5737 1 91
5925 5763 2 51
5313 5769 2 70
2137 5782 3 28
8642 5702 2 94
5609 5736 1 98
9477 5715 2 59
1289 5800 2 32
8627 5792 2 96
3584 5767 2 59
5116 5712 1 7
3723 5771 3 36
495 5721 1 0
1178 5705 2 68
681 5779 2 38
6691 5765 3 15
4943 5762 2 7
1694 5794 2 96
2909 5737 3 58
7082 5790 3 26
7829 5706 3 43
3945 5789 1 27
7542 5710 3 24
681 5779 3 70
8230 5741 2 20
9896 5742 1 90
7830 5778 3 60
5984 5797 1 45
1178 5705 3 56
6530 5812 2 6
5368 5833 2 30
1185 5805 1 39
5710 5886 1 34
8141 5898 2 82
4928 5891 2 98
8414 5860 1 33
2259 5875 3 71
7623 5882 1 51
6486 5834 1 69
778 5852 1 47
5796 5846 2 93
6428 5870 3 30
5119 5815 2 33
1495 5829 2 49
4241 5869 2 93
1986 5850 1 55
3912 5841 3 84
8273 5851 2 88
8273 5851 3 95
3695 5887 1 66
9468 5857 2 33
5164 5883 3 21
8414 5860 2 5
5252 5827 3 72
9451 5879 1 4
6428 5870 1 18
6151 5864 2 46
7393 5819 2 7
4358 5884 3 61
4241 5869 1 79
7791 5849 3 31
4975 5821 2 64
8141 5898 1 13
5342 5893 2 18
6486 5834 3 94
9451 5879 2 74
5368 5833 1 40
322 5885 3 64
8761 5838 3 4
8308 5868 2 22
6848 5840 1 40
9736 5873 3 3
2772 5899 2 84
8242 5820 2 6
5648 5806 2 48
381 5856 2 64
3831 5818 1 78
8352 5822 1 87
2922 5866 1 47
7864 5816 1 69
1049 5848 1 20
9527 5854 2 8
8163 5894 3 34
4928 5891 1 100
7623 5882 3 42
582 5811 3 45
4838 5810 1 23
8234 5837 3 99
7864 5816 2 3
778 5852 2 33
4515 5842 1 36
7623 5882 2 89
5342 5893 3 2
9231 5896 3 59
5796 5846 1 55
4358 5884 2 57
8308 5868 1 1
5299 5823 1 45
468 5881 1 14
2242 5867 1 49
8308 5868 3 4
625 5813 2 21
8141 5898 3 45
4358 5884 1 69
5975 5843 3 79
1049 5848 2 27
1837 5808 3 30
6848 5840 2 15
7393 5819 1 100
4515 5842 3 16
3833 5836 1 74
9527 5854 3 1
2772 5899 1 0
5874 5817 3 97
8720 5847 2 70
1986 5850 3 38
1495 5829 1 72
322 5885 1 30
516 5853 1 19
7531 5804 3 50
5119 5815 1 4
468 5881 2 28
2057 5863 3 62
9222 5874 2 58
9736 5873 1 28
5313 5855 2 61
7508 5830 3 9
3547 5835 2 86
5975 5843 1 48
8155 5826 3 65
219 5900 1 54
3162 5858 3 42
1165 5802 1 53
7242 5888 1 47
2772 5899 3 83
1556 5872 2 32
4838 5810 2 4
4241 5869 3 59
5164 5883 2 43
6976 5897 3 61
2057 5863 2 7
5804 5807 2 59
966 5871 2 49
381 5856 1 36
8234 5837 2 31
2242 5867 2 97
5548 5809 1 3
5548 5809 3 6
1556 5872 3 97
5617 5824 3 63
3367 5861 1 70
625 5813 3 72
5535 5892 1 71
2922 5866 3 6
6428 5870 2 31
7531 5804 1 85
7393 5819 3 62
9468 5857 3 58
5313 5890 2 30
5403 5831 2 21
7242 5888 2 98
516 5853 3 75
6307 5803 2 64
8734 5895 2 68
1165 5802 3 88
8155 5826 2 21
6537 5828 1 46
9527 5854 1 63
1702 5845 2 19
6537 5828 2 17
6151 5864 3 76
6530 5812 3 56
1871 5825 1 46
8163 5894 1 6
5804 5807 1 86
8352 5822 3 11
8720 5847 1 19
6848 5840 3 56
9468 5857 1 97
514 5865 2 11
8761 5838 1 56
9736 5873 2 28
4975 5821 3 27
6790 5862 2 64
7791 5849 2 65
2242 5867 3 14
7040 5877 2 31
219 5900 3 12
3695 5887 3 90
4515 5842 2 94
1702 5845 3 35
5874 5817 1 32
8414 5860 3 30
4310 5801 2 40
516 5853 2 16
9231 5896 1 36
8273 5851 1 100
5313 5890 1 33
5119 5815 3 73
5535 5892 3 94
9803 5876 1 66
3162 5858 2 2
5710 5886 3 37
6063 5889 1 25
1185 5805 2 19
4310 5801 3 95
7040 5877 1 75
3367 5861 3 59
5874 5817 2 66
4975 5821 1 35
1556 5872 1 89
5313 5890 3 34
582 5811 1 56
2259 5875 1 12
8734 5895 1 73
8163 5894 2 43
5462 5814 3 32
1165 5802 2 93
3912 5841 2 2
966 5871 3 19
9231 5896 2 4
3833 5836 2 47
5313 5855 3 96
5252 5827 2 8
2057 5863 1 77
5252 5827 1 72
2259 5875 2 72
6537 5828 3 57
4838 5810 3 80
58 5844 3 4
1986 5850 2 3
5299 5823 2 65
7864 5816 3 89
5548 5809 2 73
6307 5803 3 45
2147 5878 1 0
2922 5866 2 23
8720 5847 3 12
3547 5835 1 71
4387 5859 2 52
6976 5897 2 55
6486 5834 2 20
4387 5859 1 69
514 5865 3 85
5535 5892 2 86
7040 5877 3 17
7508 5830 1 22
8234 5837 1 35
1495 5829 3 67
2860 5839 1 19
7508 5830 2 52
1837 5808 2 26
6307 5803 1 79
9222 5874 3 87
7917 5880 1 100
5462 5814 1 29
4928 5891 3 69
7531 5804 2 50
8734 5895 3 44
9803 5876 3 82
6976 5897 1 63
1871 5825 2 51
3547 5835 3 9
5975 5843 2 25
5710 5886 2 76
1185 5805 3 43
5617 5824 2 26
58 5844 1 16
7917 5880 3 53
3831 5818 3 20
2319 5832 1 82
381 5856 3 31
322 5885 2 49
7242 5888 3 99
8242 5820 3 99
2319 5832 2 11
5617 5824 1 80
625 5813 1 9
2147 5878 2 84
5648 5806 1 21
5342 5893 1 28
9451 5879 3 20
3831 5818 2 25
5299 5823 3 19
9222 5874 1 22
468 5881 3 42
8352 5822 2 26
2860 5839 3 4
1871 5825 3 50
778 5852 3 4
1049 5848 3 16
5462 5814 2 49
8155 5826 1 76
6063 5889 2 94
6790 5862 3 46
58 5844 2 67
3162 5858 1 31
4387 5859 3 13
5164 5883 1 59
5368 5833 3 50
5403 5831 1 19
5403 5831 3 6
9803 5876 2 11
6790 5862 1 58
3912 5841 1 42
3833 5836 3 39
6530 5812 1 46
7917 5880 2 33
219 5900 2 29
582 5811 2 81
6063 5889 3 5
8761 5838 2 7
2147 5878 3 49
1702 5845 1 55
3695 5887 2 24
6151 5864 1 21
5313 5855 1 90
2860 5839 2 45
5648 5806 3 76
2319 5832 3 22
1837 5808 1 87
966 5871 1 96
4310 5801 1 72
7791 5849 1 92
5804 5807 3 98
514 5865 1 27
5796 5846 3 41
8242 5820 1 81
3367 5861 2 32
2106 5998 2 74
5618 5949 2 25
8294 5917 3 38
7513 5967 2 41
5973 5953 1 74
9329 5939 1 44
2220 5984 3 47
9470 5951 2 7
2251 5914 2 16
8294 5917 1 24
2121 5946 2 18
4931 5945 3 63
2251 5914 3 95
6415 5936 2 61
3392 5999 2 70
3691 5970 2 67
3756 5903 1 52
7922 5930 1 58
6602 5982 2 50
6602 5982 3 96
2348 5943 3 65
2696 5926 1 49
2696 5926 2 87
5697 5988 2 19
2096 5973 2 50
364 5993 3 46
2937 5994 1 35
2110 5983 3 18
7989 5957 1 43
7989 5957 2 52
8399 5937 1 16
394 5974 3 91
7378 5913 1 88
8073 5902 1 58
2194 5995 1 30
411 5954 3 82
1574 5989 3 10
1735 5992 3 0
7513 5967 3 90
9821 5964 1 50
2348 5943 2 47
7697 5904 3 12
8934 5979 3 48
5973 5953 3 88
9259 5981 1 2
865 5935 3 55
5239 5996 3 20
3295 5991 1 75
2696 5926 3 90
6731 5944 1 24
7697 5904 1 63
5293 5922 2 89
4700 5906 2 42
1031 5911 3 59
6488 5980 1 25
7359 5958 3 32
7246 5929 2 72
6415 5936 3 3
3133 5931 2 58
4045 5969 2 44
7070 5965 2 21
1172 5923 2 74
3756 5903 2 72
3531 5987 1 16
8569 5933 3 73
8335 5905 2 42
7638 5932 2 15
7725 5927 1 95
2655 5955 3 92
7200 5997 1 99
9731 5978 3 38
7638 5932 3 66
8569 5933 2 63
1929 5928 1 81
4240 5962 1 85
2937 5994 3 41
8294 5917 2 7
2121 5946 1 71
9259 5981 3 52
2096 5973 1 68
5370 5972 2 96
9329 5939 2 95
2937 5994 2 89
3531 5987 3 57
2178 5934 3 32
936 5938 2 88
2194 5995 2 2
5370 5972 3 38
8073 5902 2 20
3015 5921 2 58
9731 5978 2 3
9329 5939 3 76
1031 5911 2 68
8335 5905 1 100
2110 5983 1 90
5618 5949 3 10
411 5954 2 89
7238 5990 2 46
7238 5990 1 38
6731 5944 3 44
5293 5922 3 90
2747 5986 3 38
4931 5945 1 86
6415 5936 1 24
6488 5980 3 80
2423 5920 1 22
7378 5913 2 55
9928 6000 1 40
5423 5916 3 93
3558 5942 1 39
5239 5996 2 28
2106 5998 1 95
1929 5928 3 6
2220 5984 2 37
4700 5906 1 81
1172 5923 1 64
4240 5962 2 66
2096 5973 3 10
3133 5931 3 98
4753 5985 2 3
4593 5966 2 23
2747 5986 1 88
9340 5968 1 34
5697 5988 1 44
9102 5977 2 99
8705 5950 2 31
4700 5906 3 78
7906 5940 2 53
9731 5978 1 41
3133 5931 1 95
4593 5966 3 56
9340 5968 3 35
4045 5969 3 93
2237 5924 1 3
2220 5984 1 31
4079 5956 1 32
2251 5914 1 11
3691 5970 3 92
2110 5983 2 1
6392 5907 1 98
4753 5985 1 1
5691 5975 3 84
5697 5988 3 14
2655 5955 1 39
2065 5912 1 32
1804 5948 1 6
4079 5956 2 8
8335 5905 3 65
3464 5910 3 58
2747 5986 2 11
9928 6000 3 32
7725 5927 3 27
4045 5969 1 22
1804 5948 3 2
4079 5956 3 25
2178 5934 2 31
1618 5952 2 20
5239 5996 1 43
1473 5961 2 37
1929 5928 2 32
1735 5992 1 26
394 5974 2 82
8073 5902 3 9
7127 5919 2 70
9821 5964 3 13
1172 5923 3 90
6840 5909 3 70
394 5974 1 46
1804 5948 2 42
7045 5963 1 100
7922 5930 2 88
8755 5915 3 10
936 5938 1 69
6392 5907 3 75
7906 5940 1 74
8705 5950 3 32
3227 5976 1 26
3015 5921 3 11
7697 5904 2 85
8569 5933 1 33
6488 5980 2 51
3464 5910 2 97
9470 5951 3 17
9259 5981 2 68
3531 5987 2 48
7238 5990 3 6
7378 5913 3 15
5691 5975 2 41
7359 5958 2 89
3227 5976 3 90
5618 5949 1 85
1473 5961 1 43
7045 5963 3 42
936 5938 3 57
9928 6000 2 45
8934 5979 2 23
6602 5982 1 4
3216 5925 2 10
6840 5909 1 60
2178 5934 1 45
9340 5968 2 30
7725 5927 2 79
3568 5959 1 100
2423 5920 2 95
8934 5979 1 12
1872 5971 1 40
2121 5946 3 23
2065 5912 3 11
6392 5907 2 69
1618 5952 3 90
8755 5915 1 5
5423 5916 1 2
5973 5953 2 67
2655 5955 2 26
8705 5950 1 26
5755 5960 1 18
1735 5992 2 89
2065 5912 2 63
4931 5945 2 0
7070 5965 3 58
7989 5957 3 21
3227 5976 2 90
1031 5911 1 67
5755 5960 3 19
7922 5930 3 89
5866 5941 2 11
4753 5985 3 12
9102 5977 3 13
7246 5929 1 77
3118 5901 1 28
7200 5997 3 44
1618 5952 1 72
6621 5918 2 21
364 5993 1 43
1872 5971 3 91
3756 5903 3 0
6621 5918 1 70
7638 5932 1 60
3795 5947 2 64
865 5935 1 25
5866 5941 3 43
5691 5975 1 25
2127 5908 1 66
7200 5997 2 85
3795 5947 3 0
6621 5918 3 18
2237 5924 3 71
8399 5937 2 53
5755 5960 2 63
5423 5916 2 82
364 5993 2 40
7906 5940 3 67
3568 5959 3 2
3015 5921 1 14
2194 5995 3 87
3392 5999 1 57
1574 5989 1 61
6840 5909 2 78
3558 5942 2 39
3295 5991 2 81
2237 5924 2 89
1473 5961 3 10
411 5954 1 29
3118 5901 2 90
8399 5937 3 74
3216 5925 3 66
2106 5998 3 23
3464 5910 1 11
7127 5919 1 43
3295 5991 3 83
6731 5944 2 5
865 5935 2 93
1872 5971 2 46
9102 5977 1 50
2127 5908 2 29
7045 5963 2 66
7070 5965 1 11
7513 5967 1 70
3558 5942 3 60
3691 5970 1 69
5293 5922 1 72
7127 5919 3 50
4240 5962 3 44
3568 5959 2 39
7246 5929 3 98
1574 5989 2 31
2423 5920 3 67
5370 5972 1 18
3392 5999 3 49
2348 5943 1 91
3118 5901 3 34
2127 5908 3 5
7359 5958 1 47
9821 5964 2 100
9470 5951 1 70
3795 5947 1 65
8755 5915 2 56
5866 5941 1 94
4593 5966 1 96
3216 5925 1 80
3575 6029 2 100
1545 6096 2 94
1441 6042 2 62
285 6022 3 27
1609 6097 3 66
3149 6075 2 88
6569 6020 3 90
3618 6023 3 75
9717 6021 1 94
4353 6084 3 57
8051 6046 1 49
9373 6051 2 49
3439 6014 3 93
7302 6053 2 59
8250 6056 2 66
4395 6087 2 36
9706 6038 2 99
218 6030 2 98
1735 6010 2 13
8993 6036 2 68
5455 6091 1 45
2140 6035 2 11
3462 6093 1 54
8293 6019 3 81
2140 6035 1 43
8030 6060 2 16
8228 6099 3 97
1882 6025 3 67
2577 6043 2 24
1602 6068 2 21
4138 6062 3 23
416 6085 1 6
2577 6043 1 2
5958 6072 2 46
312 6015 1 77
8228 6099 2 51
5443 6008 3 96
4275 6073 1 83
8051 6046 2 30
3462 6093 2 39
6989 6067 2 99
5454 6065 3 33
8560 6011 3 86
5454 6065 1 79
3534 6092 1 93
875 6033 3 36
6498 6074 2 76
1882 6025 1 8
673 6071 2 9
1882 6025 2 24
3117 6059 3 95
9660 6016 1 49
3818 6058 1 72
9757 6064 1 32
3371 6013 3 22
1520 6061 1 32
594 6090 3 3
2487 6070 1 16
4618 6002 1 15
5312 6055 2 77
8342 6034 2 28
673 6071 3 24
1441 6042 1 76
5454 6065 2 86
348 6028 2 61
8030 6060 1 87
8691 6057 2 84
1319 6069 3 55
9948 6007 1 40
1609 6097 2 88
4908 6100 1 64
416 6085 3 36
7302 6053 3 9
9688 6006 2 79
1441 6042 3 44
3917 6039 3 84
1522 6079 1 95
673 6071 1 15
3917 6039 1 25
4138 6062 1 11
4275 6073 3 79
3117 6059 2 31
9688 6006 1 54
1602 6068 1 5
4182 6049 3 60
8030 6060 3 17
3462 6093 3 83
4985 6088 1 39
9717 6021 3 60
3534 6092 3 96
5455 6091 3 34
348 6028 3 32
1545 6096 3 78
594 6090 2 25
3371 6013 2 76
1602 6068 3 47
4353 6084 1 41
872 6003 3 22
5749 6032 2 48
2487 6070 3 10
2934 6027 1 57
2934 6027 3 11
2651 6076 2 41
9170 6098 1 62
5749 6032 1 97
6569 6020 2 37
8293 6019 2 52
8250 6056 1 46
2457 6009 3 6
4353 6084 2 26
9991 6005 3 59
2651 6076 1 48
4908 6100 2 66
9170 6098 2 5
285 6022 2 33
348 6028 1 87
3534 6092 2 3
1833 6017 2 33
594 6090 1 46
1953 6041 2 20
3512 6026 1 61
1994 6083 3 74
4985 6088 2 8
539 6066 3 49
6498 6074 3 3
9991 6005 2 20
312 6015 3 29
3512 6026 3 66
3618 6023 1 79
9244 6078 1 86
8972 6024 1 26
6918 6047 2 0
2140 6035 3 16
9059 6063 1 24
872 6003 2 89
9948 6007 3 19
9059 6063 3 8
9137 6095 1 51
2840 6004 2 31
218 6030 1 63
9223 6001 3 33
5749 6032 3 9
610 6012 1 70
1520 6061 2 2
9688 6006 3 14
4275 6073 2 33
9137 6095 3 93
4167 6094 3 59
9059 6063 2 51
9 6048 3 34
9373 6051 1 50
9757 6064 3 46
3117 6059 1 85
2712 6040 3 76
1395 6089 2 51
6918 6047 3 76
9660 6016 2 7
9137 6095 2 49
5334 6031 2 47
2022 6082 3 53
416 6085 2 44
664 6037 1 85
1953 6041 1 70
3618 6023 2 88
4167 6094 2 39
6731 6045 2 4
312 6015 2 53
2840 6004 3 33
168 6080 3 1
3818 6058 3 100
7383 6054 3 80
664 6037 3 35
1319 6069 2 61
7383 6054 1 10
9170 6098 3 48
46 6081 3 82
875 6033 1 41
7383 6054 2 36
6498 6074 1 13
1994 6083 2 7
8691 6057 3 17
4908 6100 3 58
2487 6070 2 92
7555 6050 3 12
9757 6064 2 31
9706 6038 3 89
8993 6036 1 45
1395 6089 3 4
3917 6039 2 81
5958 6072 3 76
1522 6079 3 31
4395 6087 3 57
7555 6050 2 51
6088 6086 2 75
8250 6056 3 35
8560 6011 1 26
4985 6088 3 84
5455 6091 2 46
872 6003 1 0
4618 6002 2 65
3439 6014 1 34
8691 6057 1 85
4182 6049 2 56
2022 6082 2 34
7476 6052 1 54
5334 6031 1 59
1319 6069 1 79
1147 6018 1 28
1147 6018 3 60
2651 6076 3 26
1833 6017 1 99
8342 6034 1 68
2289 6044 2 22
2577 6043 3 95
4618 6002 3 7
2022 6082 1 78
1395 6089 1 38
4138 6062 2 50
2289 6044 3 71
674 6077 1 99
6569 6020 1 65
6088 6086 1 34
5334 6031 3 46
1609 6097 1 99
3512 6026 2 16
218 6030 3 5
46 6081 1 17
3149 6075 3 25
2712 6040 1 1
7476 6052 3 72
9 6048 2 80
9223 6001 1 71
875 6033 2 21
4167 6094 1 47
8051 6046 3 9
1833 6017 3 17
5312 6055 3 39
1147 6018 2 37
9948 6007 2 27
674 6077 3 0
6989 6067 1 65
168 6080 2 56
5958 6072 1 52
6989 6067 3 17
2934 6027 2 77
9373 6051 3 87
1520 6061 3 91
2840 6004 1 82
1735 6010 1 93
4182 6049 1 18
9717 6021 2 39
9223 6001 2 81
5443 6008 2 59
9244 6078 3 54
8993 6036 3 8
6918 6047 1 99
9660 6016 3 13
1545 6096 1 2
1522 6079 2 99
8228 6099 1 79
9 6048 1 47
3371 6013 1 2
5312 6055 1 92
2289 6044 1 50
2457 6009 2 13
539 6066 2 74
46 6081 2 45
285 6022 1 58
168 6080 1 68
7555 6050 1 80
3149 6075 1 66
610 6012 2 4
6731 6045 3 24
8972 6024 2 52
1994 6083 1 74
1735 6010 3 31
8293 6019 1 71
3818 6058 2 32
7476 6052 2 36
4395 6087 1 52
9991 6005 1 63
9244 6078 2 70
1953 6041 3 88
8972 6024 3 90
3575 6029 1 96
664 6037 2 86
6731 6045 1 67
3575 6029 3 14
610 6012 3 96
2457 6009 1 6
7302 6053 1 64
674 6077 2 92
6088 6086 3 23
539 6066 1 11
9706 6038 1 29
2712 6040 2 10
3439 6014 2 31
8560 6011 2 28
5443 6008 1 31
8342 6034 3 29
4036 6104 2 23
4217 6125 3 65
1125 6156 3 66
2029 6178 3 22
6556 6157 3 41
2437 6129 1 91
8181 6105 2 29
8492 6139 3 68
3225 6144 3 6
1464 6168 3 86
9579 6132 3 19
1171 6188 2 89
7100 6186 3 96
2587 6191 2 76
7731 6173 3 91
9225 6184 2 25
8181 6105 1 45
1180 6141 3 30
2211 6133 1 85
5427 6120 3 51
2029 6178 1 14
7577 6119 2 78
745 6198 1 72
145 6107 2 32
5497 6181 1 12
2055 6135 1 29
4226 6159 1 83
7644 6111 2 61
8492 6139 2 17
5195 6118 2 31
7509 6190 1 82
5300 6161 2 83
2067 6142 2 64
5892 6121 3 90
8903 6124 1 14
9978 6155 1 28
2956 6177 3 43
1568 6172 2 73
6548 6113 3 77
6176 6130 3 72
8853 6116 1 100
6176 6130 2 48
145 6107 3 24
7524 6123 2 12
640 6154 1 47
8903 6124 2 99
5892 6187 3 83
4736 6165 1 2
8492 6139 1 22
6364 6152 3 91
1540 6163 1 17
8764 6114 1 40
4607 6197 2 21
3019 6171 2 55
8764 6114 3 17
841 6128 1 1
1125 6156 1 49
7995 6164 2 54
4745 6149 1 5
640 6154 2 9
9978 6155 2 94
7357 6146 2 78
4607 6197 1 42
1180 6141 1 23
1464 6168 2 60
2067 6142 3 59
8764 6114 2 7
4844 6106 1 64
3949 6103 1 15
434 6167 1 12
1171 6188 3 18
6176 6130 1 3
6690 6134 1 89
4395 6145 3 41
3583 6126 1 4
7934 6194 2 19
4844 6106 2 43
745 6198 2 92
7934 6194 1 54
9579 6132 1 75
4762 6182 2 1
7635 6169 1 43
516 6166 3 69
8491 6200 3 92
1960 6180 1 49
145 6107 1 54
642 6170 2 67
6364 6152 1 78
6212 6102 2 85
6690 6134 3 81
2780 6183 1 8
7644 6111 3 16
7557 6175 1 83
9782 6108 2 67
174 6176 1 69
9413 6109 3 89
7995 6164 3 34
6556 6157 2 73
8181 6105 3 84
8853 6195 1 69
2094 6110 3 81
1490 6136 1 60
5241 6127 2 95
7524 6123 3 5
2211 6133 3 8
1104 6196 1 82
5745 6160 2 97
4395 6145 1 40
6556 6157 1 45
516 6166 2 51
3225 6144 1 71
1910 6115 2 70
434 6167 2 38
7577 6119 1 98
6548 6113 1 16
7823 6131 1 48
7823 6131 2 22
8291 6179 3 55
9664 6148 2 87
2437 6129 3 59
2956 6177 1 96
8541 6143 3 76
7635 6169 3 85
4736 6165 3 9
1910 6115 1 1
288 6189 2 22
6212 6102 3 69
9664 6148 3 47
7557 6175 2 46
7644 6111 1 61
1960 6180 2 10
4745 6149 2 85
516 6166 1 62
2587 6191 1 60
7100 6186 2 7
4745 6149 3 72
640 6154 3 14
5241 6127 1 92
7028 6162 3 71
7072 6174 1 95
2437 6129 2 8
8291 6179 1 96
7072 6174 3 77
8305 6122 3 82
7524 6123 1 45
9978 6155 3 49
4226 6159 3 28
9413 6109 1 74
7509 6190 2 81
3058 6158 2 72
5892 6187 1 68
9782 6108 3 32
3949 6103 2 77
2780 6183 3 2
5195 6118 3 54
1878 6138 2 59
9281 6117 2 86
2778 6192 2 9
2055 6135 2 92
5745 6160 3 21
550 6147 1 2
2780 6183 2 20
2055 6135 3 56
4844 6106 3 12
1960 6180 3 49
3943 6140 1 4
1490 6136 3 34
1878 6138 3 28
8108 6199 3 63
9225 6184 1 56
9413 6109 2 38
6548 6113 2 64
1878 6138 1 4
2094 6110 1 92
174 6176 2 28
4217 6125 2 20
745 6198 3 73
3058 6158 3 29
6364 6152 2 22
2954 6112 2 46
4736 6165 2 35
2956 6177 2 75
8853 6195 2 98
3058 6158 1 11
2954 6112 1 77
1180 6141 2 38
7557 6175 3 84
5300 6161 3 25
1464 6168 1 90
9225 6184 3 12
4217 6125 1 12
9143 6153 2 21
4985 6101 3 38
8853 6116 2 19
5458 6193 3 93
7997 6185 2 14
3019 6171 1 87
9664 6148 1 2
5427 6120 1 53
5892 6187 2 93
4985 6101 1 72
7357 6146 1 38
2211 6133 2 30
841 6128 2 17
8108 6199 1 82
3949 6103 3 31
7028 6162 1 97
8853 6116 3 68
1543 6137 1 35
7577 6119 3 18
9143 6153 1 43
2094 6110 2 4
9143 6153 3 61
8305 6122 1 52
2587 6191 3 39
8291 6179 2 47
4607 6197 3 100
2778 6192 1 67
5892 6121 1 4
288 6189 1 0
7100 6186 1 44
4985 6101 2 81
8491 6200 1 79
4226 6159 2 55
7995 6164 1 22
6991 6151 2 62
7357 6146 3 69
7731 6173 2 37
471 6150 2 38
3583 6126 2 80
8903 6124 3 88
841 6128 3 45
1171 6188 1 95
642 6170 1 64
3943 6140 2 4
7823 6131 3 73
5458 6193 2 2
3943 6140 3 91
174 6176 3 31
1125 6156 2 67
550 6147 2 45
4762 6182 1 50
5745 6160 1 38
3019 6171 3 5
8541 6143 1 70
5241 6127 3 10
6690 6134 2 30
6991 6151 1 87
9281 6117 1 50
2778 6192 3 30
6212 6102 1 22
4036 6104 1 19
4395 6145 2 71
5300 6161 1 35
7072 6174 2 54
1540 6163 2 68
471 6150 1 36
8108 6199 2 94
288 6189 3 97
5497 6181 2 76
8305 6122 2 12
1568 6172 1 39
4036 6104 3 71
7028 6162 2 98
5497 6181 3 79
550 6147 3 7
1490 6136 2 75
1543 6137 3 40
8541 6143 2 69
2067 6142 1 72
5892 6121 2 21
2954 6112 3 81
7934 6194 3 58
1104 6196 2 100
7731 6173 1 30
9782 6108 1 35
6991 6151 3 91
4762 6182 3 95
7509 6190 3 29
9281 6117 3 62
471 6150 3 41
5427 6120 2 95
5195 6118 1 61
8853 6195 3 9
434 6167 3 19
1104 6196 3 40
7997 6185 3 71
3583 6126 3 36
1568 6172 3 63
7635 6169 2 26
7997 6185 1 88
1910 6115 3 3
1540 6163 3 6
2029 6178 2 2
5458 6193 1 17
3225 6144 2 85
8491 6200 2 26
1543 6137 2 96
9579 6132 2 49
642 6170 3 96
2162 6269 2 39
1856 6211 1 26
4418 6284 1 92
2830 6276 1 16
4912 6272 1 93
4936 6203 2 31
2209 6274 2 34
990 6254 1 8
1572 6270 1 26
771 6227 2 27
8521 6238 2 75
7780 6299 2 77
3997 6259 2 70
7305 6241 1 99
4021 6280 2 24
771 6227 1 8
6192 6294 1 62
9812 6210 2 44
94 6298 1 45
94 6298 3 68
9247 6261 1 67
2445 6281 3 38
919 6295 3 71
6239 6220 1 76
8649 6239 1 20
4418 6284 3 60
3997 6259 3 80
2392 6267 1 83
9154 6292 2 62
6681 6244 1 33
9320 6283 1 12
9566 6237 3 23
5431 6286 2 67
9851 6201 3 72
2162 6269 1 5
2112 6265 3 57
7707 6226 3 59
4451 6222 2 98
1572 6270 2 89
5686 6291 1 82
1469 6224 2 94
7666 6221 3 65
7707 6226 2 49
1082 6202 2 18
1469 6224 3 37
7389 6279 3 74
8649 6239 3 56
4219 6248 2 98
411 6204 2 18
1856 6211 3 3
9761 6285 2 80
8436 6262 1 1
3100 6214 3 30
1289 6296 1 1
4936 6203 1 71
3019 6253 3 33
5431 6286 1 64
6774 6245 3 43
9320 6283 3 7
338 6258 2 48
7780 6299 3 17
6774 6245 1 62
9761 6285 1 19
4468 6256 2 29
7949 6230 2 42
1082 6202 3 54
6684 6247 2 13
8385 6233 2 15
5644 6252 2 50
7389 6279 1 18
6314 6218 2 1
923 6206 1 16
1290 6232 1 23
2112 6265 2 36
5390 6271 3 5
3752 6219 2 13
2830 6276 2 64
9247 6261 2 71
3825 6282 3 44
8003 6242 3 58
668 6255 1 25
2830 6276 3 19
2331 6273 1 36
6681 6244 3 48
4468 6256 1 40
1856 6211 2 78
6681 6244 2 42
4443 6251 3 84
2951 6246 3 99
7949 6230 1 52
2124 6297 2 93
8541 6278 3 24
94 6298 2 81
9638 6217 3 1
2141 6228 1 71
3913 6236 1 50
1129 6300 3 2
3997 6259 1 3
4451 6263 3 97
2112 6265 1 96
3591 6249 2 38
4285 6290 3 58
7666 6221 2 48
6774 6245 2 65
2580 6243 1 34
919 6295 2 59
3711 6213 1 28
4318 6289 1 84
3100 6214 1 23
4434 6212 2 87
6281 6277 2 98
1290 6232 2 15
2331 6273 3 67
1469 6224 1 29
6314 6218 3 60
9812 6210 1 65
8521 6238 1 64
668 6255 3 67
2580 6243 2 21
9619 6229 3 43
6992 6257 3 96
2503 6250 2 93
9398 6205 2 62
6419 6293 3 98
4516 6288 2 77
88 6231 2 42
9154 6292 3 65
7992 6208 2 95
6054 6240 1 92
4912 6272 3 57
7721 6209 3 17
7666 6221 1 23
4021 6280 1 44
6494 6207 2 12
5644 6252 1 49
9154 6292 1 40
3752 6219 1 71
88 6231 3 11
8003 6242 2 45
4443 6251 2 84
9247 6261 3 20
5686 6291 3 89
9619 6229 1 79
2331 6273 2 72
5686 6291 2 91
6281 6277 1 90
966 6268 3 45
1289 6296 2 16
2580 6243 3 57
1082 6202 1 16
4516 6288 1 0
4213 6275 1 84
6684 6247 1 14
4219 6248 3 61
6192 6294 3 94
3711 6213 3 56
919 6295 1 1
7389 6279 2 86
6314 6218 1 12
6419 6293 1 96
923 6206 2 98
6992 6257 2 83
4516 6288 3 19
6419 6293 2 75
2731 6287 3 55
6239 6220 2 14
1247 6225 3 42
9638 6217 2 49
2951 6246 2 74
7959 6264 3 9
5390 6271 2 11
3752 6219 3 86
5644 6252 3 48
4367 6223 3 84
4367 6223 2 94
8385 6233 1 55
2209 6274 3 11
9851 6201 2 78
9619 6229 2 17
3913 6236 2 20
338 6258 1 54
3591 6249 1 88
1572 6270 3 59
8385 6233 3 26
2503 6250 3 13
5699 6215 1 23
4936 6203 3 15
8436 6262 2 8
6239 6220 3 99
4434 6212 1 8
3100 6214 2 29
9320 6283 2 57
6621 6234 2 93
375 6266 1 63
9761 6285 3 42
3019 6253 2 7
4468 6256 3 12
8649 6239 2 53
2392 6267 3 40
6684 6247 3 10
2141 6228 3 36
2731 6287 2 45
2124 6297 3 76
5431 6286 3 39
6192 6294 2 33
9196 6260 3 53
771 6227 3 32
7780 6299 1 51
2385 6216 2 91
8541 6278 1 20
1129 6300 1 57
3019 6253 1 87
3913 6236 3 18
4451 6263 1 88
9812 6210 3 16
9196 6260 2 97
3711 6213 2 8
1129 6300 2 25
2385 6216 1 31
5699 6215 3 51
4912 6272 2 14
9638 6217 1 76
4451 6222 3 30
4418 6284 2 41
6494 6207 1 19
9398 6205 1 63
375 6266 3 7
1247 6225 2 26
5390 6271 1 28
7721 6209 2 90
6054 6240 2 58
1290 6232 3 5
2209 6274 1 20
6054 6240 3 0
6621 6234 1 94
4285 6290 2 8
8959 6235 1 74
5699 6215 2 83
2162 6269 3 53
2445 6281 2 92
338 6258 3 79
923 6206 3 67
7959 6264 2 39
411 6204 3 95
966 6268 1 39
4213 6275 2 58
966 6268 2 9
668 6255 2 7
2385 6216 3 31
7707 6226 1 17
7305 6241 2 64
6992 6257 1 53
8436 6262 3 79
4367 6223 1 59
4451 6222 1 70
2503 6250 1 54
6281 6277 3 28
375 6266 2 52
3825 6282 1 97
3825 6282 2 43
2731 6287 1 53
9566 6237 2 22
88 6231 1 48
7721 6209 1 92
411 6204 1 56
6494 6207 3 45
3591 6249 3 61
4021 6280 3 1
9196 6260 1 49
4318 6289 3 13
4219 6248 1 96
2124 6297 1 4
8541 6278 2 22
2445 6281 1 82
9566 6237 1 10
2141 6228 2 19
1289 6296 3 13
9398 6205 3 13
2951 6246 1 99
4318 6289 2 94
7305 6241 3 84
8959 6235 3 98
8959 6235 2 85
7992 6208 1 24
9851 6201 1 75
7959 6264 1 35
4451 6263 2 28
1247 6225 1 72
990 6254 2 90
990 6254 3 28
6621 6234 3 84
7992 6208 3 73
4443 6251 1 88
8003 6242 1 1
4213 6275 3 15
2392 6267 2 2
4434 6212 3 48
7949 6230 3 60
8521 6238 3 84
4285 6290 1 89
4502 6395 1 44
1330 6388 1 68
2323 6374 1 14
2246 6335 1 58
9338 6352 1 7
7572 6386 3 34
8808 6389 2 93
5197 6379 1 55
4179 6325 2 75
6729 6366 3 2
4780 6350 2 16
3436 6393 2 13
5013 6382 1 82
3693 6323 3 54
3459 6312 2 86
2827 6346 3 98
6832 6319 3 7
9711 6391 3 70
6832 6319 2 26
4341 6301 1 18
9803 6377 3 9
338 6303 1 67
2750 6359 3 71
5117 6307 3 6
9887 6368 3 86
8808 6389 1 32
4179 6325 3 81
1858 6362 1 2
8808 6389 3 100
6210 6375 1 1
1039 6357 1 33
9650 6344 2 65
2750 6359 2 11
315 6392 2 62
4179 6325 1 8
2485 6333 3 0
2308 6311 3 32
4560 6387 1 94
2308 6311 2 31
4131 6373 1 30
6210 6375 2 2
3175 6327 1 8
5641 6383 1 93
9606 6342 3 33
6732 6329 3 65
4780 6350 1 93
5743 6364 1 58
7118 6384 1 76
6871 6318 2 3
6961 6348 2 97
4940 6347 1 99
3436 6393 1 25
3733 6378 1 40
4506 6324 3 62
9650 6344 1 8
7788 6361 2 74
3459 6312 1 97
2437 6316 1 53
8815 6380 2 1
3537 6302 2 80
6940 6336 2 70
7083 6356 1 84
1992 6371 3 31
7922 6339 2 84
1858 6362 2 42
6961 6348 1 39
4887 6369 1 84
6940 6336 3 47
6599 6360 2 74
25 6305 2 22
4232 6315 2 41
2954 6330 3 49
4502 6395 2 95
381 6349 1 12
2308 6311 1 74
2962 6331 2 90
4887 6369 2 50
4502 6395 3 75
7788 6361 1 33
4633 6394 1 36
9338 6352 3 40
1858 6362 3 56
9803 6377 2 78
1273 6351 1 75
9606 6342 2 66
3516 6343 2 26
1361 6355 3 55
9711 6391 1 76
4034 6354 1 100
3870 6353 2 70
8996 6372 2 1
660 6313 1 84
6967 6309 2 92
2485 6399 2 86
7664 6326 3 92
6732 6329 2 66
4628 6322 1 3
6599 6360 3 40
1811 6314 1 41
4560 6387 2 88
7090 6332 3 55
381 6349 2 13
3175 6327 3 20
656 6365 1 37
6732 6329 1 51
7572 6386 1 76
4940 6347 2 100
8695 6397 2 54
4106 6370 2 70
2246 6335 2 5
2437 6316 3 37
656 6365 3 79
5197 6379 2 11
5282 6310 1 42
9650 6344 3 54
4341 6301 2 23
1628 6381 2 5
1628 6381 3 71
4243 6390 3 30
4506 6324 1 2
4001 6367 3 99
4633 6394 2 34
4106 6370 3 65
4232 6315 1 14
8864 6334 2 65
6871 6318 1 33
1039 6357 3 62
6840 6341 2 68
2827 6346 2 2
5641 6383 2 40
2485 6333 2 92
3870 6353 3 34
3516 6343 3 43
1992 6371 2 65
2485 6399 3 54
5013 6382 2 45
6210 6375 3 79
4385 6400 3 87
1293 6385 2 37
5634 6304 2 95
315 6392 1 34
8996 6372 1 60
2962 6331 1 66
5368 6317 1 99
6046 6340 2 68
2954 6330 2 14
8996 6372 3 48
4940 6347 3 95
6729 6366 1 43
3733 6378 2 34
7572 6386 2 44
5197 6379 3 68
4506 6324 2 79
8695 6397 3 13
4887 6369 3 86
4607 6338 1 52
338 6303 3 39
3516 6343 1 27
3394 6306 1 49
338 6303 2 61
4633 6394 3 91
3690 6396 3 33
4607 6338 3 79
5545 6345 1 71
7922 6339 1 67
3690 6396 2 93
6046 6340 1 24
9469 6398 1 40
6871 6318 3 88
4243 6390 2 72
5282 6310 2 86
1330 6388 2 69
2323 6374 2 45
5117 6307 2 38
4232 6315 3 6
2962 6331 3 74
7664 6326 2 56
388 6376 2 98
3870 6353 1 91
7664 6326 1 38
9936 6320 1 23
6840 6341 3 99
4385 6400 1 33
5052 6328 3 57
3394 6306 3 94
9936 6320 3 38
1992 6371 1 43
8695 6397 1 80
1361 6355 2 81
4001 6367 1 78
3377 6358 2 74
9606 6342 1 22
4560 6387 3 78
1361 6355 1 18
5282 6310 3 0
6940 6336 1 38
5052 6328 2 87
6961 6348 3 8
1811 6314 2 58
3733 6378 3 100
5743 6364 2 41
5117 6307 1 8
5368 6317 2 11
9887 6368 1 94
5634 6304 3 34
4243 6390 1 35
1273 6351 3 48
7922 6339 3 40
5634 6304 1 80
3465 6337 2 27
7090 6332 1 81
3394 6306 2 95
9338 6352 2 74
4131 6373 2 82
660 6313 3 32
4001 6367 2 24
4628 6322 3 37
3010 6321 3 51
7118 6384 2 68
2750 6359 1 28
3377 6358 1 91
5052 6328 1 25
7788 6361 3 91
3465 6337 1 7
1628 6381 1 47
6094 6308 3 7
4607 6338 2 62
6094 6308 2 93
660 6313 2 14
9803 6377 1 47
3436 6393 3 63
6967 6309 1 98
3465 6337 3 48
8815 6380 1 18
4106 6370 1 40
4341 6301 3 97
3175 6327 2 52
5368 6317 3 46
6094 6308 1 90
6729 6366 2 67
7090 6332 2 9
3693 6323 1 83
2954 6330 1 8
5545 6345 3 71
9887 6368 2 7
3537 6302 3 92
9469 6398 2 22
1293 6385 3 9
315 6392 3 71
2596 6363 1 58
8864 6334 3 29
9711 6391 2 36
1039 6357 2 42
7118 6384 3 59
4628 6322 2 41
3010 6321 2 44
4780 6350 3 39
1811 6314 3 45
6832 6319 1 11
5545 6345 2 84
8864 6334 1 61
1293 6385 1 64
388 6376 3 15
7083 6356 2 75
3537 6302 1 35
5641 6383 3 39
2485 6399 1 69
381 6349 3 83
4385 6400 2 9
3459 6312 3 3
2485 6333 1 74
7083 6356 3 86
5743 6364 3 58
1273 6351 2 9
8815 6380 3 68
2323 6374 3 60
2246 6335 3 8
4034 6354 3 24
4034 6354 2 98
9936 6320 2 90
3377 6358 3 29
5013 6382 3 81
2827 6346 1 35
9469 6398 3 60
3690 6396 1 30
25 6305 1 60
4131 6373 3 57
25 6305 3 85
3693 6323 2 4
6840 6341 1 64
6046 6340 3 80
6599 6360 1 71
6967 6309 3 61
3010 6321 1 27
2596 6363 2 53
388 6376 1 53
1330 6388 3 78
656 6365 2 35
2437 6316 2 80
2596 6363 3 68
9355 6422 2 76
1117 6497 3 19
9312 6428 2 37
1653 6407 1 83
9393 6479 2 36
8744 6418 1 91
1484 6478 2 67
8600 6463 2 38
9832 6443 1 19
5670 6464 2 22
9895 6432 1 95
5135 6413 1 79
3222 6493 1 8
2525 6406 3 3
4627 6450 1 59
8755 6405 1 76
7266 6440 2 34
4477 6431 2 45
8287 6474 2 100
9370 6498 2 56
6876 6496 2 69
6476 6487 1 83
896 6459 2 22
4736 6456 1 14
2811 6438 3 80
3916 6436 2 74
6840 6480 3 14
1159 6410 1 17
932 6454 2 51
2982 6461 2 35
4242 6435 1 17
3916 6436 1 73
1625 6475 3 88
9487 6409 3 35
641 6448 2 74
147 6451 3 82
1099 6419 1 23
78 6494 3 52
4477 6431 1 70
1711 6492 2 77
641 6448 3 83
4994 6442 1 41
9487 6409 2 74
1711 6492 1 44
9895 6432 2 17
7110 6437 3 14
1475 6402 1 35
3760 6484 2 29
7977 6411 1 85
7110 6437 1 66
4242 6435 3 14
406 6425 1 29
3222 6493 2 18
6946 6460 2 63
896 6459 3 100
8233 6458 3 57
5012 6408 3 21
5216 6476 3 72
2982 6461 3 4
1117 6497 2 24
8036 6489 1 66
5510 6423 3 95
6365 6424 2 47
761 6469 1 61
734 6420 3 39
1625 6475 1 18
9616 6500 2 44
8029 6471 1 23
1094 6491 3 96
9355 6422 3 13
7110 6437 2 23
6476 6487 3 68
1577 6468 2 21
6365 6424 3 37
9616 6500 1 11
8000 6434 3 8
1475 6402 3 7
1484 6478 3 56
147 6451 2 32
9616 6500 3 74
6825 6421 3 31
7729 6447 1 7
2096 6483 2 32
5083 6466 3 38
8059 6417 3 80
1475 6402 2 9
1991 6477 3 10
4477 6431 3 57
2811 6438 2 76
6876 6496 1 99
5161 6485 3 50
641 6448 1 68
8287 6474 1 11
2811 6438 1 59
8059 6417 2 19
734 6420 1 95
5510 6423 1 95
5238 6430 3 30
5775 6446 1 52
7977 6411 3 54
6946 6460 1 64
5216 6476 1 33
3426 6467 3 90
761 6469 3 43
1159 6410 2 23
6840 6480 1 35
1653 6407 2 97
734 6420 2 72
8855 6488 1 42
4160 6486 3 90
5670 6464 1 52
9709 6495 3 93
78 6494 2 36
6840 6480 2 16
9370 6498 1 29
9399 6426 3 25
6643 6403 2 50
3760 6484 1 90
8000 6434 2 54
8995 6404 3 49
2403 6414 2 6
7729 6447 3 84
8995 6404 1 18
885 6427 1 15
7266 6440 3 25
5012 6408 1 64
8287 6474 3 69
1738 6439 1 53
3471 6449 1 64
4160 6486 2 43
2096 6483 1 92
9510 6473 3 88
3426 6467 1 90
9846 6470 1 27
9393 6479 3 69
9846 6470 2 26
1653 6407 3 37
3471 6449 3 49
1117 6497 1 70
954 6416 1 8
4994 6442 3 62
1629 6429 2 42
1577 6468 1 73
5238 6430 2 10
2005 6412 3 3
8059 6417 1 67
1099 6419 2 62
6825 6421 2 38
6242 6465 1 69
1099 6419 3 27
1094 6491 2 26
4627 6450 3 49
1738 6439 3 93
761 6469 2 6
5723 6462 1 66
1547 6472 2 13
1629 6429 1 55
2005 6412 2 9
2525 6406 2 59
954 6416 3 32
8628 6457 2 49
8744 6418 2 95
8755 6405 3 63
3014 6441 3 97
6570 6482 3 20
6876 6496 3 100
1738 6439 2 31
4242 6435 2 97
6946 6460 3 16
932 6454 1 79
885 6427 2 53
1991 6477 1 92
3014 6441 1 56
1484 6478 1 1
6242 6465 2 84
414 6490 2 96
1094 6491 1 19
9030 6445 1 65
9709 6495 1 85
414 6490 3 38
5262 6401 3 43
2096 6483 3 6
1625 6475 2 8
4736 6456 2 77
9986 6433 1 25
9121 6453 2 91
5670 6464 3 30
8029 6471 2 61
490 6481 1 21
9510 6473 2 4
7977 6411 2 85
1888 6452 1 41
9846 6470 3 58
6365 6424 1 11
9121 6453 3 24
9312 6428 3 95
490 6481 2 30
6165 6444 3 5
5775 6446 2 35
8963 6455 2 59
8855 6488 2 45
9399 6426 1 67
3471 6449 2 22
9986 6433 2 74
2525 6406 1 18
5510 6423 2 78
6570 6482 2 19
3014 6441 2 34
9986 6433 3 100
9312 6428 1 28
4994 6442 2 55
78 6494 1 0
1547 6472 3 12
4627 6450 2 54
932 6454 3 20
8755 6405 2 52
5723 6462 3 55
1629 6429 3 37
1888 6452 3 70
8233 6458 1 31
4736 6456 3 11
5161 6485 2 51
5161 6485 1 72
6165 6444 1 6
1888 6452 2 2
3916 6436 3 68
6570 6482 1 87
5135 6413 3 82
6694 6415 1 55
8036 6489 2 45
6825 6421 1 100
6165 6444 2 61
8036 6489 3 14
9393 6479 1 81
9832 6443 2 20
5262 6401 1 14
9355 6422 1 21
8855 6488 3 68
8963 6455 3 15
8233 6458 2 26
9709 6495 2 77
2005 6499 2 13
9895 6432 3 3
2005 6499 1 83
9030 6445 3 85
8628 6457 1 69
414 6490 1 41
8628 6457 3 3
147 6451 1 39
8995 6404 2 29
406 6425 3 46
8744 6418 3 78
9399 6426 2 94
8029 6471 3 53
6476 6487 2 72
954 6416 2 58
3760 6484 3 77
6242 6465 3 66
2982 6461 1 47
8600 6463 3 74
5216 6476 2 3
1711 6492 3 39
8963 6455 1 48
9510 6473 1 49
2005 6412 1 99
2403 6414 3 45
5723 6462 2 76
9121 6453 1 96
5238 6430 1 30
4160 6486 1 76
5135 6413 2 98
5775 6446 3 12
5083 6466 1 33
1577 6468 3 45
5083 6466 2 58
7266 6440 1 28
5012 6408 2 46
6643 6403 3 9
885 6427 3 3
896 6459 1 9
9832 6443 3 51
9030 6445 2 47
8600 6463 1 77
6694 6415 3 90
5262 6401 2 18
1991 6477 2 56
9370 6498 3 92
2403 6414 1 70
6694 6415 2 43
8000 6434 1 1
1547 6472 1 63
9487 6409 1 75
406 6425 2 14
7729 6447 2 9
490 6481 3 46
3426 6467 2 1
1159 6410 3 31
2005 6499 3 17
6643 6403 1 4
3222 6493 3 12
341 6547 3 71
829 6533 2 54
8918 6517 1 59
6309 6501 1 40
1529 6556 3 39
692 6599 3 65
1473 6541 2 75
341 6547 2 44
2209 6548 1 73
5838 6508 1 40
6519 6596 3 13
6960 6522 2 43
4781 6597 2 56
4781 6597 1 91
7622 6572 1 62
6008 6518 3 75
6972 6579 3 91
7353 6585 2 56
6785 6536 2 22
2836 6531 1 4
8035 6528 3 41
4123 6525 1 28
4944 6568 3 11
8080 6561 3 50
2845 6529 3 68
7622 6572 3 41
856 6502 3 17
2836 6531 2 44
7022 6574 1 44
9878 6593 2 94
1832 6581 2 88
3053 6562 1 28
7571 6595 3 60
3600 6519 2 50
8957 6558 3 48
4439 6569 1 83
8611 6570 3 50
6835 6542 2 63
4123 6525 3 81
7526 6550 2 22
475 6505 2 9
2845 6529 2 3
3186 6552 2 48
8974 6557 1 71
829 6533 1 77
2073 6600 1 47
6178 6553 2 70
5394 6506 1 10
6336 6527 2 72
3053 6562 2 81
6972 6579 2 12
3522 6555 3 39
1473 6541 3 50
2829 6544 3 83
2836 6531 3 73
7332 6551 1 70
8264 6514 1 65
7309 6578 1 38
4781 6597 3 76
681 6589 1 74
3159 6592 1 58
5603 6535 3 61
5127 6583 3 86
3186 6552 1 86
2829 6544 1 73
7332 6551 3 66
4439 6569 3 4
5603 6535 1 62
9878 6593 3 31
9764 6587 2 29
6212 6582 2 75
1832 6581 3 9
5838 6508 2 66
692 6599 2 44
8394 6523 3 43
856 6502 2 36
6835 6542 1 20
1715 6526 2 10
5127 6583 2 46
9878 6593 1 97
1511 6560 2 40
9900 6512 3 0
2957 6540 1 22
2126 6520 1 13
6178 6553 3 92
7848 6565 1 90
2819 6563 1 65
3159 6592 3 69
3186 6552 3 50
7407 6503 1 97
7848 6565 3 15
5745 6571 2 72
5034 6534 2 6
2126 6520 2 94
6948 6509 2 58
5269 6598 3 19
8918 6517 3 98
6785 6536 1 34
7309 6578 3 11
4386 6510 2 27
3609 6539 1 94
2244 6564 1 42
5376 6577 2 80
4761 6546 3 62
9035 6537 2 64
6664 6545 2 14
7848 6565 2 30
6008 6518 1 40
1386 6580 1 98
2786 6538 1 76
3473 6554 3 88
7353 6585 3 39
7893 6521 2 58
1763 6586 2 30
7571 6595 1 51
8264 6514 3 42
1715 6526 1 99
8240 6507 3 15
3159 6592 2 53
8394 6523 1 49
9900 6512 1 73
6175 6588 2 25
372 6549 3 93
475 6505 1 21
3503 6567 2 55
341 6547 1 7
681 6589 2 63
6309 6501 2 85
9764 6587 3 11
4062 6559 2 34
6008 6518 2 69
2819 6563 2 26
6212 6582 1 71
2819 6563 3 50
6960 6522 3 72
7893 6521 1 0
4519 6591 1 52
7332 6551 2 35
7903 6543 3 31
5034 6534 1 74
692 6599 1 68
3600 6519 1 58
4761 6546 1 67
4204 6576 3 14
1119 6594 3 37
1529 6556 2 67
9035 6537 3 53
4108 6504 1 92
8957 6558 1 9
7127 6524 3 25
1715 6526 3 19
2845 6529 1 81
4108 6504 2 94
5745 6571 3 82
4519 6591 2 43
6175 6588 1 29
4944 6568 1 88
3218 6590 1 96
2771 6515 3 13
5376 6577 3 6
1511 6560 3 48
2385 6511 2 10
6948 6509 1 6
8240 6507 2 66
3218 6590 2 37
2786 6538 3 41
5394 6506 2 6
9270 6566 3 95
2244 6564 3 85
372 6549 1 84
1386 6580 3 50
4386 6510 1 54
5127 6583 1 92
1119 6594 2 29
8225 6530 3 36
473 6532 1 83
8974 6557 3 42
7526 6550 1 12
681 6589 3 63
1386 6580 2 10
8974 6557 2 94
5067 6513 3 78
4204 6576 2 10
1529 6556 1 83
9270 6566 1 73
6309 6501 3 47
7622 6572 2 12
8035 6528 1 65
8225 6530 2 51
856 6502 1 7
2073 6600 3 47
8240 6507 1 86
3473 6554 1 52
2771 6515 2 16
7353 6585 1 85
9962 6584 3 41
5269 6598 1 0
6948 6509 3 83
7407 6503 3 70
3609 6539 2 53
6336 6527 1 24
3503 6567 1 71
7246 6516 2 98
1511 6560 1 81
7903 6543 2 75
2244 6564 2 31
9270 6566 2 31
7022 6574 3 2
2385 6511 1 43
1119 6594 1 44
8080 6561 1 70
5269 6598 2 63
475 6505 3 2
3609 6539 3 71
7127 6524 2 85
6175 6588 3 50
7309 6578 2 4
4108 6504 3 94
5603 6535 2 81
829 6533 3 38
7407 6503 2 46
6835 6542 3 100
2957 6540 2 37
3503 6567 3 92
9962 6584 1 27
4386 6510 3 42
4204 6576 1 68
9964 6575 3 44
3522 6555 1 27
7246 6516 3 74
2385 6511 3 17
4761 6546 2 9
4062 6559 1 46
8080 6561 2 5
3473 6554 2 53
3522 6555 2 69
8394 6523 2 76
5394 6506 3 87
7526 6550 3 96
6212 6582 3 96
6519 6596 1 59
3053 6562 3 4
4062 6559 3 48
1763 6586 1 82
7571 6595 2 60
8006 6573 1 75
8957 6558 2 68
2073 6600 2 73
7903 6543 1 45
473 6532 3 73
8035 6528 2 66
8264 6514 2 36
3218 6590 3 74
2209 6548 3 48
8006 6573 3 30
8225 6530 1 95
4519 6591 3 10
5838 6508 3 3
6664 6545 3 34
7246 6516 1 6
6972 6579 1 38
3600 6519 3 1
5067 6513 2 87
8918 6517 2 58
2209 6548 2 72
2771 6515 1 86
2126 6520 3 42
6336 6527 3 3
8006 6573 2 78
4439 6569 2 83
5745 6571 1 93
6664 6545 1 32
6519 6596 2 77
1832 6581 1 32
7893 6521 3 43
5376 6577 1 74
4944 6568 2 92
6178 6553 1 3
2829 6544 2 23
5034 6534 3 12
1473 6541 1 51
372 6549 2 29
2786 6538 2 24
2957 6540 3 34
5067 6513 1 36
8611 6570 2 76
9035 6537 1 85
473 6532 2 53
9900 6512 2 23
9964 6575 2 99
9764 6587 1 64
9964 6575 1 9
6960 6522 1 68
7127 6524 1 22
7022 6574 2 36
4123 6525 2 64
9962 6584 2 65
8611 6570 1 28
6785 6536 3 57
1763 6586 3 87
8644 6619 1 64
9105 6640 3 0
389 6624 1 14
756 6653 1 72
8104 6698 3 91
1242 6648 1 46
7900 6676 2 90
8195 6675 3 100
7468 6658 1 92
6915 6688 1 33
8554 6686 3 96
4414 6657 3 92
1070 6603 3 21
8644 6619 3 84
5505 6643 3 98
7300 6663 2 22
2774 6697 2 23
7300 6663 3 94
2181 6683 1 85
7544 6673 2 28
3662 6629 2 95
7544 6673 3 31
7900 6676 1 29
304 6642 1 28
6794 6696 2 11
8599 6687 2 84
9519 6655 2 98
4414 6657 2 100
7598 6636 2 61
6359 6601 3 35
7638 6633 3 51
3206 6644 1 20
9210 6628 1 11
6252 6620 2 98
651 6623 2 3
9229 6665 3 47
9577 6662 1 90
722 6608 1 12
4017 6606 3 66
8997 6602 1 69
2233 6615 1 9
8209 6611 3 0
3394 6604 3 61
2154 6659 2 99
7900 6676 3 71
3674 6694 2 33
8554 6686 2 88
798 6668 1 17
5433 6612 2 29
3119 6650 2 5
8997 6602 3 8
8809 6638 3 60
9314 6667 1 65
4597 6699 2 56
7742 6677 2 17
3208 6651 3 74
5505 6643 2 42
824 6626 1 34
6658 6685 1 15
744 6622 3 5
8147 6613 3 13
651 6623 1 55
651 6623 3 37
3206 6644 3 43
756 6653 3 37
1381 6649 3 81
7465 6632 2 72
1827 6637 3 0
4071 6639 1 18
3119 6650 1 17
1242 6648 2 11
744 6622 2 59
2060 6661 1 43
7628 6680 2 50
9134 6695 2 56
798 6668 3 26
5579 6616 1 35
859 6625 1 26
8147 6613 1 57
859 6625 2 73
9151 6664 1 7
8644 6619 2 92
3541 6691 3 91
6664 6645 3 55
8694 6700 2 58
304 6642 2 16
4342 6656 2 56
3054 6693 3 3
9519 6655 3 8
4414 6657 1 13
3541 6691 2 86
9966 6684 1 72
3070 6607 2 52
87 6631 1 97
2887 6635 1 83
3913 6670 2 68
3332 6627 3 88
5007 6610 3 4
798 6668 2 67
744 6622 1 75
3054 6693 1 56
5892 6679 3 0
1827 6637 1 80
9314 6667 2 36
553 6652 2 27
2774 6697 3 67
2001 6641 2 77
7300 6663 1 10
8788 6647 1 28
3394 6604 2 21
6794 6696 1 2
6658 6685 3 39
7638 6633 2 84
3532 6674 2 51
6252 6620 1 59
5877 6692 2 68
3674 6694 1 27
4071 6639 2 62
8628 6669 1 54
722 6608 3 2
7628 6680 1 99
3208 6651 1 46
8195 6675 1 50
6664 6645 1 52
7465 6632 1 76
8104 6698 2 25
8734 6678 3 36
1310 6666 2 50
9372 6682 1 24
6794 6696 3 70
7628 6680 3 10
87 6631 3 26
3503 6634 3 53
2154 6672 1 68
7598 6636 3 72
7544 6673 1 14
3780 6654 1 94
957 6671 1 74
2154 6672 2 4
8104 6698 1 0
9151 6664 3 24
756 6653 2 33
5007 6610 2 32
957 6671 3 50
2887 6635 2 86
9134 6695 3 34
8580 6617 1 66
3532 6674 1 17
8734 6678 2 29
8809 6638 2 4
4071 6639 3 84
7452 6621 1 20
553 6652 3 85
3675 6681 3 52
8628 6669 2 34
8788 6647 3 6
3394 6604 1 78
7598 6636 1 17
6252 6620 3 38
9372 6682 2 41
7742 6677 1 55
5579 6616 3 69
4342 6656 3 74
1242 6648 3 93
4314 6609 3 62
2154 6672 3 84
3503 6634 2 4
4314 6609 1 2
389 6624 3 79
8147 6613 2 60
8209 6611 1 70
5007 6610 1 24
9105 6640 1 67
3625 6614 1 2
1501 6690 1 38
6664 6645 2 43
4342 6656 1 67
2574 6689 2 63
6359 6601 2 53
3780 6654 3 100
2887 6635 3 16
5877 6692 3 79
3780 6654 2 91
2574 6689 1 59
2574 6689 3 60
8580 6617 3 7
3070 6607 1 14
2233 6615 3 26
6354 6618 1 39
2233 6615 2 59
6819 6660 3 16
8809 6638 1 7
9229 6665 2 48
824 6626 2 6
8734 6678 1 80
389 6624 2 59
957 6671 2 72
1381 6649 2 46
3332 6627 1 66
9229 6665 1 80
5877 6692 1 87
9210 6628 3 5
3913 6670 3 78
4020 6605 3 91
3206 6644 2 30
8195 6675 2 79
7468 6658 3 48
6658 6685 2 15
722 6608 2 69
9519 6655 1 50
4020 6605 1 90
8628 6669 3 67
3532 6674 3 1
9210 6628 2 99
2001 6641 3 8
6354 6618 2 85
7452 6621 3 36
4766 6630 3 95
8694 6700 3 83
3208 6651 2 76
824 6626 3 68
5579 6616 2 25
3675 6681 1 4
6819 6660 1 7
3625 6614 3 38
6359 6601 1 12
9577 6662 2 38
553 6652 1 90
9577 6662 3 95
7742 6677 3 86
9372 6682 3 76
4766 6630 1 31
8209 6611 2 30
1070 6603 2 39
1501 6690 2 20
9134 6695 1 40
1501 6690 3 69
3332 6627 2 63
8580 6617 2 86
7452 6621 2 79
3503 6634 1 26
8694 6700 1 69
3054 6693 2 69
8997 6602 2 50
87 6631 2 77
3119 6650 3 56
8554 6686 1 98
8599 6687 3 93
5892 6679 1 86
5892 6679 2 68
9966 6684 2 1
4020 6605 2 64
6354 6618 3 79
9105 6640 2 79
3674 6694 3 3
1310 6666 1 29
4766 6630 2 42
9151 6664 2 51
8788 6647 2 96
2060 6661 2 20
859 6625 3 57
6915 6688 2 43
3675 6681 2 4
304 6642 3 54
1310 6666 3 24
6915 6688 3 27
4314 6609 2 16
2774 6697 1 81
7465 6632 3 49
2154 6659 3 84
4017 6606 2 31
3913 6670 1 94
2181 6683 3 3
9966 6684 3 5
6819 6660 2 37
2154 6659 1 28
1827 6637 2 48
3070 6607 3 1
7638 6633 1 98
2060 6661 3 18
4017 6606 1 93
3662 6629 1 60
3625 6614 2 11
1381 6649 1 46
2001 6641 1 91
5433 6612 3 67
5505 6643 1 33
2438 6646 3 42
1070 6603 1 38
2181 6683 2 25
2438 6646 1 88
8599 6687 1 83
2438 6646 2 76
3541 6691 1 44
5433 6612 1 81
7468 6658 2 37
3662 6629 3 77
9314 6667 3 52
4597 6699 3 46
4597 6699 1 17
9446 6732 3 62
8972 6762 2 29
3960 6777 1 51
9735 6729 2 4
6917 6706 1 70
1977 6705 2 24
9446 6732 2 53
3125 6763 2 86
9549 6703 1 28
8388 6708 2 44
8379 6781 1 22
6696 6715 1 69
3001 6702 3 10
7976 6745 1 66
4854 6767 1 46
2651 6751 1 49
3125 6763 1 40
3960 6777 3 37
7282 6753 1 40
2870 6759 2 16
3482 6790 1 80
8064 6717 3 80
7502 6721 2 16
3714 6796 1 15
9713 6733 3 9
6623 6758 1 1
1385 6748 2 56
7223 6755 2 86
4412 6750 3 74
6655 6800 3 37
2870 6759 1 55
4167 6754 2 83
6183 6743 1 19
9561 6738 2 46
897 6757 3 62
4285 6792 3 4
4854 6767 3 37
8064 6717 2 82
1919 6766 1 80
2800 6744 1 26
9269 6719 3 29
8972 6762 3 29
2330 6765 1 64
4921 6724 2 48
8913 6746 1 99
1900 6747 2 91
5965 6709 2 68
1900 6747 1 89
1919 6766 3 86
6623 6758 2 100
201 6749 3 49
6183 6743 2 83
4285 6792 1 56
8486 6773 3 72
3960 6777 2 54
2330 6765 3 86
4167 6754 1 62
2298 6730 2 49
8625 6775 2 45
7976 6745 3 20
6655 6800 1 90
3524 6771 2 97
4633 6734 1 76
7775 6740 1 50
4921 6724 1 64
1764 6778 1 73
4905 6736 1 53
4402 6742 2 82
293 6772 1 31
1429 6799 1 34
897 6757 2 79
9927 6776 2 40
8625 6775 3 67
8486 6773 2 2
6012 6722 1 8
615 6768 3 80
4412 6750 2 61
4633 6734 2 62
8844 6761 2 24
8539 6782 1 64
5938 6704 2 96
7867 6752 3 94
7775 6740 2 15
1429 6799 2 37
3798 6727 1 92
2802 6723 1 34
4402 6742 1 2
7282 6753 2 26
3027 6783 2 28
9365 6737 3 5
3798 6727 3 14
2139 6726 3 96
6776 6712 2 100
1764 6778 2 68
2330 6765 2 7
3415 6713 1 43
2340 6714 3 35
2332 6707 3 5
444 6731 3 71
4575 6791 3 98
6776 6712 1 63
9515 6787 2 39
7261 6710 3 89
1764 6778 3 36
4134 6795 3 63
8256 6741 3 74
1429 6799 3 77
6917 6706 3 47
7502 6721 3 47
233 6788 1 48
4575 6791 2 33
2870 6759 3 83
5938 6704 1 42
7867 6752 2 33
5454 6701 1 65
7261 6710 1 13
615 6768 2 6
389 6780 2 21
4412 6750 1 0
8181 6728 1 51
4921 6724 3 50
4633 6734 3 88
2501 6789 3 44
7314 6793 2 58
6977 6794 2 72
3415 6713 2 71
3415 6713 3 56
2802 6723 2 78
9927 6776 1 46
2332 6707 1 39
298 6785 2 16
2340 6714 1 99
7775 6740 3 3
897 6757 1 66
3125 6763 3 40
9446 6732 1 33
5902 6716 1 14
9927 6776 3 33
1900 6747 3 56
1722 6798 1 38
5576 6725 3 9
5965 6709 1 47
3798 6727 2 51
6021 6784 3 17
8388 6708 1 2
7314 6793 3 55
6021 6784 2 37
6696 6715 2 27
2539 6774 3 37
9269 6719 2 83
6776 6712 3 50
1977 6705 1 76
6021 6784 1 54
8539 6782 2 47
2139 6726 1 39
7976 6745 2 97
4402 6742 3 38
8486 6773 1 89
615 6768 1 55
4285 6792 2 79
8064 6717 1 37
4905 6736 3 19
3258 6760 3 59
389 6780 1 6
9365 6737 2 44
8913 6746 2 69
5576 6725 1 93
1385 6748 1 91
9515 6787 1 74
3983 6797 3 75
233 6788 2 8
9269 6719 1 88
8539 6782 3 50
3714 6796 2 20
5902 6716 2 25
9549 6703 3 31
3524 6771 1 93
7282 6753 3 91
4134 6795 1 69
2539 6774 1 79
9569 6720 3 9
6669 6764 3 66
1722 6798 3 61
5588 6779 2 75
982 6756 3 62
1385 6748 3 18
3983 6797 1 49
5576 6725 2 43
3027 6783 3 14
9558 6739 2 18
293 6772 3 16
8256 6741 1 4
3983 6797 2 72
2802 6723 3 19
8379 6781 2 11
7727 6718 1 93
8844 6761 3 3
8181 6728 2 87
9569 6720 1 32
7502 6721 1 72
233 6788 3 55
2298 6730 3 20
5582 6735 3 91
4905 6736 2 77
8379 6781 3 98
444 6731 1 41
9515 6787 3 11
9713 6733 2 91
6655 6800 2 56
2539 6774 2 1
9549 6703 2 55
9561 6738 3 0
9365 6737 1 42
7183 6711 1 98
9558 6739 3 93
4167 6754 3 1
8256 6741 2 30
7261 6710 2 11
201 6749 1 34
7314 6793 1 0
2501 6789 2 21
3555 6769 1 5
2298 6730 1 89
2332 6707 2 1
3714 6796 3 68
2651 6751 3 56
4134 6795 2 42
2340 6714 2 74
5965 6709 3 42
1919 6766 2 25
5902 6716 3 5
9558 6739 1 26
3524 6771 3 22
6669 6764 2 7
5582 6735 2 32
5938 6704 3 93
6313 6786 2 21
293 6772 2 53
9713 6733 1 82
8972 6762 1 57
4575 6791 1 96
2800 6744 2 55
2139 6726 2 54
3482 6790 3 34
6917 6706 2 96
8388 6708 3 74
6623 6758 3 11
298 6785 1 97
298 6785 3 49
2651 6751 2 71
3001 6702 2 18
8913 6746 3 18
982 6756 2 44
9569 6720 2 12
3258 6760 2 73
8619 6770 2 40
3258 6760 1 19
7727 6718 3 53
2800 6744 3 48
6313 6786 1 74
9735 6729 3 90
444 6731 2 82
982 6756 1 4
6012 6722 2 84
7727 6718 2 42
4854 6767 2 35
201 6749 2 39
8844 6761 1 74
6012 6722 3 6
1722 6798 2 65
3555 6769 2 65
8625 6775 1 56
8181 6728 3 42
9561 6738 1 7
3555 6769 3 14
3482 6790 2 56
6669 6764 1 21
3027 6783 1 85
3001 6702 1 77
6183 6743 3 15
8619 6770 3 37
6977 6794 1 34
5582 6735 1 33
5454 6701 2 97
7223 6755 1 89
5454 6701 3 3
389 6780 3 55
6977 6794 3 28
9735 6729 1 71
5588 6779 1 19
5588 6779 3 59
6696 6715 3 12
6313 6786 3 93
1977 6705 3 100
7183 6711 2 26
2501 6789 1 20
7867 6752 1 46
7183 6711 3 81
8619 6770 1 55
7223 6755 3 48
6143 6816 1 16
6895 6815 2 85
5605 6853 1 4
5400 6855 2 59
4472 6806 2 94
2206 6804 3 21
1567 6888 2 82
4470 6881 3 27
4661 6822 2 80
8440 6884 2 7
410 6812 1 53
6440 6854 2 16
1507 6827 2 53
7501 6868 1 42
5177 6819 2 23
3758 6883 3 75
2643 6836 3 86
2655 6829 3 57
2401 6826 2 29
1595 6860 3 56
3821 6823 1 83
1452 6833 2 24
6488 6838 2 27
2401 6826 3 57
4541 6877 1 92
5083 6887 1 85
3851 6882 2 94
5196 6879 3 56
9452 6851 3 72
1103 6837 1 13
3045 6885 1 60
8440 6884 3 1
6440 6854 3 55
9101 6803 1 55
6764 6873 1 80
8453 6831 3 41
5300 6818 3 51
7088 6892 2 64
5095 6842 2 65
5083 6887 3 3
326 6900 1 71
7066 6808 1 1
3397 6865 3 32
1567 6888 1 32
1857 6839 2 14
1510 6862 3 32
9422 6841 3 80
410 6812 2 72
6903 6835 2 59
665 6807 2 54
3397 6865 2 72
3644 6861 2 45
410 6812 3 51
2401 6826 1 51
5230 6874 3 35
4472 6806 3 55
6440 6854 1 71
5083 6887 2 85
6646 6848 3 9
1791 6859 1 51
2643 6836 1 70
6903 6835 1 24
86 6821 3 83
9903 6886 1 87
5095 6842 3 20
5783 6809 1 25
9466 6830 3 98
3644 6861 3 15
5095 6842 1 26
3625 6802 1 100
1567 6888 3 12
9236 6849 3 47
5177 6819 1 41
1507 6827 3 49
6646 6848 2 35
326 6900 3 78
5196 6879 2 36
7541 6891 2 31
5300 6818 1 13
111 6864 2 55
6143 6816 3 62
4452 6832 2 13
408 6870 1 13
3821 6823 2 97
2799 6817 2 57
1510 6862 1 8
5368 6844 1 52
1087 6858 2 5
4452 6832 3 94
7533 6872 1 25
1103 6837 2 93
3625 6802 2 97
8219 6824 3 1
3758 6883 1 31
9452 6851 2 85
7879 6852 1 6
9101 6803 2 5
3644 6861 1 85
9264 6846 2 31
7501 6868 3 10
4541 6877 2 2
3771 6801 2 80
7879 6852 2 29
2202 6845 1 75
5760 6810 1 22
4244 6867 3 42
4158 6899 1 47
7011 6866 2 85
5303 6875 2 11
3821 6823 3 11
7525 6828 2 88
2206 6804 1 41
6549 6897 1 83
1791 6859 2 43
4541 6877 3 30
408 6870 2 28
9903 6886 3 29
9722 6825 2 24
111 6864 1 3
6143 6816 2 45
9903 6886 2 49
4158 6899 2 87
5365 6813 1 88
8440 6884 1 66
5368 6844 3 18
9236 6849 1 33
2202 6845 2 51
7541 6891 3 73
4470 6881 2 23
8219 6824 2 17
1452 6833 1 7
4472 6806 1 23
1857 6839 3 67
4266 6857 2 25
3863 6896 2 35
8517 6895 2 72
1087 6858 1 24
3887 6894 1 70
7501 6868 2 78
665 6807 3 65
9101 6803 3 84
1857 6839 1 95
130 6890 3 16
5683 6814 3 74
9466 6830 2 34
1507 6827 1 90
4452 6832 1 80
5303 6875 3 88
4266 6857 1 95
2655 6829 2 78
4259 6898 3 25
9422 6841 1 77
5230 6874 1 36
5683 6814 2 56
5179 6834 2 5
1521 6811 1 57
2493 6850 2 7
1087 6858 3 5
1103 6837 3 54
2272 6878 3 61
1116 6869 3 49
5605 6853 3 93
8705 6889 1 50
5849 6876 1 13
8225 6880 3 2
6646 6893 1 79
3863 6896 3 89
6895 6815 1 9
9264 6846 1 75
5179 6834 3 80
7066 6808 3 33
130 6890 1 41
5365 6813 3 85
2493 6850 3 98
5849 6876 2 7
4266 6857 3 67
4470 6881 1 0
9264 6846 3 56
6549 6897 3 17
326 6900 2 24
9236 6849 2 62
6764 6873 3 76
7011 6866 1 44
1521 6811 2 93
2799 6817 3 55
5230 6874 2 36
8453 6831 2 9
2272 6878 1 19
4128 6843 2 22
8705 6889 3 95
1595 6860 1 15
3851 6882 1 55
1022 6871 2 6
3771 6801 3 13
408 6870 3 10
7533 6872 3 79
9466 6830 1 90
665 6807 1 32
3045 6885 2 91
6646 6893 3 1
3771 6801 1 61
2206 6804 2 99
6549 6897 2 41
4259 6898 2 59
86 6821 1 92
7011 6866 3 3
3887 6894 2 95
5365 6813 2 69
1116 6869 2 3
1510 6862 2 32
2799 6817 1 87
2538 6805 1 100
3125 6856 3 86
7525 6828 1 54
1595 6860 2 0
5400 6855 3 2
1351 6863 3 32
3118 6840 2 18
3887 6894 3 26
111 6864 3 56
5303 6875 1 97
5683 6814 1 40
2202 6845 3 55
7088 6892 1 89
3758 6883 2 23
8386 6820 1 20
6488 6838 3 40
8453 6831 1 70
8705 6889 2 83
7879 6852 3 1
3668 6847 2 0
2643 6836 2 88
4158 6899 3 87
5368 6844 2 50
3851 6882 3 45
9422 6841 2 0
6488 6838 1 72
6646 6848 1 25
8386 6820 3 46
3668 6847 3 72
2493 6850 1 20
4128 6843 3 21
4661 6822 1 78
6903 6835 3 82
1791 6859 3 52
8517 6895 1 65
8386 6820 2 25
86 6821 2 36
5605 6853 2 1
5849 6876 3 11
6764 6873 2 76
3045 6885 3 20
9452 6851 1 26
3118 6840 3 46
2538 6805 3 73
7066 6808 2 39
130 6890 2 24
2272 6878 2 2
9722 6825 1 96
6895 6815 3 21
9722 6825 3 86
5179 6834 1 20
3668 6847 1 73
1521 6811 3 97
1022 6871 1 25
1351 6863 1 97
4661 6822 3 1
3125 6856 2 1
3125 6856 1 94
7525 6828 3 94
5783 6809 2 70
4259 6898 1 73
1452 6833 3 12
7088 6892 3 52
3397 6865 1 46
1116 6869 1 70
3863 6896 1 49
5760 6810 2 5
5783 6809 3 93
8517 6895 3 54
5177 6819 3 78
4244 6867 1 33
2538 6805 2 53
3118 6840 1 76
8225 6880 2 67
4244 6867 2 15
7541 6891 1 85
8219 6824 1 39
3625 6802 3 97
5300 6818 2 30
2655 6829 1 22
1351 6863 2 61
5196 6879 1 33
1022 6871 3 27
8225 6880 1 23
7533 6872 2 65
6646 6893 2 35
4128 6843 1 73
5760 6810 3 2
5400 6855 1 83
2286 6968 2 59
2723 6905 1 54
3085 6908 1 74
3552 6921 1 11
7516 6978 3 37
5886 6990 3 44
5827 6915 1 54
7744 6912 1 80
5734 6924 1 6
1708 6999 3 14
7378 6956 2 99
1267 6929 2 13
7193 6914 2 62
6865 6923 3 54
9280 6946 2 100
2571 6932 3 34
8542 6953 1 0
4696 6931 3 82
476 6952 2 80
3111 6996 1 80
236 6991 2 31
4975 6910 1 13
909 6974 2 90
3085 6908 2 14
6382 6917 2 22
2374 6963 1 37
3111 6996 2 23
8946 6959 2 80
2042 6927 3 22
8788 6958 3 59
7816 6979 1 27
5174 6920 2 44
3684 6988 1 37
1261 6916 3 86
6138 6982 3 50
4975 6910 2 19
4696 6931 1 46
466 6955 3 99
4352 6961 3 31
896 6987 3 97
1261 6916 1 51
6879 6942 2 24
6138 6982 2 58
4064 6934 1 76
5554 6925 1 48
2617 6971 3 97
6372 6989 2 26
466 6955 1 83
3085 6908 3 20
4129 6997 3 12
5608 6970 3 7
2110 6911 2 75
5007 6976 1 55
6865 6923 1 23
5572 7000 1 84
5007 6976 2 15
2056 6904 1 82
2042 6927 2 80
3684 6988 2 68
368 6981 1 55
2571 6932 1 71
5038 6977 3 60
3623 6926 1 15
2056 6904 2 31
3291 6972 1 84
7521 6909 3 58
1862 6919 2 74
2473 6998 2 34
8788 6958 1 12
198 6950 2 6
7521 6909 1 51
4621 6918 3 55
818 6980 1 68
2374 6963 2 23
3684 6988 3 68
9446 6992 3 19
198 6950 1 27
4064 6934 2 84
3125 6941 2 28
9337 6962 1 17
2617 6971 1 12
6089 6907 1 59
6843 6967 1 47
7811 6906 2 69
6372 6989 3 12
7516 6978 1 81
5174 6920 3 36
9337 6962 2 51
2473 6998 3 77
8138 6943 3 98
2056 6904 3 38
439 6954 1 20
1862 6919 3 52
4064 6934 3 82
6879 6942 3 81
8138 6943 2 32
8418 6994 3 27
9446 6992 1 89
2088 6935 2 31
9749 6947 1 100
172 6973 2 80
2617 6971 2 5
3125 6941 1 30
4621 6918 2 90
7816 6979 3 33
9514 6960 2 32
5007 6976 3 52
6382 6917 1 74
236 6991 3 10
2110 6911 3 8
7521 6909 2 40
5038 6977 2 60
198 6950 3 21
1492 6949 3 73
5720 6944 1 16
3288 6957 1 34
710 6975 2 44
1585 6938 3 56
3291 6972 3 13
439 6954 3 50
8946 6986 1 50
5489 6939 3 0
9200 6928 3 40
1862 6919 1 2
1708 6999 2 62
710 6975 1 85
9280 6946 1 52
6042 6940 3 45
5608 6970 2 51
6042 6940 1 82
9446 6992 2 15
476 6952 3 19
236 6991 1 60
9866 6985 3 90
5038 6977 1 2
172 6973 3 56
3552 6921 2 31
1045 6903 2 80
710 6975 3 95
2552 6902 1 76
7193 6914 1 75
3570 6937 2 75
3570 6937 3 32
3623 6926 3 23
3623 6926 2 60
7811 6906 1 81
7705 6930 2 70
2088 6935 1 4
8946 6986 2 35
4424 6951 3 64
7193 6914 3 100
4424 6951 2 15
2552 6902 3 68
2552 6902 2 32
4424 6951 1 75
6879 6942 1 91
7705 6930 3 58
9866 6985 1 21
2723 6905 2 94
6457 6901 2 77
291 6984 1 30
5886 6990 1 25
5827 6915 2 67
8788 6958 2 4
1708 6999 1 48
8946 6959 1 65
2224 6945 1 18
818 6980 2 54
8916 6966 2 28
8418 6994 1 61
7744 6912 3 1
9514 6960 1 44
6138 6982 1 54
6721 6948 3 68
9866 6985 2 84
1417 6969 1 26
2239 6965 2 34
3570 6937 1 75
5554 6925 3 61
439 6954 2 61
7240 6964 2 68
8542 6953 2 75
6721 6948 2 58
5720 6944 3 67
6089 6907 2 82
2286 6968 3 100
5734 6924 3 70
4195 6995 2 97
3288 6957 2 93
7378 6956 1 28
3291 6972 2 80
6843 6967 2 53
4352 6961 1 1
3552 6921 3 59
5489 6939 1 85
6865 6923 2 12
9609 6913 3 77
5827 6915 3 13
8542 6953 3 19
2571 6932 2 98
1492 6949 1 81
7374 6933 1 88
6089 6907 3 45
9280 6946 3 100
5572 7000 2 35
476 6952 1 20
1492 6949 2 60
2107 6936 2 58
4129 6997 2 38
5130 6983 2 71
7378 6956 3 95
5174 6920 1 2
3125 6941 3 83
3288 6957 3 20
2042 6927 1 69
7705 6930 1 22
896 6987 1 55
2239 6965 3 30
9609 6913 1 17
9749 6947 3 53
2088 6935 3 51
6372 6989 1 81
291 6984 3 95
172 6973 1 52
2286 6968 1 41
8946 6986 3 26
2224 6945 2 34
9749 6947 2 96
4129 6997 1 78
6843 6967 3 19
6457 6901 1 67
7744 6912 2 89
9200 6928 2 83
2374 6963 3 6
2107 6936 3 45
1045 6903 3 84
1417 6969 3 45
8418 6994 2 36
896 6987 2 15
1585 6938 1 79
466 6955 2 82
5720 6944 2 37
7516 6978 2 55
5886 6990 2 37
9200 6928 1 74
9609 6913 2 61
9514 6960 3 59
4390 6993 3 90
909 6974 3 5
4195 6995 3 24
6382 6917 3 62
368 6981 2 3
1261 6916 2 36
5608 6970 1 20
4696 6931 2 14
4975 6910 3 70
909 6974 1 13
2239 6965 1 32
291 6984 2 27
7240 6964 3 0
8946 6959 3 40
1417 6969 2 88
7811 6906 3 30
7240 6964 1 45
1585 6938 2 62
302 6922 3 74
5734 6924 2 92
8916 6966 1 86
6721 6948 1 65
7374 6933 2 14
2473 6998 1 53
1267 6929 3 79
5489 6939 2 70
302 6922 1 64
2224 6945 3 22
2107 6936 1 27
8916 6966 3 96
4390 6993 2 7
7374 6933 3 34
1045 6903 1 91
368 6981 3 74
818 6980 3 79
3111 6996 3 7
1267 6929 1 94
4390 6993 1 62
5130 6983 3 73
2110 6911 1 84
4195 6995 1 62
5130 6983 1 13
2723 6905 3 15
5572 7000 3 52
8138 6943 1 77
4621 6918 1 43
302 6922 2 78
6042 6940 2 2
5554 6925 2 88
4352 6961 2 84
7816 6979 2 60
6457 6901 3 91
9337 6962 3 93
8224 7090 1 81
7588 7066 2 16
6184 7009 2 59
3407 7012 1 13
7608 7052 2 19
2744 7063 1 57
7238 7023 2 69
2547 7098 3 0
4325 7092 2 74
8479 7034 2 54
1404 7033 3 33
3833 7005 3 47
6993 7093 1 82
6741 7069 3 64
1146 7020 1 17
8209 7077 1 33
2833 7027 3 13
2907 7047 3 9
5261 7089 3 9
5400 7100 3 74
1083 7097 1 46
579 7039 3 51
8396 7040 2 41
5400 7100 2 23
538 7072 3 17
9327 7076 2 70
8364 7084 2 69
7030 7035 2 48
8364 7084 3 93
4462 7094 2 39
5684 7011 3 21
9374 7061 2 93
9755 7026 1 90
5750 7028 1 24
3875 7099 2 8
8396 7040 3 71
3174 7007 3 55
7750 7071 2 29
4462 7094 3 61
5312 7053 2 89
9374 7061 3 61
9723 7010 2 97
1827 7002 1 73
3939 7018 2 72
9426 7038 2 45
8209 7077 3 41
570 7049 1 38
5160 7008 3 65
8174 7054 2 93
9830 7073 3 15
4511 7055 2 2
8479 7034 3 40
6741 7069 1 25
4462 7094 1 92
1002 7003 1 62
70 7082 1 48
5529 7081 3 68
1951 7086 3 10
4511 7055 3 94
7227 7079 2 2
579 7039 1 36
9174 7016 1 59
6090 7051 3 69
7381 7041 1 87
1825 7013 3 98
8763 7059 2 50
3604 7078 3 10
8437 7085 2 59
2371 7022 2 87
9306 7048 2 13
9162 7062 3 45
9359 7006 2 48
9359 7006 1 50
7513 7095 3 0
6184 7009 3 28
2833 7027 2 10
2500 7060 1 82
2907 7047 2 57
6479 7091 3 36
97 7080 3 21
9723 7010 3 88
9871 7004 3 87
3506 7021 3 77
6479 7091 2 16
3407 7012 3 70
9162 7062 2 43
5261 7089 1 85
2371 7022 1 78
5110 7046 2 84
6465 7029 3 47
4048 7015 2 13
7233 7043 2 39
97 7080 1 55
1672 7031 3 55
6479 7091 1 93
4227 7064 1 0
2374 7070 2 68
3124 7067 2 6
1002 7003 2 0
70 7082 3 21
9755 7026 2 87
7655 7096 1 39
5425 7014 2 47
7690 7025 3 38
2833 7027 1 32
9817 7001 1 9
1222 7057 1 61
7238 7023 1 14
9174 7016 2 75
5312 7053 1 24
7690 7025 2 87
5400 7100 1 95
8364 7084 1 16
1146 7020 3 38
9306 7048 1 32
3875 7099 3 1
2500 7060 2 51
6097 7032 3 42
7608 7052 1 62
7381 7041 3 19
1827 7002 3 29
6465 7029 1 20
1672 7031 2 48
5501 7065 2 16
5160 7008 2 49
7072 7017 2 26
6295 7068 1 7
9306 7048 3 97
1404 7033 1 45
2374 7070 3 72
9817 7001 3 90
7514 7056 2 40
70 7082 2 17
6295 7068 2 74
1827 7002 2 67
6741 7069 2 37
538 7072 1 8
3875 7099 1 97
5945 7037 3 95
6184 7009 1 25
7750 7071 1 48
1404 7033 2 8
8174 7054 1 98
5261 7089 2 12
5160 7008 1 16
1388 7036 2 37
8224 7090 3 40
5529 7081 1 16
4048 7015 3 47
4227 7064 2 13
5529 7081 2 42
1951 7086 1 58
1576 7045 2 88
9755 7026 3 100
6295 7068 3 81
7655 7096 3 27
5684 7011 2 14
2500 7060 3 73
6993 7093 3 36
5425 7014 1 32
7227 7079 1 64
3407 7012 2 39
7876 7083 2 4
5960 7050 2 32
5750 7028 2 58
9426 7038 3 30
570 7049 2 39
3939 7018 1 81
8224 7090 2 77
6973 7042 3 12
1083 7097 2 7
9817 7001 2 73
2744 7063 3 63
7514 7056 3 9
7233 7043 1 81
4511 7055 1 34
6097 7032 1 53
2044 7044 1 13
579 7039 2 10
9830 7073 1 36
3506 7021 1 92
2910 7030 1 5
2547 7098 1 91
5684 7011 1 32
5945 7037 1 32
9162 7062 1 77
4048 7015 1 9
2044 7044 2 63
2235 7058 2 14
9048 7074 2 88
9359 7006 3 34
1576 7045 1 76
5750 7028 3 89
5312 7053 3 41
6993 7093 2 42
6973 7042 1 61
3939 7018 3 37
3124 7067 3 34
2233 7087 1 60
7513 7095 2 31
1951 7088 2 63
9871 7004 2 39
1388 7036 1 20
8209 7077 2 64
1951 7088 3 25
8396 7040 1 37
7690 7025 1 77
5960 7050 3 83
7514 7056 1 63
6090 7051 1 84
6090 7051 2 2
1083 7097 3 93
2235 7058 3 5
9327 7076 3 45
9723 7010 1 52
8763 7059 3 71
5110 7046 3 60
9745 7019 2 5
3124 7067 1 32
7750 7071 3 48
6973 7042 2 30
3833 7005 2 37
1576 7045 3 39
2044 7044 3 30
5501 7065 1 61
8763 7059 1 69
7608 7052 3 24
4325 7092 1 75
3604 7078 1 43
7072 7017 3 79
9871 7004 1 40
3618 7075 2 83
1146 7020 2 46
2374 7070 1 9
5960 7050 1 49
7876 7083 1 15
9174 7016 3 97
7876 7083 3 17
1222 7057 2 2
2371 7022 3 77
3506 7021 2 69
2744 7063 2 68
8437 7085 3 15
7030 7035 1 100
7381 7041 2 99
3226 7024 2 67
3618 7075 1 59
1825 7013 2 60
2907 7047 1 67
3174 7007 1 95
2235 7058 1 97
9830 7073 2 45
6465 7029 2 41
6097 7032 2 8
570 7049 3 40
1388 7036 3 9
5945 7037 2 53
9048 7074 1 19
9426 7038 1 54
4227 7064 3 42
9374 7061 1 68
1002 7003 3 82
97 7080 2 47
2547 7098 2 15
7513 7095 1 8
7588 7066 1 16
3604 7078 2 17
2910 7030 3 81
9327 7076 1 26
1222 7057 3 93
9745 7019 1 6
3174 7007 2 52
7233 7043 3 72
7227 7079 3 40
7030 7035 3 91
5501 7065 3 3
2233 7087 2 0
8437 7085 1 50
5425 7014 3 3
7588 7066 3 70
9048 7074 3 77
1825 7013 1 4
3618 7075 3 82
7655 7096 2 28
4325 7092 3 57
8174 7054 3 66
538 7072 2 96
1672 7031 1 85
8479 7034 1 56
1951 7088 1 34
7072 7017 1 13
9745 7019 3 37
2233 7087 3 76
1951 7086 2 100
3833 7005 1 19
3226 7024 1 73
2910 7030 2 15
7238 7023 3 39
3226 7024 3 27
5110 7046 1 56
5325 7143 2 48
9541 7195 2 99
804 7101 3 53
9464 7125 1 6
9684 7134 3 75
6844 7177 1 70
6268 7122 1 41
6189 7176 2 55
8641 7185 3 44
5682 7144 2 98
6268 7122 3 59
7675 7104 2 92
5488 7190 1 66
8691 7110 1 25
3833 7191 1 62
8167 7155 3 61
9149 7197 1 23
4023 7163 2 1
5469 7140 1 69
7720 7133 2 29
5325 7143 1 12
5373 7120 2 57
9149 7197 3 46
2062 7127 2 56
3784 7182 1 78
864 7112 3 74
8792 7161 2 58
1020 7111 1 50
5395 7103 1 41
285 7192 2 85
3210 7157 2 92
2726 7175 1 19
2062 7127 3 29
1020 7111 3 84
2245 7105 2 69
692 7159 3 91
5682 7144 3 84
3269 7136 2 93
9684 7134 1 46
9149 7197 2 53
5682 7144 1 2
7213 7189 3 38
7473 7196 1 52
7720 7133 3 74
9661 7154 1 60
6950 7137 1 88
8031 7178 1 10
6844 7177 3 75
9684 7134 2 76
5851 7180 1 40
5514 7198 2 2
5851 7180 3 37
4169 7113 3 92
9853 7170 3 97
3269 7136 3 59
6355 7193 2 92
8435 7115 2 90
4644 7121 2 11
8031 7178 3 81
2148 7141 1 38
9098 7200 3 97
4321 7139 1 93
5514 7198 3 46
3674 7162 3 10
2776 7171 1 29
9464 7125 2 2
4676 7106 3 69
8691 7110 2 86
2245 7105 1 0
981 7152 3 23
804 7101 1 42
440 7183 1 89
4187 7114 2 14
9137 7167 3 5
6552 7142 3 99
9098 7200 1 17
3071 7123 2 83
6028 7116 3 100
864 7112 1 87
6552 7142 1 81
9566 7108 3 76
6552 7142 2 53
3833 7191 2 55
68 7102 1 91
942 7168 1 99
7720 7133 1 7
3674 7162 1 92
734 7124 2 12
1332 7173 3 38
864 7112 2 39
4321 7139 3 27
4838 7169 3 6
5088 7199 3 8
6806 7160 2 96
3784 7182 2 21
1293 7138 3 31
7904 7153 2 87
9541 7195 1 20
6950 7137 2 40
440 7183 3 70
5397 7165 1 52
7641 7148 3 24
3210 7157 1 49
4788 7129 3 80
9661 7154 3 73
4643 7179 1 64
8167 7155 2 70
981 7152 1 91
8466 7158 2 44
8792 7161 3 54
303 7188 2 81
68 7102 2 34
3784 7182 3 44
8409 7118 3 63
2886 7186 3 40
1383 7107 3 42
7473 7196 2 57
9661 7154 2 11
6178 7126 2 94
6028 7116 1 65
6189 7176 1 52
1020 7111 2 12
477 7132 2 90
981 7152 2 25
1293 7138 1 8
4676 7106 1 30
8409 7118 2 42
5395 7103 3 73
7961 7164 1 70
8031 7178 2 48
403 7151 2 87
6355 7193 3 1
6141 7145 3 65
7213 7189 1 31
7984 7135 1 36
477 7132 3 45
9137 7167 1 85
2886 7186 2 14
5469 7140 3 10
2476 7166 3 11
4163 7194 1 3
3817 7128 2 7
4023 7163 1 96
3179 7109 2 91
2095 7149 2 30
3210 7157 3 95
5397 7165 2 80
7675 7104 3 13
7518 7130 3 71
5088 7199 2 37
4187 7114 1 60
2148 7141 3 82
4163 7194 2 80
1997 7174 2 6
9983 7131 2 20
5851 7180 2 22
7213 7189 2 45
8466 7158 3 31
5395 7103 2 78
68 7102 3 22
7984 7135 3 44
4644 7121 1 97
6141 7145 2 77
9983 7131 1 35
3491 7119 3 100
3179 7109 3 74
4643 7179 2 54
9464 7125 3 76
7473 7196 3 100
4676 7106 2 85
4187 7114 3 60
4778 7184 2 59
1997 7174 3 82
2476 7166 2 83
8466 7158 1 56
942 7168 2 10
5373 7120 3 12
5931 7147 1 62
303 7188 3 78
6189 7176 3 41
5488 7190 2 42
3886 7181 1 81
6141 7145 1 91
4838 7169 1 100
3886 7181 3 46
4163 7194 3 17
2062 7127 1 38
4778 7184 1 2
2776 7171 3 52
3817 7128 3 92
4643 7179 3 67
3418 7150 2 93
3071 7123 3 1
4321 7139 2 99
2095 7149 1 51
7961 7164 3 23
9098 7200 2 45
5469 7140 2 64
1997 7174 1 17
2476 7166 1 36
303 7188 1 93
7961 7164 2 69
3321 7187 3 29
734 7124 1 67
4169 7113 1 1
403 7151 3 97
2726 7175 2 76
6268 7122 2 95
6380 7172 2 67
2245 7105 3 72
829 7156 2 91
2095 7149 3 60
5397 7165 3 53
7904 7153 3 66
1332 7173 2 19
4644 7121 3 24
5325 7143 3 24
4023 7163 3 81
5088 7199 1 9
3269 7136 1 11
1332 7173 1 70
3491 7119 1 1
285 7192 3 17
3781 7117 1 18
3781 7117 2 91
3179 7109 1 36
9541 7195 3 78
692 7159 2 22
2674 7146 1 16
7675 7104 1 9
8641 7185 1 34
3418 7150 1 70
4788 7129 2 96
7518 7130 2 72
8409 7118 1 88
3321 7187 1 12
7904 7153 1 29
7641 7148 1 24
2886 7186 1 39
7641 7148 2 22
5931 7147 3 65
3491 7119 2 100
3886 7181 2 88
4778 7184 3 95
692 7159 1 44
6844 7177 2 4
9983 7131 3 57
6380 7172 3 9
6380 7172 1 60
829 7156 1 25
4788 7129 1 65
3833 7191 3 57
2674 7146 3 41
1383 7107 2 8
8435 7115 3 76
6355 7193 1 80
3781 7117 3 82
2726 7175 3 9
734 7124 3 50
3418 7150 3 87
3071 7123 1 98
6806 7160 1 65
9853 7170 1 84
5373 7120 1 74
3321 7187 2 44
942 7168 3 60
7984 7135 2 13
403 7151 1 86
6028 7116 2 98
2148 7141 2 40
440 7183 2 20
2674 7146 2 42
9566 7108 1 52
5931 7147 2 24
477 7132 1 74
7518 7130 1 81
829 7156 3 15
8435 7115 1 65
4838 7169 2 53
3674 7162 2 78
8792 7161 1 23
5488 7190 3 93
8167 7155 1 93
9137 7167 2 68
8641 7185 2 80
4169 7113 2 22
1293 7138 2 43
6806 7160 3 20
9853 7170 2 57
5514 7198 1 59
2776 7171 2 60
9566 7108 2 46
6178 7126 1 57
1383 7107 1 8
6950 7137 3 98
8691 7110 3 78
804 7101 2 68
3817 7128 1 78
6178 7126 3 56
285 7192 1 1
3547 7210 1 97
1874 7290 3 85
8159 7274 3 97
1091 7296 1 14
9522 7216 1 7
2428 7266 3 20
7386 7297 1 82
9910 7222 2 20
9969 7238 1 93
7834 7263 1 4
5499 7248 3 88
2166 7295 2 24
5400 7227 3 98
2636 7228 3 31
3537 7298 3 14
7170 7250 1 100
9454 7270 3 81
252 7214 1 82
8159 7274 1 18
2292 7223 1 14
8451 7267 3 46
5588 7235 2 92
7254 7294 1 28
9364 7279 3 79
5290 7273 2 92
9832 7226 3 12
6135 7246 3 78
5685 7233 1 53
2641 7247 2 12
4727 7243 1 17
8299 7205 3 67
7394 7259 1 68
9292 7201 2 13
5685 7233 3 82
2075 7206 3 1
2292 7223 2 91
3624 7203 1 63
5400 7227 1 80
4382 7277 1 54
1361 7236 3 35
4861 7254 3 85
1091 7296 2 36
9809 7293 1 11
5788 7289 1 19
46 7260 2 19
2901 7278 1 66
3085 7276 2 65
2615 7282 3 17
8597 7220 2 14
8224 7281 2 63
9970 7249 2 55
5400 7227 2 10
4861 7254 1 14
5290 7273 3 19
6931 7284 1 27
9364 7279 2 95
2615 7282 2 18
3822 7242 2 51
8019 7265 1 34
5465 7231 2 27
3055 7283 2 58
2615 7282 1 13
6171 7271 1 46
5218 7234 1 62
7334 7208 1 71
7834 7263 3 79
9603 7207 1 34
2095 7244 2 23
7195 7224 1 48
7254 7294 2 28
3537 7237 2 71
8019 7265 3 38
9322 7288 2 32
8407 7215 3 78
5702 7258 1 88
4382 7277 3 56
3547 7210 2 7
252 7214 3 2
7386 7297 2 9
3055 7283 3 30
3537 7237 1 0
6135 7246 1 60
9580 7262 1 57
7204 7229 2 16
8407 7215 1 45
2166 7295 1 43
3176 7209 3 9
7086 7251 3 23
283 7253 2 99
6684 7245 3 72
7097 7286 2 80
9969 7238 2 79
8224 7275 1 59
9910 7222 1 41
9580 7262 3 53
2095 7244 3 10
2675 7230 3 23
2713 7218 2 75
2641 7247 1 58
3537 7237 3 22
8019 7265 2 62
7394 7259 2 88
8451 7267 1 90
46 7260 3 59
1904 7256 3 21
9271 7225 1 64
7483 7217 3 15
851 7264 3 8
5702 7258 3 57
9322 7288 3 15
5588 7235 1 28
6154 7285 3 14
851 7264 1 94
8224 7275 2 80
4861 7254 2 75
6154 7285 2 100
9271 7225 3 65
1904 7256 1 60
3751 7300 1 85
5685 7233 2 40
4222 7252 3 73
3055 7283 1 67
4451 7213 2 82
4346 7287 1 95
5218 7234 2 44
9271 7225 2 13
9454 7270 2 52
8190 7291 3 52
312 7299 1 92
4507 7204 2 56
8597 7220 1 54
2229 7241 2 88
7170 7250 3 15
2075 7206 2 10
2075 7206 1 75
9603 7207 3 65
8190 7291 1 19
7170 7250 2 38
9364 7279 1 14
2428 7266 2 60
9970 7249 3 63
9134 7272 3 59
3654 7212 1 76
7502 7257 2 88
8451 7267 2 41
8299 7205 2 52
4765 7255 2 91
7204 7229 1 73
5386 7221 3 51
6684 7245 2 34
2713 7218 1 61
8178 7261 2 87
4727 7243 3 20
8690 7269 3 62
7254 7294 3 53
3547 7210 3 19
2095 7244 1 78
8690 7269 2 72
5386 7221 1 10
3537 7298 2 43
7386 7297 3 15
7334 7208 3 2
1372 7239 2 93
719 7268 2 14
1361 7236 1 79
1372 7239 1 96
4451 7213 1 67
4346 7287 3 8
283 7253 3 46
6684 7245 1 82
4451 7213 3 76
3751 7300 3 10
7334 7208 2 9
8597 7220 3 75
1874 7290 1 78
2636 7228 1 21
2805 7280 1 4
1091 7296 3 35
3085 7276 1 80
3176 7209 1 70
7502 7257 1 41
9809 7293 2 5
7483 7217 2 59
7195 7224 2 85
2229 7241 1 78
6742 7211 1 95
770 7292 1 80
5702 7258 2 10
3822 7242 3 93
3751 7300 2 21
1874 7290 2 91
2675 7230 1 91
312 7299 3 78
2901 7278 3 84
8224 7275 3 56
719 7268 3 67
5788 7289 3 51
9970 7249 1 30
3624 7203 2 23
8600 7219 1 71
3085 7276 3 9
6742 7211 2 38
7195 7224 3 18
2675 7230 2 90
8178 7261 1 68
5465 7231 1 90
7086 7251 1 59
5588 7235 3 27
8407 7215 2 55
7097 7286 3 18
6171 7271 2 61
283 7253 1 74
8600 7219 2 28
2805 7280 3 76
3654 7212 3 59
7834 7263 2 71
2901 7278 2 31
4222 7252 1 75
4222 7252 2 62
9969 7238 3 35
2271 7232 2 46
9454 7270 1 85
3537 7298 1 16
7086 7251 2 65
8224 7281 1 26
2713 7218 3 23
851 7264 2 62
8178 7261 3 20
6154 7285 1 43
8600 7219 3 55
2271 7232 1 90
770 7292 2 34
9134 7272 2 9
9322 7288 1 48
4507 7204 1 27
335 7240 3 23
9292 7201 3 64
335 7240 1 91
2641 7247 3 33
5499 7248 1 68
9832 7226 1 40
4507 7204 3 15
5788 7289 2 53
2229 7241 3 94
8159 7274 2 93
5290 7273 1 64
2292 7223 3 20
6931 7284 2 37
6135 7246 2 34
7483 7217 1 35
6171 7271 3 60
2271 7232 3 47
9580 7262 2 11
7097 7286 1 24
5386 7221 2 13
6742 7211 3 42
3624 7203 3 84
8299 7205 1 53
9809 7293 3 72
9292 7201 1 78
4727 7243 2 51
7204 7229 3 36
5499 7248 2 62
5465 7231 3 34
770 7292 3 47
7394 7259 3 30
9522 7216 3 93
8452 7202 3 48
2428 7266 1 62
8190 7291 2 6
4346 7287 2 100
252 7214 2 36
312 7299 2 83
3176 7209 2 32
9522 7216 2 47
9910 7222 3 44
1904 7256 2 92
4382 7277 2 65
1372 7239 3 39
2636 7228 2 4
2166 7295 3 2
719 7268 1 1
8690 7269 1 62
8452 7202 1 70
9134 7272 1 67
2805 7280 2 70
8452 7202 2 44
5218 7234 3 51
9832 7226 2 25
3822 7242 1 3
3654 7212 2 13
1361 7236 2 64
6931 7284 3 6
46 7260 1 11
9603 7207 2 64
4765 7255 1 73
335 7240 2 60
7502 7257 3 100
4765 7255 3 41
8224 7281 3 51
134 7387 1 70
1798 7377 1 54
1362 7324 2 28
7066 7331 3 37
5097 7312 3 67
3822 7380 1 13
4191 7303 1 92
8451 7314 2 72
3327 7350 1 64
8741 7356 1 64
3874 7329 2 88
4099 7369 1 70
9996 7333 3 8
6324 7367 1 0
3132 7392 2 25
2817 7344 2 9
8741 7356 3 100
8765 7318 3 76
8985 7345 1 90
6040 7326 2 88
7066 7331 1 70
2132 7341 1 48
1994 7328 3 83
5859 7323 2 69
4607 7361 3 83
3735 7364 3 0
8975 7400 2 16
8451 7314 3 80
2897 7342 2 88
7151 7317 1 44
6807 7398 2 68
784 7330 3 71
4846 7308 2 19
8975 7400 3 85
134 7387 3 56
4099 7369 3 23
1458 7316 3 52
3822 7380 3 29
3628 7355 1 94
670 7394 3 23
3578 7366 3 43
4993 7315 1 9
8765 7318 1 30
5497 7388 2 57
9309 7390 3 75
7095 7375 2 11
5859 7323 3 23
6040 7326 1 80
8170 7336 2 36
7919 7346 1 9
8555 7368 1 13
8751 7319 3 73
8451 7314 1 18
3732 7371 3 31
670 7394 2 56
7058 7351 3 61
4063 7381 2 9
3259 7334 3 9
3735 7364 1 30
8751 7319 2 86
9998 7353 3 97
2132 7341 3 43
5563 7360 3 66
7058 7351 2 22
784 7330 2 97
2817 7344 1 22
5497 7388 3 33
134 7387 2 29
9996 7333 2 44
4670 7386 2 74
3534 7327 3 60
7358 7302 3 44
7566 7363 3 28
5563 7360 1 95
784 7330 1 47
9996 7333 1 62
287 7396 1 44
7566 7363 1 76
458 7301 3 100
4100 7340 2 19
5859 7323 1 51
8909 7311 2 66
8909 7311 1 91
3293 7399 2 49
2897 7342 3 64
4309 7397 2 16
3631 7370 1 82
4846 7308 3 3
3610 7385 1 86
3939 7362 2 69
3534 7327 1 37
909 7357 2 44
3874 7329 3 7
3628 7355 2 1
7026 7349 1 93
3259 7334 2 52
6026 7335 2 20
3226 7338 3 57
8909 7311 3 64
3534 7327 2 41
7919 7346 3 50
6852 7391 2 20
587 7376 2 24
909 7357 3 94
7455 7313 3 20
4325 7321 2 93
5388 7306 3 91
7115 7358 1 28
8985 7345 3 93
3845 7354 1 85
3732 7371 2 41
458 7301 2 16
5031 7348 2 3
6807 7398 3 33
3578 7366 2 24
7108 7304 2 31
8985 7345 2 23
4364 7389 1 99
6324 7367 2 26
2740 7332 1 52
7026 7349 3 88
7115 7358 3 17
4063 7381 1 2
4436 7379 3 80
4436 7379 1 83
2928 7347 1 93
3939 7362 3 93
4191 7303 2 69
8751 7319 1 96
7565 7305 3 74
4846 7308 1 23
9920 7395 3 22
4615 7384 1 24
3826 7374 2 88
144 7343 2 86
3333 7325 1 71
7285 7320 1 48
8741 7356 2 62
5012 7307 1 22
3874 7329 1 2
1117 7359 1 32
4615 7384 3 79
144 7343 1 72
7919 7346 2 54
2326 7322 2 98
4670 7386 3 93
3625 7393 1 41
3631 7370 2 75
6852 7391 3 28
6852 7391 1 9
670 7394 1 70
7358 7302 1 100
7566 7363 2 40
2740 7332 2 53
9309 7390 2 9
3939 7362 1 92
3293 7399 3 47
8495 7378 2 73
9998 7353 1 0
4670 7386 1 7
7095 7375 1 18
6507 7352 1 63
3822 7380 2 64
6324 7367 3 14
5097 7312 2 41
6040 7326 3 26
2326 7322 3 80
1458 7316 2 54
3732 7371 1 34
287 7396 3 72
5388 7306 2 68
5563 7360 2 79
4888 7382 3 38
3631 7370 3 12
1994 7328 2 20
6507 7352 2 14
6807 7398 1 47
4325 7321 3 44
6026 7335 1 68
2818 7365 3 47
1798 7377 2 7
1549 7372 1 42
3610 7385 3 99
2316 7339 3 33
1362 7324 3 6
4607 7361 1 9
6026 7335 3 54
7455 7313 1 30
7115 7358 2 78
3826 7374 3 21
1994 7328 1 11
8170 7336 3 90
1458 7316 1 37
5033 7309 2 22
2818 7365 2 36
5141 7373 1 76
4615 7384 2 4
2928 7347 2 91
4325 7321 1 73
5033 7309 3 56
3625 7393 2 65
3735 7364 2 100
7565 7305 2 12
5497 7388 1 97
4888 7382 2 79
3333 7325 2 90
7066 7331 2 32
8495 7378 3 72
9309 7390 1 21
2316 7339 1 29
1798 7377 3 77
2897 7342 1 77
3259 7334 1 84
7455 7313 2 13
9920 7395 2 70
4436 7379 2 56
7058 7351 1 78
4364 7389 3 74
94 7310 1 16
2740 7332 3 33
7285 7320 2 30
1549 7372 3 66
3628 7355 3 52
7565 7305 1 10
287 7396 2 10
94 7310 2 43
4063 7381 3 35
3132 7392 3 99
909 7357 1 36
4191 7303 3 33
3625 7393 3 36
5033 7309 1 93
1549 7372 2 87
2132 7341 2 1
587 7376 1 47
2326 7322 1 15
6095 7337 3 89
8555 7368 2 63
2928 7347 3 65
8555 7368 3 27
3610 7385 2 42
4520 7383 3 46
2818 7365 1 76
7108 7304 1 1
7095 7375 3 53
3845 7354 3 86
5031 7348 3 97
4364 7389 2 7
3293 7399 1 92
5012 7307 3 21
8495 7378 1 90
7151 7317 3 94
3327 7350 2 30
4888 7382 1 90
5388 7306 1 88
4100 7340 1 41
9998 7353 2 68
4993 7315 2 21
3845 7354 2 46
4309 7397 1 53
8170 7336 1 70
7108 7304 3 57
144 7343 3 73
2817 7344 3 97
7151 7317 2 24
5031 7348 1 56
5141 7373 2 23
1117 7359 2 6
7026 7349 2 17
4993 7315 3 53
8765 7318 2 48
1117 7359 3 2
3132 7392 1 13
3226 7338 2 84
3333 7325 3 57
4099 7369 2 15
6507 7352 3 11
5012 7307 2 8
8975 7400 1 63
7358 7302 2 87
3578 7366 1 0
7285 7320 3 27
4309 7397 3 20
4100 7340 3 50
4520 7383 1 23
6095 7337 1 5
1362 7324 1 29
3826 7374 1 64
2316 7339 2 46
458 7301 1 97
4607 7361 2 91
6095 7337 2 25
5141 7373 3 92
587 7376 3 23
3226 7338 1 71
94 7310 3 52
5097 7312 1 43
4520 7383 2 90
9920 7395 1 21
3327 7350 3 77
2580 7498 2 67
180 7445 2 99
5731 7433 2 89
5802 7497 3 48
3852 7493 3 15
795 7406 3 47
3271 7467 2 20
8013 7486 2 10
5588 7420 2 33
138 7441 2 39
9048 7451 3 14
3156 7409 3 76
1176 7488 2 82
5306 7435 2 26
279 7417 1 60
5884 7462 1 52
6904 7496 2 40
5281 7415 3 57
3956 7461 1 99
9462 7407 1 48
5731 7433 3 70
928 7476 2 98
4585 7426 1 1
2121 7473 3 52
5611 7416 2 83
1525 7405 3 31
9048 7451 2 69
41 7485 1 82
6700 7500 3 63
494 7484 1 94
1159 7492 2 57
5611 7416 1 5
7059 7418 3 54
1351 7477 2 48
3115 7434 1 1
3347 7430 2 31
253 7452 2 51
8169 7463 1 28
690 7480 1 31
6020 7423 2 32
3895 7442 1 86
9237 7449 1 12
3895 7442 2 80
4774 7432 1 16
4418 7489 3 16
435 7436 3 7
7036 7437 2 32
1675 7428 1 1
5281 7415 2 3
8611 7453 3 52
9473 7454 3 55
7771 7479 3 12
4348 7450 1 58
6700 7500 2 41
6700 7500 1 58
7648 7410 2 58
2809 7440 1 10
2383 7412 1 75
9691 7472 1 87
1681 7487 2 41
6606 7478 1 9
8368 7419 3 34
9473 7454 2 7
1547 7424 1 18
7105 7457 3 1
8476 7422 2 27
2809 7470 3 68
5264 7482 2 44
435 7436 2 16
690 7480 3 30
4070 7401 1 93
9523 7443 2 78
138 7441 1 22
3895 7442 3 37
5611 7416 3 36
4284 7425 1 80
3705 7481 2 61
1098 7464 2 50
2121 7473 2 82
4720 7447 1 73
2580 7498 1 88
9691 7472 3 18
928 7476 1 71
253 7452 1 63
8611 7453 1 77
5802 7497 1 59
5884 7462 3 73
986 7469 1 7
8448 7414 3 50
340 7499 2 64
7648 7410 1 77
2131 7404 3 95
5281 7415 1 66
8681 7459 2 24
5952 7456 3 91
6100 7471 1 53
928 7476 3 34
900 7431 3 91
1323 7490 3 37
2993 7494 2 32
9462 7407 3 54
5952 7456 1 91
5668 7466 3 0
4650 7460 1 39
1249 7491 3 15
2383 7412 2 20
7771 7479 1 1
8681 7459 3 25
6507 7474 3 65
8476 7422 3 25
690 7480 2 4
7059 7418 2 5
5306 7435 3 80
4774 7432 3 91
2809 7470 2 13
5378 7483 2 46
9602 7429 3 25
3956 7461 3 15
8013 7486 3 44
8476 7422 1 15
6020 7423 3 29
4070 7401 2 22
6154 7438 2 12
986 7469 2 79
4418 7489 1 26
6981 7448 1 5
5731 7433 1 4
4650 7460 3 26
5378 7483 3 26
9365 7468 1 28
7036 7437 1 56
1323 7490 2 92
663 7408 3 3
900 7431 1 22
4348 7450 3 100
6033 7458 1 65
343 7411 2 4
6904 7496 3 3
8448 7414 2 65
7105 7457 2 64
601 7465 2 92
2809 7470 1 91
6507 7474 1 71
4720 7447 3 27
6100 7471 2 0
494 7484 2 23
7036 7437 3 63
2919 7446 3 11
8169 7463 3 88
6981 7448 2 29
6033 7458 2 92
6154 7438 3 93
663 7408 1 63
961 7455 3 56
3115 7434 2 12
6154 7438 1 71
340 7499 1 45
3156 7409 1 23
4284 7425 3 51
8622 7413 3 11
5264 7482 3 44
9523 7443 1 25
281 7427 2 90
2383 7412 3 66
340 7499 3 27
5960 7421 2 96
1351 7477 1 6
3271 7467 1 66
9691 7472 2 71
4284 7425 2 82
5668 7466 2 86
1525 7405 1 30
2993 7494 1 53
138 7441 3 56
3156 7409 2 57
5952 7456 2 93
4342 7444 1 22
6020 7423 1 89
8368 7419 2 67
4207 7475 1 42
6507 7474 2 90
4207 7475 3 35
1681 7487 3 85
3347 7430 1 36
2121 7473 1 74
4342 7444 2 63
4720 7447 2 2
279 7417 3 94
9473 7454 1 88
8681 7459 1 69
435 7436 1 62
1176 7488 1 74
7108 7495 1 47
813 7439 3 50
9048 7451 1 89
8388 7402 2 52
281 7427 1 3
4342 7444 3 94
9462 7407 2 97
8169 7463 2 11
663 7408 2 84
986 7469 3 94
1681 7487 1 94
7506 7403 1 49
5960 7421 3 8
5884 7462 2 97
7108 7495 3 31
900 7431 2 73
4207 7475 2 31
180 7445 3 46
4774 7432 2 65
5802 7497 2 58
2131 7404 2 86
3852 7493 2 37
7648 7410 3 20
2809 7440 3 2
4585 7426 3 43
41 7485 3 27
4585 7426 2 32
5378 7483 1 33
1675 7428 3 46
8611 7453 2 18
961 7455 1 16
3347 7430 3 89
5264 7482 1 12
180 7445 1 25
9602 7429 2 44
2993 7494 3 59
1323 7490 1 76
3705 7481 1 60
1525 7405 2 35
7506 7403 3 23
7059 7418 1 57
813 7439 2 75
2919 7446 2 47
1249 7491 1 53
6904 7496 1 50
6981 7448 3 62
8622 7413 2 55
7771 7479 2 62
601 7465 1 32
5588 7420 3 32
3705 7481 3 50
8388 7402 1 59
6100 7471 3 9
961 7455 2 15
601 7465 3 62
6606 7478 2 98
7105 7457 1 41
494 7484 3 58
2809 7440 2 15
3852 7493 1 65
9237 7449 2 27
5668 7466 1 82
5960 7421 1 9
813 7439 1 48
41 7485 2 80
1176 7488 3 53
3956 7461 2 10
5306 7435 1 50
2131 7404 1 23
2919 7446 1 67
3115 7434 3 18
9365 7468 3 10
7506 7403 2 22
7108 7495 2 67
2580 7498 3 29
6033 7458 3 12
1547 7424 3 68
4650 7460 2 29
4348 7450 2 73
795 7406 1 63
253 7452 3 41
9602 7429 1 35
8622 7413 1 75
8013 7486 1 7
1547 7424 2 40
1675 7428 2 0
1159 7492 1 53
3271 7467 3 69
343 7411 1 74
343 7411 3 28
1159 7492 3 77
1098 7464 1 40
9365 7468 2 40
8368 7419 1 92
279 7417 2 76
9523 7443 3 39
1249 7491 2 67
8388 7402 3 97
4070 7401 3 26
795 7406 2 91
9237 7449 3 47
1098 7464 3 66
1351 7477 3 15
281 7427 3 86
4418 7489 2 64
6606 7478 3 46
8448 7414 1 1
5588 7420 1 50
2256 7565 3 3
3442 7541 1 59
1190 7595 3 42
1478 7522 3 63
1435 7579 1 62
49 7512 3 53
1510 7540 2 39
1050 7569 3 59
2568 7508 2 78
9233 7516 2 96
4482 7518 1 18
4810 7552 3 84
1622 7505 2 56
1915 7507 3 45
9726 7587 2 77
9726 7587 1 88
3740 7519 1 83
3219 7502 2 65
3740 7519 3 89
8817 7556 2 0
3795 7531 3 97
1478 7522 2 58
5542 7589 3 23
1863 7535 3 72
9726 7587 3 64
9428 7572 1 82
9026 7542 1 98
4535 7526 1 30
5569 7564 1 53
4128 7551 3 78
9136 7529 2 43
3371 7538 1 42
4810 7552 1 28
3442 7541 3 14
9806 7583 3 74
9715 7544 2 32
773 7585 3 54
7373 7593 2 84
4546 7511 3 95
1440 7504 1 56
1190 7595 1 32
3297 7539 1 9
3795 7531 1 53
6134 7571 2 54
2448 7582 1 8
9594 7525 2 28
3678 7580 2 13
8929 7510 3 46
5340 7534 2 2
7494 7543 1 0
1081 7501 1 67
3951 7596 3 6
9738 7581 2 4
6743 7553 1 7
6589 7577 2 97
9518 7562 2 41
6743 7553 3 23
9919 7559 1 61
9436 7590 1 84
396 7599 2 10
6589 7577 3 54
6266 7584 2 31
9806 7583 1 14
5340 7534 3 15
1510 7540 1 12
6584 7555 1 26
6584 7555 3 5
3795 7531 2 9
6134 7571 1 13
9022 7547 1 65
9428 7572 2 56
3297 7539 3 62
5605 7568 1 0
9553 7530 1 0
1510 7540 3 75
5605 7568 3 61
47 7533 1 11
2396 7586 1 87
5708 7517 1 92
9022 7547 2 25
5569 7564 2 37
2781 7527 1 88
2086 7594 3 72
3951 7596 2 48
8118 7563 1 91
4432 7558 1 73
1653 7600 1 93
2451 7578 2 31
9022 7547 3 23
9715 7544 1 4
396 7599 1 85
125 7588 2 69
8118 7563 2 69
4799 7521 3 13
1050 7569 1 10
8932 7597 3 87
6317 7561 2 58
1435 7579 3 92
9715 7544 3 4
6566 7592 2 88
8056 7520 1 88
1050 7569 2 0
773 7585 2 70
8817 7556 3 11
4546 7511 2 51
773 7585 1 82
4482 7518 3 22
6566 7592 3 32
5542 7589 1 45
2568 7508 1 13
7410 7598 1 16
9738 7581 3 28
1440 7504 2 34
3393 7574 3 40
49 7512 1 1
7672 7549 2 23
3450 7570 1 15
8817 7556 1 31
6266 7584 1 100
9553 7530 2 67
1895 7554 1 94
9026 7542 3 83
6589 7577 1 38
7494 7543 2 40
8526 7591 2 27
7717 7576 3 61
4203 7536 3 75
5684 7509 1 74
125 7588 3 51
4432 7558 3 48
9428 7572 3 12
3450 7570 2 18
4546 7511 1 43
5911 7567 2 35
9605 7503 2 37
3219 7502 3 100
5911 7567 3 36
9919 7559 2 34
5363 7557 2 29
1863 7535 1 84
3740 7519 2 53
1622 7505 3 72
7494 7543 3 42
5684 7509 3 71
4204 7560 2 40
4128 7551 2 51
3371 7538 2 52
9738 7581 1 93
5569 7564 3 50
8718 7514 1 81
5605 7568 2 17
4204 7560 1 96
2256 7565 2 93
9518 7562 1 74
2740 7546 3 86
4203 7536 2 22
7672 7549 3 85
1895 7554 2 37
2787 7550 2 38
9806 7583 2 29
7373 7593 3 90
4128 7551 1 95
2451 7578 3 23
9073 7513 3 10
7167 7575 3 59
8932 7597 1 83
5363 7557 1 20
2396 7586 2 67
4273 7532 1 98
3371 7538 3 99
7410 7598 3 56
9605 7503 3 0
5187 7523 1 56
9026 7542 2 5
2740 7546 1 44
3393 7574 1 91
4810 7552 2 60
4273 7532 3 57
7373 7593 1 72
49 7512 2 30
1190 7595 2 99
396 7599 3 42
9436 7590 2 60
1863 7535 2 70
6266 7584 3 9
6134 7571 3 96
8118 7563 3 20
3678 7580 3 2
4494 7566 3 62
7717 7576 2 3
2394 7515 2 61
4799 7521 1 28
4494 7566 2 92
6584 7555 2 42
5187 7523 3 79
2568 7508 3 12
5363 7557 3 63
5542 7589 2 54
9233 7516 3 50
1653 7600 3 73
8056 7520 2 12
6317 7561 3 75
4535 7526 3 86
3741 7524 3 85
9605 7503 1 24
3219 7502 1 89
3741 7524 2 46
9436 7590 3 91
2024 7545 3 22
1915 7507 1 37
7167 7575 1 46
9594 7525 1 96
9073 7513 2 16
1895 7554 3 10
2394 7515 1 80
3951 7596 1 7
1440 7504 3 88
1478 7522 1 100
9484 7548 2 11
9136 7529 3 71
7717 7576 1 50
1328 7537 2 70
5187 7523 2 62
1081 7501 2 3
9484 7548 3 8
5708 7517 2 54
1328 7537 1 74
2394 7515 3 84
7509 7506 1 49
125 7588 1 91
7695 7573 2 45
1653 7600 2 98
2256 7565 1 61
1915 7507 2 27
6743 7553 2 66
4494 7566 1 56
9553 7530 3 27
8056 7520 3 41
5708 7517 3 32
4203 7536 1 35
8929 7510 2 2
5220 7528 3 64
5911 7567 1 55
6317 7561 1 9
5220 7528 1 52
2451 7578 1 96
2448 7582 2 68
3442 7541 2 55
7167 7575 2 87
2396 7586 3 17
7509 7506 2 67
4799 7521 2 35
2781 7527 2 11
9594 7525 3 44
7672 7549 1 60
2781 7527 3 66
8526 7591 3 65
2024 7545 2 69
9919 7559 3 65
47 7533 2 18
7695 7573 1 82
2787 7550 1 11
9073 7513 1 11
8932 7597 2 52
2448 7582 3 92
8718 7514 2 20
3741 7524 1 50
47 7533 3 24
2787 7550 3 63
3678 7580 1 39
2024 7545 1 6
1622 7505 1 80
2086 7594 1 11
3450 7570 3 23
2740 7546 2 12
6566 7592 1 51
4432 7558 2 53
9233 7516 1 10
8718 7514 3 97
9484 7548 1 52
8526 7591 1 8
1081 7501 3 51
7410 7598 2 77
3393 7574 2 16
4204 7560 3 83
4482 7518 2 83
5340 7534 1 26
9136 7529 1 36
4273 7532 2 63
4535 7526 2 53
7695 7573 3 68
5220 7528 2 16
5684 7509 2 37
3297 7539 2 22
1328 7537 3 16
9518 7562 3 80
8929 7510 1 6
2086 7594 2 50
1435 7579 2 80
7509 7506 3 93
2997 7685 3 32
3362 7683 1 55
2531 7691 2 80
2159 7602 1 38
6390 7648 1 40
3669 7629 3 62
3702 7693 1 8
1196 7603 3 27
2652 7638 3 35
9944 7609 1 78
3008 7659 2 0
6488 7628 1 89
9338 7670 1 43
3008 7659 3 58
4356 7677 1 81
921 7660 1 7
1002 7646 3 68
4500 7601 1 31
9997 7604 2 64
6448 7647 2 22
3226 7687 1 79
6662 7673 2 53
3109 7700 1 12
4422 7637 2 44
921 7660 2 26
9706 7635 2 85
2049 7676 2 67
925 7674 3 7
2931 7649 1 66
3278 7618 3 38
3975 7667 2 85
8636 7679 1 18
2771 7611 3 64
7774 7680 3 65
3278 7618 2 26
3278 7618 1 96
2652 7638 2 20
8345 7642 2 67
3177 7617 2 46
3807 7675 2 61
6196 7644 2 9
4217 7614 2 43
7739 7662 1 28
6629 7624 1 57
4362 7652 3 91
5651 7688 1 42
9609 7610 2 59
2743 7653 1 57
3669 7629 1 17
9082 7607 3 44
6902 7612 1 9
7221 7684 3 36
1095 7615 1 75
6448 7647 3 31
1482 7640 3 57
2113 7605 2 69
6339 7656 1 69
6246 7664 3 77
7163 7654 1 14
7595 7634 1 69
4356 7677 2 50
5651 7688 2 25
6662 7673 1 75
6390 7648 3 73
9216 7606 3 81
284 7697 1 44
1460 7627 3 4
2118 7686 2 4
9944 7609 2 6
5813 7658 2 11
9452 7669 3 45
9082 7607 2 69
6629 7624 3 69
4192 7626 3 13
1196 7603 1 5
2997 7685 1 72
284 7697 3 10
6877 7698 3 89
6339 7656 2 84
5330 7695 2 25
1698 7645 2 14
5813 7658 1 99
8345 7642 3 8
1986 7625 1 88
2118 7686 3 94
7955 7650 3 82
5813 7658 3 12
3975 7667 1 74
6939 7661 3 73
3975 7667 3 79
7437 7666 1 9
8102 7620 2 75
3168 7689 1 31
7828 7622 1 88
4217 7614 1 78
2771 7611 2 55
9609 7610 1 35
921 7660 3 3
9452 7669 1 16
2771 7611 1 83
7221 7684 1 1
3177 7617 3 11
7739 7662 2 98
2113 7605 1 52
1986 7625 2 30
6246 7664 2 84
9425 7633 3 76
4621 7690 3 90
9216 7606 1 47
7828 7622 3 1
1558 7696 3 66
4610 7663 2 66
4362 7652 2 0
1698 7645 3 49
3807 7675 1 9
3362 7683 3 51
2113 7605 3 82
2699 7616 1 41
6395 7630 2 55
9216 7606 2 34
1632 7636 2 23
4621 7690 1 86
4500 7601 2 23
6404 7639 1 95
8046 7623 2 77
9338 7670 3 46
2071 7631 1 62
4356 7677 3 2
9338 7670 2 12
8102 7620 1 42
4621 7690 2 0
6586 7694 3 50
1698 7645 1 60
5330 7695 1 79
6293 7671 3 5
7981 7613 1 96
9768 7699 3 19
8636 7679 3 92
7202 7643 1 70
7774 7680 2 97
1144 7682 1 18
2931 7649 2 48
153 7672 2 46
2049 7676 3 2
8046 7623 3 47
6395 7630 1 68
3669 7629 2 63
9638 7668 2 40
5330 7695 3 30
1460 7627 2 7
7955 7650 2 57
6629 7624 2 33
1632 7636 3 76
1460 7627 1 22
6339 7656 3 61
7062 7641 3 53
3702 7693 2 55
1986 7625 3 30
1144 7682 2 2
7595 7634 2 47
6293 7671 2 55
7202 7643 3 16
2531 7691 3 24
8318 7619 2 49
8059 7621 2 54
2657 7665 3 16
8636 7679 2 84
8059 7621 3 96
1482 7640 2 100
4610 7663 3 62
4217 7614 3 77
7955 7650 1 58
6196 7644 1 42
6488 7628 3 45
2049 7676 1 97
3320 7692 3 51
2743 7653 2 38
9706 7635 3 27
3320 7692 2 14
9425 7633 1 25
8318 7619 1 91
8315 7678 1 52
7580 7608 3 8
2652 7638 1 38
5651 7688 3 81
6939 7661 1 89
2657 7665 2 25
2118 7686 1 42
153 7672 1 80
6586 7694 1 0
9638 7668 3 90
5859 7651 3 43
1095 7615 3 57
8872 7657 1 23
925 7674 1 41
7580 7608 2 94
7221 7684 2 42
1002 7646 2 50
3807 7675 3 53
6586 7694 2 52
3109 7700 2 68
7437 7666 2 12
284 7697 2 40
4422 7637 1 60
7580 7608 1 87
8102 7620 3 98
2699 7616 3 91
9768 7699 1 25
5941 7632 3 96
5859 7651 1 25
6293 7671 1 84
6404 7639 3 22
1632 7636 1 20
6395 7630 3 56
7739 7662 3 2
5941 7632 2 85
3168 7689 3 22
4362 7652 1 22
9452 7669 2 48
2159 7602 2 90
3226 7687 2 70
6196 7644 3 97
3008 7659 1 91
2906 7655 3 62
3168 7689 2 12
1196 7603 2 56
8059 7621 1 15
2743 7653 3 64
2699 7616 2 66
6390 7648 2 27
5859 7651 2 75
153 7672 3 45
2997 7685 2 10
3362 7683 2 100
7981 7613 2 73
6448 7647 1 93
9609 7610 3 3
7062 7641 2 23
2159 7602 3 77
9997 7604 1 50
2071 7631 2 8
1482 7640 1 40
4500 7601 3 16
1002 7646 1 8
8046 7623 1 38
6246 7664 1 10
4610 7663 1 68
8345 7642 1 11
1095 7615 2 2
7202 7643 2 43
6877 7698 2 94
7163 7654 2 41
1558 7696 1 92
7697 7681 2 74
6404 7639 2 41
6902 7612 3 16
8872 7657 3 91
2531 7691 1 14
6902 7612 2 14
6877 7698 1 2
7697 7681 3 90
4192 7626 2 92
7774 7680 1 55
7981 7613 3 49
4422 7637 3 10
8872 7657 2 73
3702 7693 3 65
5941 7632 1 85
8315 7678 2 53
6488 7628 2 41
3320 7692 1 39
7828 7622 2 39
9997 7604 3 65
6939 7661 2 49
2906 7655 2 95
7163 7654 3 69
925 7674 2 59
9425 7633 2 9
7595 7634 3 76
2657 7665 1 45
2931 7649 3 48
9768 7699 2 23
1144 7682 3 53
2906 7655 1 29
3226 7687 3 99
4192 7626 1 76
2071 7631 3 46
9944 7609 3 71
1558 7696 2 49
8318 7619 3 64
3177 7617 1 5
7062 7641 1 47
6662 7673 3 85
7697 7681 1 46
7437 7666 3 74
9638 7668 1 78
3109 7700 3 88
9706 7635 1 8
9082 7607 1 77
8315 7678 3 99
4957 7747 1 42
4114 7785 3 100
9434 7784 1 57
6372 7791 3 26
1701 7771 1 83
1836 7765 3 12
6568 7759 2 38
8188 7754 2 36
3654 7724 2 79
2511 7781 3 82
583 7709 2 36
4757 7780 1 53
803 7749 3 59
5015 7763 1 52
1867 7769 2 89
1024 7794 1 60
2360 7735 2 17
4707 7704 3 42
7672 7753 2 70
9589 7743 3 70
583 7709 1 10
8520 7799 1 34
1316 7721 2 98
6726 7790 1 0
9986 7718 3 58
3654 7724 3 83
7624 7761 1 72
1901 7800 2 39
1683 7742 1 10
5468 7795 1 1
2342 7773 1 35
500 7756 2 15
803 7749 1 15
1806 7788 1 92
6131 7764 1 33
3913 7770 1 77
2336 7740 1 58
6131 7764 3 98
2772 7707 3 10
9434 7784 3 6
5059 7796 2 88
6757 7728 1 74
442 7758 3 44
2342 7773 3 2
974 7737 2 58
6851 7748 2 85
442 7758 1 14
9531 7766 1 1
2728 7702 3 51
96 7708 1 52
9986 7718 1 61
4816 7783 2 94
5979 7793 1 91
923 7720 2 57
6865 7715 1 21
8449 7751 2 27
1836 7765 2 23
2342 7773 2 70
4957 7747 3 98
4365 7774 3 54
6568 7759 1 23
8330 7719 2 74
2336 7740 3 82
8006 7762 2 5
1762 7732 2 94
4957 7747 2 62
5169 7798 1 47
2483 7741 2 48
2728 7702 1 5
9172 7701 3 28
2772 7707 2 39
9422 7768 1 87
7672 7753 3 15
96 7708 3 47
2680 7760 3 22
6116 7789 1 20
2728 7702 2 83
5979 7793 3 66
5978 7726 2 67
1435 7705 1 24
7624 7761 3 31
8537 7733 3 39
307 7730 1 1
7550 7738 3 18
5266 7750 3 54
612 7703 1 41
4365 7774 1 70
8649 7745 1 95
7454 7725 1 43
8188 7754 1 6
1806 7788 3 27
6483 7752 3 40
1701 7771 2 78
5978 7726 1 16
1435 7705 2 20
4707 7704 1 41
7647 7739 1 76
8502 7716 2 85
8649 7745 3 56
5978 7726 3 54
6623 7772 2 61
2945 7727 3 38
8537 7733 1 50
612 7703 2 69
1435 7705 3 83
429 7744 1 95
7672 7753 1 42
429 7744 2 93
2676 7777 1 58
7624 7761 2 99
9986 7718 2 67
5279 7729 1 1
8330 7719 3 52
5979 7793 2 23
8140 7776 2 45
3506 7734 2 93
3913 7770 2 46
1024 7794 2 58
8140 7776 3 55
7647 7739 2 31
6726 7790 3 36
6131 7764 2 12
1762 7732 1 22
2945 7727 2 33
9172 7701 2 3
2680 7760 2 89
7387 7779 3 34
8520 7799 3 69
329 7736 2 33
1867 7769 3 6
7387 7779 2 33
1683 7742 3 65
923 7720 1 58
8330 7719 1 95
5741 7787 2 62
3506 7734 3 18
4365 7774 2 28
2990 7713 1 48
4114 7785 1 74
6927 7712 2 100
6726 7790 2 3
2483 7741 3 87
6036 7767 3 90
8947 7786 1 15
6372 7791 1 32
5169 7798 2 57
500 7756 3 47
5059 7796 3 82
8649 7745 2 70
6372 7791 2 71
6927 7712 1 75
6623 7772 3 69
1316 7721 3 48
8022 7711 1 20
4757 7780 2 88
2990 7713 2 79
4757 7780 3 47
442 7758 2 45
8947 7786 3 75
4816 7783 3 11
803 7749 2 78
2772 7707 1 86
5015 7763 2 33
6116 7789 2 6
3757 7755 3 34
8140 7776 1 0
974 7737 1 81
2999 7731 2 100
397 7710 1 14
6865 7715 2 92
2336 7740 2 65
3757 7755 1 62
429 7744 3 99
5169 7798 3 21
7387 7779 1 86
6757 7728 2 10
3654 7724 1 60
8188 7754 3 81
1901 7800 1 27
9531 7766 3 86
7550 7738 1 6
7184 7717 1 99
5613 7723 1 68
8449 7751 1 33
2360 7735 1 16
329 7736 1 64
9589 7743 2 43
2511 7781 1 86
6036 7767 2 38
1683 7742 2 45
8537 7733 2 72
5546 7757 1 99
1836 7765 1 27
5518 7778 3 7
2676 7777 3 39
3175 7782 3 56
2999 7731 3 39
7184 7717 2 31
6568 7759 3 5
1806 7788 2 27
6493 7714 2 33
7454 7725 3 8
5468 7795 3 94
8520 7799 2 66
394 7722 2 95
4816 7783 1 78
394 7722 3 3
9172 7701 1 77
1762 7732 3 1
1316 7721 1 33
96 7708 2 75
2576 7797 2 55
1867 7769 1 89
5279 7729 3 26
8006 7762 3 22
2990 7713 3 37
4181 7706 2 89
9434 7784 2 2
6623 7772 1 62
8502 7716 3 19
397 7710 3 89
2749 7792 1 39
5266 7750 2 69
6493 7714 3 21
3913 7770 3 23
9531 7766 2 22
2749 7792 3 11
9422 7768 2 74
7040 7775 1 92
8449 7751 3 53
2360 7735 3 5
3175 7782 2 89
4181 7706 1 71
3175 7782 1 94
5518 7778 1 64
6483 7752 1 33
5279 7729 2 95
6851 7748 1 48
923 7720 3 71
329 7736 3 60
4114 7785 2 50
2676 7777 2 77
2945 7727 1 63
1024 7794 3 58
8022 7711 2 43
1901 7800 3 29
5015 7763 3 58
6036 7767 1 26
5468 7795 2 96
3506 7734 1 82
5266 7750 1 9
583 7709 3 0
6483 7752 2 99
5613 7723 2 55
6116 7789 3 98
7040 7775 2 53
6851 7748 3 45
4753 7746 2 23
7550 7738 2 7
2576 7797 3 21
2483 7741 1 38
2999 7731 1 49
8022 7711 3 90
2680 7760 1 70
7184 7717 3 23
5546 7757 2 24
4753 7746 1 7
8947 7786 2 77
3757 7755 2 83
307 7730 2 74
9589 7743 1 81
7647 7739 3 21
6865 7715 3 50
500 7756 1 47
6493 7714 1 23
5613 7723 3 47
974 7737 3 32
8502 7716 1 18
1701 7771 3 67
5741 7787 1 100
9422 7768 3 3
5059 7796 1 57
4707 7704 2 25
2576 7797 1 34
6757 7728 3 88
5741 7787 3 27
5518 7778 2 97
7454 7725 2 33
2749 7792 2 61
7040 7775 3 30
4181 7706 3 56
307 7730 3 67
394 7722 1 62
6927 7712 3 18
4753 7746 3 74
8006 7762 1 38
5546 7757 3 95
397 7710 2 17
2511 7781 2 29
612 7703 3 82
2533 7876 3 2
6870 7874 2 38
2173 7848 1 65
9437 7881 2 92
7478 7879 1 77
5999 7895 1 44
7478 7879 3 40
2626 7849 3 82
8802 7824 1 32
3703 7851 2 94
3389 7844 3 52
5769 7885 2 74
2912 7825 1 65
4141 7898 3 73
1179 7870 2 95
2159 7833 3 86
1179 7870 1 29
8809 7804 1 74
2316 7812 3 55
8852 7835 2 21
5047 7882 2 43
2316 7812 2 26
7565 7841 3 92
197 7867 2 67
2356 7869 3 34
9451 7807 1 43
780 7859 1 9
2323 7888 1 0
7940 7810 1 17
9437 7881 1 90
5047 7882 3 20
2533 7876 2 13
485 7886 2 99
3783 7819 2 84
1373 7853 1 89
2229 7862 1 67
2056 7893 1 54
197 7867 3 87
4303 7838 2 51
6337 7880 1 51
2927 7866 2 31
4434 7875 1 37
5455 7834 3 58
1924 7840 2 29
2173 7848 3 34
6204 7803 1 70
2323 7888 3 35
2622 7822 3 57
9576 7832 3 66
2522 7808 2 49
2159 7833 1 94
9654 7852 2 92
9626 7843 1 90
2443 7858 3 84
2337 7839 1 39
6089 7873 2 40
8025 7883 2 14
8538 7891 1 84
9501 7837 3 39
4044 7817 1 78
2056 7893 2 93
8324 7897 2 28
1733 7892 3 76
6319 7861 3 74
4434 7875 3 36
2533 7876 1 13
8930 7889 3 61
7472 7828 2 56
7767 7884 2 9
1924 7840 3 32
1753 7842 1 33
3703 7851 1 48
187 7846 2 56
4141 7890 1 6
6319 7861 2 17
2626 7849 1 39
2442 7863 3 94
8809 7804 3 1
8787 7816 1 60
8852 7835 3 93
4303 7838 3 8
1148 7899 3 87
2027 7809 3 12
1753 7842 2 18
6112 7857 3 41
4464 7900 3 63
4464 7900 2 20
2204 7814 2 91
9576 7832 1 29
6455 7855 2 7
9437 7881 3 64
9451 7807 2 67
9094 7856 3 23
8852 7835 1 12
5999 7895 3 64
8221 7821 1 26
9094 7856 1 24
3220 7847 2 98
2622 7822 1 77
5122 7877 1 68
3173 7813 3 36
8221 7821 2 73
7939 7811 2 73
4946 7864 3 0
4464 7900 1 5
780 7859 2 87
3458 7802 3 99
2443 7858 1 79
9854 7887 2 54
8802 7824 3 68
4221 7854 2 22
5125 7830 3 80
4783 7896 1 1
9626 7843 2 80
4993 7806 1 74
252 7845 3 13
6455 7855 3 25
2626 7849 2 26
6319 7861 1 24
1924 7840 1 61
2316 7812 1 63
2835 7872 3 74
4141 7890 3 43
6337 7880 2 24
5973 7850 3 74
8324 7897 1 65
2229 7862 2 92
2356 7869 2 26
5455 7834 2 5
2835 7872 2 66
2323 7888 2 13
4506 7805 2 19
8025 7883 1 15
8994 7865 1 75
4993 7806 2 7
6922 7829 2 99
3389 7844 1 17
6112 7857 2 54
6231 7815 3 95
3220 7847 3 38
6357 7860 2 8
9654 7852 1 90
1733 7892 2 41
3783 7819 1 92
2356 7869 1 21
5122 7877 3 85
4781 7827 2 22
9654 7852 3 84
9451 7807 3 20
6922 7829 1 57
187 7846 3 50
2622 7822 2 8
1148 7899 1 59
780 7859 3 58
2835 7872 1 100
2442 7863 2 18
8366 7871 1 14
2056 7893 3 2
3458 7802 1 78
6357 7860 3 31
8152 7868 2 49
1373 7853 2 56
5828 7801 3 95
4141 7890 2 59
7922 7894 3 80
9501 7837 2 65
9576 7832 2 94
4783 7896 2 4
5783 7826 1 24
5783 7826 2 44
6231 7815 1 97
4221 7854 3 1
2801 7836 3 7
1733 7892 1 91
7767 7884 3 8
7472 7828 1 57
5125 7830 2 86
2027 7809 2 32
2337 7839 3 74
8025 7883 3 43
8930 7889 1 56
7565 7841 1 76
5769 7885 1 4
2159 7833 2 49
1753 7842 3 65
485 7886 3 62
6112 7857 1 27
3703 7851 3 77
4044 7817 3 83
8910 7831 3 33
8802 7824 2 84
8994 7865 2 82
2801 7836 2 70
6213 7823 3 61
7767 7884 1 77
5783 7826 3 88
7478 7879 2 93
8366 7871 2 85
5455 7834 1 97
8809 7804 2 93
5855 7820 1 84
2229 7862 3 96
5125 7830 1 48
5999 7895 2 37
4783 7896 3 83
2522 7808 1 92
7939 7811 3 63
4781 7827 3 28
2204 7814 1 92
6455 7855 1 91
2173 7848 2 14
6204 7803 3 31
2337 7839 2 81
6337 7880 3 53
7565 7841 2 89
4221 7854 1 98
1373 7853 3 17
8152 7868 3 23
6870 7874 1 42
6213 7823 1 82
252 7845 2 9
5973 7850 1 54
2927 7866 3 15
197 7867 1 47
7022 7818 3 52
4946 7864 2 88
5769 7885 3 6
2204 7814 3 98
7022 7818 1 21
5855 7820 2 13
4781 7827 1 100
7940 7810 2 96
3783 7819 3 86
7939 7811 1 99
7022 7818 2 0
2842 7878 2 16
2801 7836 1 14
3173 7813 2 57
2522 7808 3 64
5855 7820 3 65
6213 7823 2 73
7922 7894 2 71
7922 7894 1 46
8538 7891 2 34
4434 7875 2 56
6922 7829 3 90
7472 7828 3 9
9626 7843 3 2
2842 7878 1 59
8930 7889 2 96
2842 7878 3 62
6231 7815 2 98
1179 7870 3 53
4993 7806 3 44
5973 7850 2 32
2912 7825 3 88
3173 7813 1 99
6357 7860 1 77
8324 7897 3 56
5047 7882 1 94
8910 7831 2 28
9094 7856 2 63
8221 7821 3 73
4141 7898 1 88
2927 7866 1 94
6089 7873 1 97
8152 7868 1 32
3220 7847 1 26
252 7845 1 46
4946 7864 1 4
2442 7863 1 33
5828 7801 1 45
9854 7887 1 11
2027 7809 1 49
4506 7805 1 37
4141 7898 2 33
5122 7877 2 37
4303 7838 1 25
2912 7825 2 20
8994 7865 3 46
6204 7803 2 87
3458 7802 2 52
187 7846 1 22
485 7886 1 11
4044 7817 2 30
7940 7810 3 22
9501 7837 1 3
6870 7874 3 34
8787 7816 3 12
9854 7887 3 33
5828 7801 2 1
3389 7844 2 53
8787 7816 2 99
8538 7891 3 19
1148 7899 2 68
8366 7871 3 78
4506 7805 3 69
6089 7873 3 37
2443 7858 2 3
8910 7831 1 95
9623 7935 3 91
4259 7990 2 73
8506 7919 1 4
3541 7969 3 18
8016 7926 1 49
6146 7914 3 15
2756 7977 3 34
2052 7936 3 69
8069 7932 1 56
1203 7979 3 37
1220 7970 3 1
1864 7930 3 11
1814 7964 1 48
5947 7971 3 93
3653 7927 3 74
5902 7944 3 9
1308 7934 3 82
1199 7903 3 76
1199 7903 1 44
5172 7994 3 30
6582 7942 2 12
4161 7911 2 85
1006 7917 1 51
889 7921 3 86
5172 7994 1 23
7140 7949 2 6
7723 7980 1 18
2271 7978 3 62
4957 7947 3 69
1004 7909 2 76
4228 7918 2 75
2530 7960 1 30
2271 7978 1 63
1613 7923 1 1
4598 7901 1 12
2271 7978 2 0
3020 7907 1 63
4827 7959 2 49
8016 7926 3 78
4805 7991 1 25
9507 7940 2 37
5289 7939 1 98
5941 7955 2 97
8856 7912 3 40
6496 7986 2 58
574 7965 3 67
4984 7996 1 1
5289 7939 3 45
5448 7924 1 53
5203 7982 1 44
1203 7979 1 1
4034 7943 3 78
2776 7989 2 76
1962 7966 3 3
7463 7973 2 5
5150 7948 3 96
3988 7929 1 80
5902 7944 1 32
2582 7937 2 42
922 7956 3 75
2776 7989 1 23
4598 7901 2 47
7128 7988 3 13
4752 7984 2 72
8370 7904 3 23
7723 7980 3 13
3406 7962 2 27
2102 7972 3 58
1544 7999 1 67
6980 7975 2 53
1220 7970 1 51
4310 7997 2 4
9623 7935 1 49
8854 7987 2 62
6146 7914 2 82
8370 7904 1 50
4984 7996 2 67
7463 7973 3 78
1943 7931 2 67
5941 7955 3 80
2528 7967 3 94
889 7921 1 92
7287 7915 2 51
4228 7918 1 22
3344 7983 3 32
6980 7975 3 81
8854 7987 3 90
4752 7984 3 77
3497 7906 1 4
1831 7998 3 85
9298 7968 3 41
7463 7973 1 19
5941 7955 1 82
2645 7938 3 89
8473 7946 3 3
5448 7924 3 40
5947 7971 1 54
9896 7954 1 58
5608 7985 3 14
6956 7916 3 7
2908 7951 1 6
2826 7913 1 79
2052 7936 1 18
9298 7968 2 9
3879 7945 3 66
9589 7976 2 30
1308 7934 2 32
6561 7993 2 55
1958 8000 2 52
4957 7947 2 70
1864 7930 2 14
6519 7933 3 29
2016 7920 3 7
1544 7999 3 28
4161 7911 3 74
2756 7977 2 61
4957 7947 1 80
1962 7966 2 98
1335 7910 1 11
6582 7942 3 94
5888 7963 1 90
2016 7920 1 77
5888 7963 3 21
4878 7941 3 7
5987 7992 3 72
1203 7979 2 58
5203 7982 2 68
2052 7936 2 21
4161 7911 1 54
7287 7915 3 93
6075 7974 2 65
9507 7940 3 36
6561 7993 1 59
2528 7967 2 46
2528 7967 1 73
5150 7948 2 43
3932 7922 3 86
435 7908 3 55
2582 7937 1 67
7455 7905 3 40
3541 7969 1 36
4827 7959 1 21
5987 7992 1 7
7455 7905 2 78
4724 7981 2 36
6561 7993 3 54
3932 7922 1 90
2398 7928 3 43
8856 7912 2 38
7140 7949 1 71
8069 7932 2 48
574 7965 2 65
6075 7974 1 19
711 7925 1 38
2530 7960 2 47
1335 7910 3 15
6496 7986 1 43
5838 7953 2 74
8177 7902 1 1
922 7956 1 70
6146 7914 1 20
1831 7998 1 68
7128 7988 1 90
3653 7927 2 66
3988 7929 2 95
5670 7958 1 13
1943 7931 1 65
8177 7902 3 36
6956 7916 2 12
2102 7972 1 83
5608 7985 1 82
2016 7920 2 39
2776 7989 3 96
2826 7913 2 72
574 7965 1 5
1814 7964 2 88
5838 7953 3 14
6519 7933 2 22
5838 7953 1 14
2102 7972 2 46
3988 7929 3 57
8177 7902 2 45
8506 7919 2 94
3020 7907 2 14
1613 7923 2 68
4752 7984 1 17
9589 7976 1 62
3497 7906 2 68
2908 7951 2 34
6496 7986 3 92
8069 7932 3 45
4710 7950 3 81
2826 7913 3 43
8506 7919 3 82
3406 7962 3 39
4984 7996 3 38
8042 7957 2 0
3406 7962 1 27
2582 7937 3 99
1864 7930 1 83
435 7908 2 10
2908 7951 3 65
4878 7941 1 58
4228 7918 3 16
6956 7916 1 48
9623 7935 2 76
5670 7958 3 71
5448 7924 2 27
9966 7995 3 27
3729 7952 1 90
7455 7905 1 40
1199 7903 2 69
4310 7997 3 27
9966 7995 2 66
3344 7983 2 60
8854 7987 1 85
889 7921 2 15
4310 7997 1 90
8016 7926 2 8
5888 7963 2 86
9298 7968 1 99
3541 7969 2 6
6075 7974 3 66
1814 7964 3 61
2398 7928 2 39
4805 7991 2 3
711 7925 2 2
1006 7917 2 71
7287 7915 1 77
6582 7942 1 70
5150 7948 1 95
5203 7982 3 39
4724 7981 3 56
5608 7985 2 33
3729 7952 3 87
2530 7960 3 70
3344 7983 1 34
8042 7957 3 48
2756 7977 1 90
4710 7950 2 43
3653 7927 1 79
8370 7904 2 97
8473 7946 1 87
8473 7946 2 66
3879 7945 2 53
2645 7938 2 0
3729 7952 2 25
2198 7961 2 58
1308 7934 1 44
922 7956 2 79
1544 7999 2 34
1006 7917 3 29
2198 7961 1 46
1004 7909 1 47
435 7908 1 76
1004 7909 3 55
1943 7931 3 38
1831 7998 2 25
5947 7971 2 26
7128 7988 2 30
5289 7939 2 85
5670 7958 2 61
1958 8000 3 93
4827 7959 3 10
2398 7928 1 3
2198 7961 3 74
8856 7912 1 15
4724 7981 1 31
6519 7933 1 89
3497 7906 3 16
1335 7910 2 9
5987 7992 2 9
9589 7976 3 99
4598 7901 3 59
2645 7938 1 14
3879 7945 1 28
711 7925 3 26
8042 7957 1 36
4710 7950 1 22
3020 7907 3 22
9966 7995 1 25
3932 7922 2 3
5172 7994 2 94
4034 7943 2 64
9507 7940 1 25
4034 7943 1 53
4259 7990 3 64
7140 7949 3 79
1962 7966 1 87
1613 7923 3 49
6980 7975 1 90
4878 7941 2 87
7723 7980 2 35
4805 7991 3 91
4259 7990 1 51
1958 8000 1 96
9896 7954 2 56
9896 7954 3 25
5902 7944 2 83
1220 7970 2 7
8146 8025 1 79
2495 8058 2 15
2558 8056 1 24
2034 8011 1 93
7362 8054 2 42
651 8072 1 6
5087 8063 2 36
7362 8054 1 100
6585 8089 3 76
7541 8067 2 95
8638 8057 2 29
7176 8031 2 69
2926 8020 1 79
9230 8044 1 55
9856 8023 3 90
8720 8073 2 51
5430 8007 3 32
9496 8027 2 80
16 8088 2 87
59 8074 1 54
8638 8057 1 45
4787 8042 3 13
3311 8004 2 32
8191 8083 1 73
4892 8050 1 78
861 8046 3 41
2769 8012 2 94
6135 8033 3 49
1008 8068 2 20
7154 8016 3 78
5362 8006 2 23
16 8088 3 9
9230 8044 2 23
861 8046 1 4
4582 8014 3 67
8977 8043 3 15
8819 8055 1 62
8221 8069 1 37
4443 8013 3 83
8595 8087 1 43
9856 8023 1 6
9720 8024 2 39
4892 8050 3 71
5775 8065 3 99
6029 8070 1 68
5041 8045 1 2
2148 8060 3 31
4016 8096 3 92
9785 8021 3 83
675 8082 2 70
8614 8039 2 17
8928 8100 2 0
7154 8016 1 60
5087 8063 3 40
2789 8048 2 88
8595 8087 2 95
8638 8057 3 32
5714 8091 1 98
9785 8021 2 67
2657 8051 2 22
823 8076 1 20
6091 8038 1 83
4616 8032 1 68
7785 8062 1 42
8283 8005 3 9
5430 8007 1 86
4787 8042 1 46
5775 8065 1 1
9590 8094 1 21
18 8028 3 37
7997 8018 1 51
6091 8038 2 97
7839 8026 2 45
9669 8075 2 37
4668 8093 2 16
7011 8084 3 7
7541 8067 1 61
5041 8045 2 48
8241 8077 1 40
2847 8002 1 15
8209 8009 3 8
1476 8092 1 3
9496 8027 1 34
7707 8080 1 26
5430 8007 2 67
9669 8075 3 70
6780 8040 2 80
3060 8098 1 38
4616 8032 3 85
7541 8067 3 33
4441 8017 1 47
7707 8080 3 27
1242 8029 1 89
5041 8045 3 92
1927 8085 1 66
3311 8004 3 1
8977 8043 2 80
5185 8064 2 41
6505 8010 2 71
4582 8014 1 20
4668 8093 1 2
6653 8008 1 77
8819 8055 3 29
9879 8019 1 96
1927 8085 2 68
7997 8018 2 28
4828 8030 2 96
6585 8089 1 26
1008 8068 3 63
7574 8097 3 66
2558 8056 2 45
7176 8031 1 71
9810 8095 2 40
5931 8035 1 64
59 8074 3 80
6091 8038 3 20
7547 8003 3 78
7839 8026 3 79
6524 8079 3 23
823 8076 2 43
2657 8051 3 23
1476 8092 3 8
7471 8036 3 53
7574 8097 1 1
6135 8033 2 7
9590 8094 3 10
4059 8047 1 94
1242 8029 2 7
6222 8099 2 15
7362 8054 3 42
5185 8064 1 20
7574 8097 2 66
8819 8055 2 74
6824 8081 1 90
5185 8064 3 97
6222 8099 1 11
3681 8001 3 76
8921 8052 1 15
6524 8079 1 0
5117 8015 2 33
4892 8050 2 14
2495 8058 1 28
8595 8087 3 42
5931 8035 3 64
9590 8094 2 71
8283 8005 1 48
2789 8048 1 88
651 8072 3 36
6505 8010 1 6
6222 8099 3 55
4059 8047 2 7
1114 8090 1 100
5467 8041 1 68
9879 8019 3 60
3681 8001 2 71
6135 8033 1 34
8977 8043 1 29
598 8061 2 16
7011 8084 1 96
6029 8070 2 11
7785 8062 3 28
8720 8073 1 16
5714 8091 2 24
2034 8011 2 59
2148 8060 2 32
9720 8024 3 36
8221 8069 2 73
8209 8009 2 31
2769 8012 3 99
675 8082 3 18
16 8088 1 42
5676 8078 3 0
5362 8006 3 82
2926 8020 2 34
3263 8086 2 58
6524 8079 2 22
861 8046 2 52
7176 8031 3 92
2148 8060 1 76
3263 8086 1 94
9810 8095 3 40
2539 8049 2 9
3311 8004 1 14
7997 8018 3 60
7471 8036 1 94
59 8074 2 84
1114 8090 2 16
823 8076 3 43
8209 8009 1 73
4016 8096 2 58
8018 8071 2 72
4059 8047 3 91
6585 8089 2 69
5126 8037 3 74
8928 8100 1 0
651 8072 2 70
6070 8053 1 39
6442 8034 1 34
5676 8078 1 83
2847 8002 3 4
8776 8059 1 59
6442 8034 3 91
4443 8013 2 8
2539 8049 3 56
3060 8098 3 28
7011 8084 2 52
6780 8040 3 100
8921 8052 2 13
9856 8023 2 30
5117 8015 1 60
3263 8086 3 28
2789 8048 3 74
5117 8015 3 78
9496 8027 3 10
8191 8083 3 19
5467 8041 2 67
5676 8078 2 1
598 8061 3 91
9720 8024 1 80
6431 8022 1 13
7785 8062 2 79
2539 8049 1 34
2034 8011 3 26
8283 8005 2 30
6653 8008 3 74
8928 8100 3 28
8720 8073 3 29
6780 8040 1 50
5931 8035 2 17
4582 8014 2 95
8921 8052 3 4
5126 8037 2 49
4828 8030 3 80
4441 8017 3 47
4443 8013 1 1
8018 8071 3 51
675 8082 1 6
7547 8003 2 61
598 8061 1 100
5714 8091 3 1
8614 8039 3 63
7234 8066 2 73
7471 8036 2 86
6442 8034 2 41
6824 8081 3 38
6431 8022 3 12
4828 8030 1 73
1242 8029 3 81
9879 8019 2 32
8241 8077 2 42
8776 8059 2 41
7234 8066 1 12
18 8028 2 12
2495 8058 3 38
5775 8065 2 82
3681 8001 1 13
7154 8016 2 60
8191 8083 2 98
5087 8063 1 7
4787 8042 2 85
3060 8098 2 75
4441 8017 2 94
1476 8092 2 42
2558 8056 3 45
4016 8096 1 42
6029 8070 3 19
8146 8025 3 66
1008 8068 1 88
6824 8081 2 46
1927 8085 3 23
8241 8077 3 17
8614 8039 1 42
7547 8003 1 69
6653 8008 2 56
2769 8012 1 83
8018 8071 1 65
8221 8069 3 25
7839 8026 1 90
2657 8051 1 16
6431 8022 2 30
6070 8053 3 33
5362 8006 1 47
9785 8021 1 85
2926 8020 3 8
7707 8080 2 17
5126 8037 1 40
8776 8059 3 63
6070 8053 2 81
4668 8093 3 11
5467 8041 3 76
7234 8066 3 34
9230 8044 3 69
18 8028 1 91
6505 8010 3 4
2847 8002 2 35
9810 8095 1 58
1114 8090 3 9
4616 8032 2 78
8146 8025 2 38
9669 8075 1 62
3741 8200 3 76
1808 8107 3 100
4249 8136 3 17
6736 8182 3 1
574 8113 2 26
1158 8171 2 33
8809 8126 3 80
593 8141 1 6
348 8161 2 10
755 8151 2 9
4397 8125 2 85
7925 8191 3 14
7279 8101 3 63
3680 8119 2 79
7954 8156 1 9
9029 8132 3 35
358 8181 1 4
514 8121 1 28
1762 8172 1 38
7219 8117 3 99
7925 8191 2 47
996 8108 3 52
5427 8199 3 33
4903 8133 2 23
8421 8198 3 15
493 8194 2 72
2191 8175 3 42
7085 8196 1 30
3638 8197 3 64
454 8144 1 77
4785 8157 3 26
4976 8170 1 4
1762 8172 3 85
1484 8177 2 89
390 8163 1 43
7085 8196 2 74
6089 8146 3 9
5519 8106 1 43
375 8128 3 75
7219 8169 1 69
6116 8130 2 60
150 8164 2 64
9677 8112 1 58
3961 8149 1 90
1484 8177 3 18
1437 8104 3 51
7182 8111 3 3
8617 8118 1 8
755 8151 1 70
5729 8188 1 99
8883 8123 3 75
7085 8196 3 23
1617 8178 1 45
5519 8106 3 13
348 8161 3 21
4425 8139 3 14
8050 8185 2 70
5175 8148 1 32
7490 8186 1 7
3141 8122 2 28
1808 8107 1 62
1437 8104 2 78
5834 8115 2 29
5834 8115 1 35
7660 8137 1 27
1908 8168 1 64
4976 8170 3 17
6089 8146 2 46
5519 8106 2 89
8565 8140 1 56
5788 8120 3 26
9490 8114 2 38
2693 8187 3 24
1117 8131 1 99
1029 8158 1 3
9961 8110 2 88
4425 8139 1 55
9677 8112 3 43
4672 8193 1 73
4672 8193 3 90
2104 8105 3 17
163 8173 3 1
493 8194 3 60
2693 8187 2 20
9961 8110 3 30
1808 8107 2 84
493 8194 1 5
8565 8140 2 76
8587 8180 2 64
996 8108 2 67
4524 8143 2 84
9029 8132 1 70
4288 8190 1 11
9080 8138 2 27
1282 8192 3 93
609 8167 3 36
3638 8197 2 63
5788 8120 2 55
9597 8155 3 13
1029 8158 2 47
9186 8160 3 57
5729 8188 2 31
2104 8105 2 48
2693 8187 1 13
721 8152 2 57
7490 8186 3 78
8225 8127 2 96
8421 8198 1 53
9364 8179 1 86
4672 8193 2 80
1158 8171 1 86
609 8167 1 45
7490 8186 2 42
7954 8156 3 0
4903 8133 1 21
1117 8131 3 40
4903 8133 3 91
7182 8111 2 86
3532 8166 1 74
8050 8185 1 94
3680 8119 3 83
906 8134 1 70
8883 8123 2 38
1437 8104 1 35
3095 8184 1 78
7660 8137 3 91
3961 8149 3 38
1718 8153 1 63
514 8121 2 41
5821 8174 1 87
5821 8174 2 57
6789 8124 2 57
6089 8146 1 99
1617 8178 2 72
1718 8153 3 29
3171 8162 2 90
9677 8112 2 40
150 8164 1 67
593 8141 2 84
454 8144 2 34
454 8144 3 70
8587 8180 1 29
9597 8155 2 32
2824 8154 2 97
3532 8166 2 39
3680 8119 1 40
1617 8178 3 35
9961 8110 1 5
390 8163 2 88
574 8113 3 20
1484 8177 1 66
4785 8157 1 12
3141 8122 1 93
5152 8165 3 26
375 8128 1 92
9490 8114 1 19
3532 8166 3 50
2104 8105 1 47
4397 8125 3 95
8565 8140 3 20
5427 8199 1 43
8170 8150 3 93
810 8116 3 90
8421 8198 2 77
7279 8101 2 39
1718 8153 2 87
7219 8169 3 72
3961 8149 2 21
1029 8158 3 40
4426 8159 2 23
7219 8117 2 13
7907 8102 1 53
8170 8150 2 77
5152 8165 2 66
9186 8160 1 42
348 8161 1 4
1117 8131 2 80
4524 8143 3 9
574 8113 1 17
924 8135 1 69
7907 8102 3 12
7452 8109 2 19
7765 8176 3 13
721 8152 1 19
7452 8109 3 22
9382 8145 1 17
4438 8103 3 16
9080 8138 3 79
5834 8115 3 9
8225 8127 3 7
5729 8188 3 10
7907 8102 2 44
2824 8154 1 18
6736 8182 1 84
6736 8182 2 14
9672 8129 3 17
9364 8179 3 77
9597 8155 1 14
1282 8192 2 21
8170 8150 1 6
4438 8103 1 61
4426 8159 1 24
3171 8162 1 44
1155 8195 2 16
3171 8162 3 63
2260 8147 3 23
5318 8189 1 2
8587 8180 3 11
8886 8183 3 54
1155 8195 1 98
358 8181 3 87
8809 8126 2 29
8886 8183 1 93
1158 8171 3 48
7219 8117 1 92
4425 8139 2 99
7279 8101 1 18
7954 8156 2 14
4288 8190 2 56
8809 8126 1 30
3095 8184 3 25
3050 8142 3 49
390 8163 3 61
8617 8118 2 28
9382 8145 3 75
9672 8129 2 9
2260 8147 2 20
810 8116 1 64
6116 8130 1 77
4249 8136 1 33
906 8134 2 43
3141 8122 3 66
8886 8183 2 51
2260 8147 1 48
9672 8129 1 68
6789 8124 1 92
3095 8184 2 95
1282 8192 1 13
163 8173 2 3
4397 8125 1 85
5175 8148 3 17
2191 8175 1 31
9364 8179 2 28
5152 8165 1 59
609 8167 2 68
2191 8175 2 98
4785 8157 2 1
7765 8176 2 18
4438 8103 2 82
3050 8142 2 52
1908 8168 3 25
593 8141 3 53
906 8134 3 95
810 8116 2 10
163 8173 1 25
5318 8189 2 74
7219 8169 2 3
5788 8120 1 14
4288 8190 3 56
721 8152 3 27
4426 8159 3 12
9080 8138 1 63
5318 8189 3 26
924 8135 3 19
3741 8200 2 72
7660 8137 2 74
5821 8174 3 23
996 8108 1 24
375 8128 2 32
1908 8168 2 37
924 8135 2 29
150 8164 3 14
8225 8127 1 66
3741 8200 1 61
7765 8176 1 8
3638 8197 1 27
1762 8172 2 29
4976 8170 2 26
9382 8145 2 72
7925 8191 1 28
8617 8118 3 3
1155 8195 3 61
9029 8132 2 60
514 8121 3 89
7182 8111 1 24
8883 8123 1 87
2824 8154 3 1
5175 8148 2 63
4249 8136 2 31
6789 8124 3 82
5427 8199 2 63
9490 8114 3 32
6116 8130 3 23
8050 8185 3 66
7452 8109 1 96
4524 8143 1 19
3050 8142 1 5
9186 8160 2 32
358 8181 2 45
755 8151 3 64
6810 8209 2 39
2775 8277 2 14
6810 8209 3 62
928 8268 1 42
4162 8239 1 38
1043 8278 1 67
8276 8300 1 45
4775 8271 2 95
3927 8258 3 79
1174 8265 3 55
7542 8253 2 74
6611 8248 3 64
2111 8208 3 31
3141 8254 2 38
4869 8263 1 62
492 8269 3 2
5712 8243 3 100
4604 8275 1 77
1378 8267 1 22
4375 8272 1 75
1457 8222 1 48
4775 8271 3 93
1457 8222 3 96
131 8201 2 24
2349 8213 3 0
8962 8293 1 95
9331 8223 2 65
9331 8223 3 76
928 8268 3 3
326 8264 2 48
2307 8296 2 64
8978 8204 1 65
9331 8223 1 81
4869 8263 2 35
7367 8247 1 90
4736 8281 2 75
6816 8297 3 37
3428 8240 3 47
1944 8276 1 62
8072 8207 2 43
4710 8285 3 83
8391 8249 2 78
7928 8283 1 16
9922 8282 2 85
6865 8246 1 56
4076 8236 1 86
5142 8215 3 36
2376 8212 1 54
4775 8271 1 79
7178 8230 2 48
3141 8254 1 53
7367 8247 3 57
8590 8217 1 5
3201 8237 2 18
7266 8241 2 80
2609 8287 1 99
8338 8216 3 18
6259 8298 1 43
3229 8203 3 59
2111 8208 1 46
6861 8242 3 80
2066 8218 2 46
3498 8211 3 68
5716 8229 3 6
2639 8294 3 95
8591 8289 2 32
8641 8295 3 30
6861 8242 2 48
3927 8258 1 78
1378 8267 3 65
8978 8204 2 74
573 8227 1 89
8641 8295 1 25
8467 8250 3 61
8962 8293 2 91
8591 8289 3 62
4645 8228 2 93
4375 8272 2 81
2506 8224 3 92
4604 8275 2 44
2376 8212 3 42
7178 8230 3 43
2066 8218 3 54
4036 8286 1 31
8072 8207 1 63
4036 8286 3 78
4109 8255 2 71
2376 8212 2 21
4710 8285 2 72
1725 8235 2 76
6865 8246 3 27
5146 8259 1 82
860 8292 3 10
4864 8214 2 64
3511 8288 1 20
7019 8238 1 90
1910 8256 1 97
1910 8256 2 11
1586 8219 2 36
7542 8253 3 22
190 8251 1 27
3506 8261 2 67
6865 8246 2 7
492 8269 2 54
4869 8263 3 89
7729 8231 2 71
3655 8220 2 37
8105 8225 2 12
8962 8293 3 25
3511 8288 2 100
1944 8276 3 59
2775 8277 3 0
224 8221 1 66
5137 8279 2 10
5716 8229 1 28
2307 8296 3 67
6128 8206 1 60
6259 8298 2 38
3201 8237 3 40
5537 8244 3 88
8276 8300 2 8
4072 8274 1 39
3927 8258 2 69
3655 8220 1 38
5742 8245 2 20
7528 8273 2 42
2609 8287 3 84
6810 8209 1 86
492 8269 1 61
2066 8218 1 11
8726 8266 3 75
1910 8256 3 21
7266 8241 1 7
5137 8279 3 12
5169 8290 1 73
8726 8266 1 43
4076 8236 3 97
8590 8217 3 17
3498 8211 1 51
7368 8299 3 18
7105 8226 2 86
7367 8247 2 24
2349 8213 2 30
7878 8202 3 82
7019 8238 3 31
4645 8228 1 39
8105 8225 1 25
8391 8249 1 3
7878 8202 2 4
3229 8203 2 54
860 8292 1 88
5951 8284 2 90
1043 8278 3 61
5951 8284 3 81
6611 8248 1 7
1969 8232 1 31
2111 8208 2 17
2349 8213 1 9
5537 8244 1 96
8338 8216 1 61
7773 8280 3 6
7019 8238 2 47
4864 8214 3 81
4375 8272 3 37
2986 8234 1 69
3428 8240 1 99
1639 8205 3 63
7266 8241 3 43
860 8292 2 64
3201 8237 1 0
2609 8287 2 43
6128 8206 3 15
9922 8282 3 86
835 8210 2 46
5146 8259 3 97
2506 8224 2 89
3506 8261 1 8
135 8252 2 73
4736 8281 1 99
5716 8229 2 20
1969 8232 3 24
2986 8234 2 27
1639 8205 1 8
573 8227 2 16
8276 8300 3 56
4645 8228 3 50
2506 8224 1 58
7729 8231 1 100
2639 8294 1 1
7105 8226 1 43
4484 8260 3 96
2775 8277 1 95
5044 8233 1 21
8641 8295 2 94
5712 8243 1 29
4162 8239 2 47
835 8210 1 67
4109 8255 1 28
6816 8297 1 52
6861 8242 1 100
6338 8270 3 49
5169 8290 3 57
8678 8291 1 24
6259 8298 3 4
6338 8270 2 65
8072 8207 3 64
5537 8244 2 91
7542 8253 1 6
8591 8289 1 73
4072 8274 2 39
4109 8255 3 98
8391 8249 3 43
7729 8231 3 36
9922 8282 1 10
5146 8259 2 42
7878 8202 1 56
190 8251 2 42
4484 8260 2 53
3428 8240 2 57
1639 8205 2 85
4864 8214 1 65
3498 8211 2 72
3511 8288 3 36
5142 8215 1 75
4710 8285 1 10
1043 8278 2 2
2639 8294 2 42
3506 8261 3 89
8373 8257 3 76
396 8262 2 73
1586 8219 3 43
5742 8245 1 89
131 8201 3 18
6338 8270 1 40
1174 8265 1 14
135 8252 3 25
3141 8254 3 25
7773 8280 2 32
7928 8283 2 61
8678 8291 3 24
8726 8266 2 93
8373 8257 2 53
4604 8275 3 5
7528 8273 3 44
326 8264 3 60
1378 8267 2 1
4162 8239 3 61
8978 8204 3 10
4072 8274 3 22
5712 8243 2 34
4076 8236 2 62
8467 8250 2 52
5142 8215 2 47
326 8264 1 37
8373 8257 1 15
7105 8226 3 93
4736 8281 3 0
928 8268 2 1
3655 8220 3 68
5169 8290 2 14
5742 8245 3 6
396 8262 3 100
4484 8260 1 6
5137 8279 1 87
7368 8299 2 85
5044 8233 3 56
1969 8232 2 35
190 8251 3 72
8590 8217 2 97
5044 8233 2 27
7928 8283 3 49
5951 8284 1 13
135 8252 1 84
8678 8291 2 12
8338 8216 2 84
7773 8280 1 58
224 8221 2 56
835 8210 3 95
224 8221 3 52
6611 8248 2 96
1725 8235 1 18
1174 8265 2 11
6816 8297 2 15
131 8201 1 32
7178 8230 1 69
8105 8225 3 70
3229 8203 1 63
2986 8234 3 48
8467 8250 1 44
2307 8296 1 95
573 8227 3 38
7528 8273 1 57
1586 8219 1 83
7368 8299 1 96
6128 8206 2 24
4036 8286 2 50
396 8262 1 10
1725 8235 3 35
1457 8222 2 91
1944 8276 2 50
1831 8315 1 29
8784 8335 1 68
6940 8367 2 82
2871 8397 3 61
8700 8364 1 3
4931 8365 3 27
4094 8394 2 22
9053 8392 2 1
1596 8366 3 1
442 8352 3 69
6923 8353 1 39
749 8323 1 5
8863 8303 3 44
8696 8382 3 87
4806 8385 3 56
2621 8357 1 2
6632 8377 1 23
6223 8371 3 13
1742 8379 3 61
5522 8375 1 97
6650 8389 2 74
6725 8345 2 7
6923 8353 3 0
4463 8322 2 31
6258 8361 2 62
6843 8318 1 63
5962 8347 2 94
9322 8393 2 11
8786 8310 3 48
5522 8375 3 73
7899 8362 1 68
7859 8329 3 21
9579 8314 1 50
1887 8333 2 70
1831 8315 3 42
2669 8373 1 15
3311 8386 2 15
8536 8341 3 24
6725 8345 1 17
9990 8348 1 67
3477 8313 1 16
6725 8345 3 78
1678 8339 1 43
5149 8370 3 69
5634 8342 3 90
3150 8316 3 68
4600 8360 3 3
2483 8304 2 38
2390 8343 3 93
786 8359 2 38
918 8395 2 86
4883 8326 1 27
2286 8332 1 32
6788 8372 3 10
345 8307 2 62
4463 8322 3 73
9963 8312 2 79
8985 8380 2 19
8676 8334 2 43
1566 8338 3 36
5028 8330 2 9
9096 8390 1 84
5564 8340 1 58
2621 8357 2 63
4758 8396 2 62
2483 8304 1 61
4592 8383 3 78
9869 8324 2 43
5962 8347 1 85
8788 8356 1 0
5634 8342 2 72
1742 8379 1 60
6923 8353 2 26
4600 8360 2 7
3394 8320 1 76
8676 8334 1 69
8788 8356 3 66
8881 8317 2 6
6940 8367 3 74
365 8398 2 19
4931 8365 2 36
4758 8396 3 85
8747 8301 2 61
2894 8351 3 26
918 8395 3 72
5964 8349 2 57
4370 8358 3 57
1771 8355 3 72
2483 8304 3 57
2621 8357 3 29
9104 8391 2 80
1912 8369 2 94
8527 8368 2 95
4536 8363 2 98
1596 8366 1 78
8788 8356 2 74
8863 8303 1 65
345 8307 1 48
5299 8306 1 38
6399 8384 2 97
8473 8336 3 49
7956 8354 1 12
3150 8316 1 11
6716 8378 2 82
2390 8343 2 83
8881 8317 3 5
3238 8331 1 69
9990 8348 2 5
9096 8390 2 76
4536 8363 1 63
6632 8377 2 82
7956 8354 3 31
8228 8325 2 72
5589 8350 3 74
8881 8317 1 36
1552 8327 1 33
1912 8369 1 29
6650 8389 1 77
2894 8351 2 58
6258 8361 1 52
9869 8324 1 48
8784 8335 2 33
5399 8319 2 4
2467 8337 1 5
8536 8341 1 37
5299 8306 3 87
8985 8380 1 25
9579 8314 3 20
6716 8378 3 71
442 8352 2 38
8536 8341 2 56
9963 8312 3 63
3394 8320 3 90
5028 8330 3 83
708 8302 3 30
6650 8389 3 68
3477 8313 2 85
7027 8308 3 5
1524 8400 2 37
5932 8305 3 38
5399 8319 1 47
786 8359 3 73
6223 8371 2 36
8700 8364 2 28
6008 8374 2 67
7859 8329 2 6
8747 8301 1 0
3238 8331 2 14
2669 8373 2 79
4094 8394 1 46
4931 8365 1 74
8527 8368 1 93
8863 8303 2 8
7859 8329 1 18
1887 8333 1 70
9322 8393 3 48
9053 8392 1 44
8228 8325 3 85
3311 8386 3 49
6558 8376 1 16
4806 8385 1 8
5522 8375 2 56
4370 8358 1 67
9053 8392 3 30
5964 8349 1 70
5090 8381 3 2
918 8395 1 82
1566 8338 2 11
8700 8364 3 17
1912 8369 3 38
8228 8325 1 41
7662 8309 2 38
7956 8354 2 57
1678 8339 3 66
6981 8344 3 15
9104 8391 1 5
5733 8328 1 79
3311 8386 1 7
2871 8397 1 16
407 8311 2 16
5564 8340 2 31
6843 8318 3 28
8527 8368 3 39
749 8323 2 0
3394 8320 2 35
5564 8340 3 44
7899 8362 3 17
4883 8346 2 13
4592 8383 2 55
8473 8336 2 95
2871 8397 2 94
5149 8370 2 64
5964 8349 3 93
1742 8379 2 28
7662 8309 1 48
841 8321 1 18
6258 8361 3 47
8747 8301 3 85
9963 8312 1 66
1771 8355 1 42
1566 8338 1 58
6788 8372 2 63
407 8311 3 52
6716 8378 1 93
8786 8310 1 48
8473 8336 1 16
3262 8399 2 60
5733 8328 3 63
4758 8396 1 55
6558 8376 2 69
365 8398 1 100
345 8307 3 77
1887 8333 3 35
5028 8330 1 77
6223 8371 1 25
2894 8351 1 3
442 8352 1 38
2467 8337 2 4
6788 8372 1 68
6632 8377 3 86
5090 8381 1 6
5149 8370 1 71
841 8321 2 90
6507 8387 2 5
110 8388 1 46
4600 8360 1 67
7899 8362 2 80
3238 8331 3 68
708 8302 2 56
9990 8348 3 39
1524 8400 1 52
5589 8350 1 15
6008 8374 3 61
7027 8308 1 49
6940 8367 1 82
5399 8319 3 51
841 8321 3 41
1552 8327 2 96
6558 8376 3 95
708 8302 1 5
4806 8385 2 52
3262 8399 3 90
6507 8387 1 45
9104 8391 3 5
8696 8382 2 87
2669 8373 3 87
4883 8326 2 48
9322 8393 1 23
6399 8384 1 99
9579 8314 2 69
365 8398 3 16
9096 8390 3 84
749 8323 3 90
1678 8339 2 17
8676 8334 3 6
4370 8358 2 93
7662 8309 3 24
110 8388 3 31
8985 8380 3 61
5634 8342 1 30
6008 8374 1 79
2467 8337 3 0
8784 8335 3 74
2286 8332 2 63
4883 8326 3 52
5589 8350 2 85
1524 8400 3 88
5932 8305 1 1
110 8388 2 28
1771 8355 2 57
4883 8346 3 69
1552 8327 3 55
407 8311 1 68
6981 8344 1 51
1831 8315 2 53
6981 8344 2 46
5299 8306 2 96
5090 8381 2 39
7027 8308 2 1
2390 8343 1 63
5932 8305 2 76
4463 8322 1 3
9869 8324 3 65
4536 8363 3 34
3262 8399 1 74
3477 8313 3 28
4883 8346 1 65
8696 8382 1 51
4592 8383 1 62
6507 8387 3 25
3150 8316 2 9
1596 8366 2 47
2286 8332 3 76
5962 8347 3 75
8786 8310 2 72
5733 8328 2 66
786 8359 1 100
6399 8384 3 22
4094 8394 3 42
6843 8318 2 63
1160 8410 3 71
3550 8454 2 59
9121 8413 1 62
8973 8453 2 59
1795 8422 3 91
3236 8446 3 51
1795 8422 1 9
3858 8433 2 89
3637 8404 2 6
5803 8429 3 79
8445 8452 1 7
3892 8481 1 49
7830 8420 3 21
965 8414 2 20
9143 8492 1 17
5494 8438 3 22
6566 8496 1 39
9741 8491 3 9
896 8487 2 69
4318 8415 2 92
8764 8405 1 51
4966 8480 2 50
7579 8489 1 99
2631 8450 1 9
5834 8475 2 98
6732 8472 1 55
1015 8459 2 79
7474 8409 3 0
6850 8432 1 86
3813 8443 2 15
2756 8461 1 19
1217 8412 1 71
4966 8480 3 73
6436 8462 2 69
137 8423 1 60
604 8401 2 56
9270 8403 2 88
3295 8463 1 43
8764 8405 2 76
9121 8413 2 94
965 8414 1 8
7830 8420 1 76
5926 8426 1 80
896 8487 3 79
4624 8465 1 58
5756 8464 2 93
3627 8439 1 92
6436 8462 3 99
6249 8478 2 80
9852 8460 1 28
4624 8417 1 84
9143 8492 3 66
5981 8408 3 84
6850 8432 3 32
1709 8451 2 85
2631 8416 3 93
9157 8485 1 90
3555 8500 2 96
9729 8440 2 43
5803 8429 2 10
4042 8448 2 9
3813 8443 3 12
9741 8491 1 35
4984 8407 1 97
9729 8440 3 11
7245 8442 3 59
5981 8408 2 54
4480 8495 1 96
4718 8471 3 5
9999 8474 2 69
1015 8459 1 11
2227 8424 3 70
8715 8455 2 21
3892 8481 3 19
8040 8486 3 9
6647 8499 2 29
137 8423 2 9
9634 8473 3 54
3204 8419 3 79
3881 8427 2 91
8764 8405 3 26
6287 8441 1 60
5084 8418 1 34
4560 8456 1 100
6647 8499 1 64
6840 8479 3 69
1559 8434 1 38
5149 8488 3 33
965 8414 3 26
8715 8455 1 2
6735 8457 1 68
6473 8470 2 54
2404 8458 2 87
5494 8438 2 17
1559 8434 3 6
1709 8451 3 89
1795 8422 2 1
3637 8404 1 67
3236 8446 1 81
9741 8491 2 42
6287 8441 3 83
601 8425 2 7
7625 8437 2 8
7587 8490 2 25
3787 8466 2 69
3678 8435 1 27
5756 8464 1 89
9634 8473 2 54
8208 8483 1 75
1286 8476 1 47
7209 8447 3 44
1930 8421 2 20
2756 8461 3 96
4624 8417 3 30
4059 8467 3 12
3550 8454 1 88
8312 8498 3 37
7474 8409 2 10
5834 8475 3 28
5926 8426 2 93
8973 8453 1 13
6732 8472 2 31
6287 8441 2 89
8697 8493 2 44
6473 8470 1 99
4624 8417 2 77
604 8401 3 91
3892 8481 2 85
2227 8424 2 93
2404 8458 3 63
4718 8471 2 14
5981 8408 1 1
9856 8484 3 34
5026 8431 2 15
3627 8439 3 37
851 8482 1 7
9729 8440 1 98
6249 8478 3 87
9856 8484 1 79
4141 8477 1 74
7625 8437 1 75
6566 8496 3 20
4560 8456 3 18
186 8445 1 11
6732 8472 3 13
9270 8497 1 71
6486 8468 1 27
3894 8469 3 17
9600 8411 1 93
3678 8435 2 61
2631 8450 2 56
3627 8439 2 21
4059 8467 2 93
4624 8465 3 0
5926 8426 3 88
9852 8460 2 34
2404 8458 1 58
3894 8469 1 55
4984 8407 3 62
8106 8436 1 9
1160 8410 2 42
8208 8483 2 39
6647 8499 3 14
6486 8468 2 26
5667 8449 1 64
4318 8415 3 26
8697 8493 1 4
601 8425 3 27
4234 8402 2 60
5100 8494 3 100
7830 8420 2 39
5084 8418 2 75
5100 8494 1 64
9600 8411 3 47
9143 8492 2 93
2631 8450 3 28
4560 8456 2 39
4059 8467 1 33
3295 8463 3 32
3894 8469 2 47
5494 8438 1 72
4984 8407 2 88
7193 8444 3 60
7579 8489 2 11
3204 8419 2 25
6735 8457 3 71
9856 8484 2 48
1309 8430 2 55
3881 8427 3 88
5834 8475 1 38
4480 8495 2 87
1399 8428 3 86
3787 8466 1 49
4141 8477 2 73
6473 8470 3 15
2756 8461 2 93
1309 8430 3 29
9270 8403 3 51
8312 8498 2 91
851 8482 2 31
8208 8483 3 24
4966 8480 1 33
3204 8419 1 89
137 8423 3 4
5026 8431 1 16
3678 8435 3 95
1217 8412 3 95
5803 8429 1 27
8973 8453 3 48
5084 8418 3 63
8040 8486 2 14
601 8425 1 15
3555 8500 3 42
186 8445 2 83
9270 8497 3 38
1930 8421 1 91
6028 8406 1 42
8715 8455 3 24
604 8401 1 47
7587 8490 1 21
6028 8406 3 69
8445 8452 2 50
1309 8430 1 36
9157 8485 2 45
3813 8443 1 59
3858 8433 1 29
5667 8449 3 7
4480 8495 3 83
1399 8428 1 57
3858 8433 3 65
7209 8447 2 62
4624 8465 2 20
851 8482 3 23
8697 8493 3 25
1286 8476 2 28
186 8445 3 45
6486 8468 3 10
1286 8476 3 62
6735 8457 2 0
3555 8500 1 65
3881 8427 1 89
1559 8434 2 25
7193 8444 1 90
9999 8474 3 35
3637 8404 3 48
5149 8488 1 35
7474 8409 1 24
6850 8432 2 6
9600 8411 2 62
7587 8490 3 36
2631 8416 2 41
8040 8486 1 27
7245 8442 2 56
7245 8442 1 13
8106 8436 2 18
8312 8498 1 85
3550 8454 3 22
5667 8449 2 98
7579 8489 3 53
9270 8403 1 52
9157 8485 3 23
4141 8477 3 10
5026 8431 3 66
5100 8494 2 30
1015 8459 3 63
5149 8488 2 78
3787 8466 3 57
3295 8463 2 59
1709 8451 1 4
7625 8437 3 36
7193 8444 2 70
1217 8412 2 82
2631 8416 1 96
4042 8448 1 66
6840 8479 1 62
6249 8478 1 98
4042 8448 3 30
896 8487 1 90
6840 8479 2 47
9634 8473 1 36
4234 8402 3 57
5756 8464 3 96
2227 8424 1 0
7209 8447 1 49
9999 8474 1 46
4318 8415 1 69
9270 8497 2 86
1930 8421 3 95
1399 8428 2 30
8106 8436 3 76
4718 8471 1 94
8445 8452 3 47
4234 8402 1 77
1160 8410 1 63
6028 8406 2 25
3236 8446 2 100
6436 8462 1 29
6566 8496 2 63
9852 8460 3 91
9121 8413 3 89
6472 8532 3 18
5372 8502 3 56
5291 8595 3 52
8814 8508 3 26
1104 8577 2 49
5958 8522 2 13
5706 8592 3 45
9678 8515 1 63
8984 8507 2 67
5264 8565 1 59
7672 8510 2 84
3481 8549 2 12
6201 8533 2 48
1977 8518 2 92
9042 8600 1 37
375 8582 2 48
3719 8511 2 20
5279 8512 2 72
3804 8558 2 21
3507 8581 2 0
1104 8577 1 75
77 8541 2 91
8863 8528 2 39
2892 8569 3 61
8863 8528 3 70
6604 8546 1 68
6735 8583 1 32
5826 8591 1 28
8284 8523 2 86
3507 8581 1 99
2953 8527 2 68
3999 8572 3 22
2012 8539 2 93
8904 8580 3 65
2217 8540 3 63
9042 8600 3 86
6472 8532 2 15
1857 8566 3 35
9678 8515 2 25
1568 8593 3 41
5372 8502 2 29
2892 8569 2 24
9313 8570 2 75
2253 8538 2 59
5291 8595 1 5
425 8551 1 71
77 8541 3 21
8814 8508 2 81
5621 8543 3 13
6741 8542 1 95
8927 8571 2 40
116 8589 2 81
6862 8576 1 37
9910 8509 2 100
2217 8540 1 70
6201 8533 3 77
2953 8527 3 16
4049 8524 2 96
2617 8564 2 78
1765 8535 2 0
8904 8580 1 100
8944 8557 2 98
3249 8529 3 27
3719 8511 3 31
9313 8570 3 48
8625 8594 1 97
3073 8579 1 84
3782 8587 1 81
8690 8567 3 48
12 8573 3 28
4370 8578 2 75
5336 8575 1 82
5637 8574 1 19
5826 8591 3 20
5841 8555 2 82
6255 8504 2 21
4370 8578 3 36
1152 8520 2 97
1794 8599 2 86
3999 8572 1 62
1167 8554 3 52
9910 8509 3 47
3652 8506 3 46
4984 8560 3 23
3652 8506 2 29
4201 8534 1 66
3175 8568 2 14
3719 8511 1 23
6604 8546 3 38
3249 8529 2 31
1699 8550 1 64
6613 8531 2 42
1489 8586 2 40
3259 8536 3 53
1076 8505 1 14
1104 8577 3 43
5279 8512 1 60
4049 8524 3 32
7152 8525 1 29
1167 8554 2 41
5958 8522 3 74
2555 8596 1 84
2800 8598 3 77
6862 8576 3 95
5372 8502 1 82
8984 8507 3 64
5058 8501 3 94
5431 8514 1 57
116 8589 1 22
2398 8553 2 69
5424 8537 1 70
3249 8529 1 13
5637 8574 3 45
215 8597 1 84
1977 8518 3 44
2133 8521 3 86
6824 8503 3 18
5279 8512 3 37
1857 8566 2 73
216 8519 2 51
1152 8520 1 45
3849 8513 1 75
8927 8571 3 31
5424 8537 2 25
6862 8576 2 3
4201 8534 2 33
2253 8538 1 64
1152 8520 3 62
3259 8536 1 31
8904 8580 2 39
5336 8575 2 32
9042 8600 2 78
5369 8516 2 85
9910 8509 1 63
7672 8510 3 96
24 8588 3 57
8927 8571 1 16
3507 8581 3 67
3259 8536 2 64
425 8551 3 39
1489 8586 3 52
8863 8528 1 73
8625 8594 3 3
5637 8574 2 57
5058 8501 1 32
8690 8567 2 9
3482 8585 3 47
6735 8583 2 30
1857 8566 1 64
6969 8545 3 47
6472 8532 1 3
6735 8583 3 59
2255 8552 3 85
8984 8507 1 33
6613 8531 3 83
7152 8525 3 96
7672 8510 1 45
5431 8514 2 78
1699 8550 3 8
3804 8558 3 65
5706 8592 1 42
1699 8550 2 89
8944 8557 3 89
8811 8562 2 6
24 8588 2 71
6822 8547 3 98
2133 8521 2 27
5841 8555 1 74
3240 8559 3 86
1794 8599 3 1
2255 8552 2 13
4581 8530 2 52
215 8597 3 16
466 8556 3 89
2617 8564 1 68
8814 8508 1 32
3849 8513 2 78
4370 8578 1 75
3999 8572 2 29
6613 8531 1 60
3652 8506 1 49
5841 8555 3 56
5264 8565 2 70
4049 8524 1 73
3481 8549 1 10
12 8573 2 82
6255 8504 3 4
2133 8521 1 10
7396 8590 2 20
3762 8561 3 98
24 8588 1 74
1977 8518 1 55
6604 8546 2 44
466 8556 2 41
3175 8568 1 81
2253 8538 3 72
2800 8598 1 59
2012 8539 1 80
6822 8547 1 89
3833 8563 3 88
8250 8526 3 46
3240 8559 2 91
6824 8503 2 77
5291 8595 2 65
243 8548 3 69
5424 8537 3 74
1489 8586 1 76
4581 8530 3 64
2555 8596 3 11
375 8582 3 90
243 8548 1 51
4984 8560 1 4
1076 8505 2 3
1568 8593 2 77
6128 8517 2 53
2953 8527 1 29
5369 8516 1 39
8625 8594 2 30
9678 8515 3 0
2012 8539 3 48
1794 8599 1 5
1247 8544 3 78
116 8589 3 100
1247 8544 2 70
1568 8593 1 58
3782 8587 3 99
1167 8554 1 5
2892 8569 1 10
5264 8565 3 94
3175 8568 3 77
3482 8585 2 5
2217 8540 2 20
8250 8526 2 86
5958 8522 1 82
1247 8544 1 32
77 8541 1 26
8284 8523 3 10
8250 8526 1 6
7152 8525 2 92
8944 8557 1 98
3482 8585 1 52
5369 8516 3 19
3762 8561 2 60
2555 8596 2 99
3833 8563 2 74
466 8556 1 57
7608 8584 2 56
6969 8545 1 5
216 8519 3 39
6969 8545 2 99
6741 8542 3 38
7608 8584 1 32
5431 8514 3 84
2255 8552 1 3
4201 8534 3 45
5621 8543 1 13
4581 8530 1 1
3782 8587 2 16
3849 8513 3 19
3833 8563 1 40
6201 8533 1 17
2800 8598 2 10
3481 8549 3 62
1765 8535 1 89
1076 8505 3 61
7396 8590 3 69
2398 8553 1 8
7608 8584 3 34
6822 8547 2 78
3073 8579 2 0
8284 8523 1 9
4984 8560 2 100
12 8573 1 48
6128 8517 3 72
6128 8517 1 13
5706 8592 2 62
5621 8543 2 61
5058 8501 2 94
216 8519 1 65
215 8597 2 78
2398 8553 3 29
3240 8559 1 43
3804 8558 1 77
375 8582 1 81
6824 8503 1 21
8811 8562 1 17
7396 8590 1 29
9313 8570 1 75
3762 8561 1 41
5336 8575 3 65
243 8548 2 57
5826 8591 2 56
425 8551 2 35
6255 8504 1 84
8811 8562 3 35
2617 8564 3 62
6741 8542 2 51
8690 8567 1 32
3073 8579 3 27
1765 8535 3 59
3312 8681 2 86
1812 8604 3 30
9588 8686 1 85
6016 8683 3 30
2208 8607 2 62
7905 8672 1 33
6382 8649 1 22
4757 8662 1 30
2208 8607 3 38
3739 8638 3 65
1585 8646 1 9
3262 8605 1 32
1529 8651 1 35
4517 8696 3 84
8003 8602 3 76
986 8631 1 39
7580 8677 1 30
2370 8666 2 4
2396 8643 1 1
4168 8633 2 83
2571 8691 3 45
4517 8696 1 46
6142 8652 3 62
2396 8643 2 56
1529 8651 3 86
7071 8610 2 60
1812 8604 1 56
6247 8636 3 9
1066 8618 2 24
3003 8679 2 95
3480 8629 1 69
8071 8635 3 67
3650 8687 1 2
3650 8687 3 75
3262 8605 2 89
9550 8622 2 66
4502 8654 3 13
1959 8642 3 57
3143 8674 2 70
7308 8628 1 53
7739 8620 3 54
7071 8610 1 86
7659 8601 3 64
953 8624 2 57
4256 8650 1 89
9455 8658 2 81
7179 8682 1 86
4757 8662 2 73
3273 8698 3 69
7308 8628 3 99
5992 8663 3 43
9909 8609 2 67
7656 8627 3 19
3900 8615 2 62
7600 8670 2 31
953 8624 3 64
2366 8669 2 63
5184 8664 2 38
8003 8602 2 75
2258 8692 3 45
9172 8626 1 15
9309 8641 1 21
243 8632 3 95
6918 8606 1 18
8194 8659 2 7
9480 8648 3 66
5588 8668 1 27
1214 8637 3 5
953 8624 1 98
8627 8685 3 52
766 8680 3 83
9455 8658 1 70
841 8695 2 81
7739 8620 2 67
5406 8619 1 30
3273 8698 2 78
1469 8661 1 0
3900 8615 1 32
4517 8696 2 71
3058 8684 3 40
986 8631 2 27
5992 8663 1 84
7905 8672 2 98
6918 8606 2 17
9309 8641 3 88
6918 8606 3 49
2549 8675 2 4
6151 8676 3 12
9905 8694 1 11
6982 8673 1 34
9455 8658 3 61
9588 8686 3 17
1066 8618 3 23
7179 8682 3 89
7905 8672 3 74
3176 8644 1 12
3585 8697 3 46
3585 8697 1 83
2370 8666 1 77
4394 8690 3 49
3480 8629 3 35
3650 8687 2 93
5015 8655 2 47
8847 8630 1 2
7388 8614 1 3
6142 8652 2 32
6982 8673 3 48
4256 8650 2 92
1812 8604 2 92
7580 8677 3 45
936 8640 3 9
5184 8664 3 54
4256 8650 3 45
8637 8625 1 68
5943 8611 2 35
9935 8656 2 97
8338 8671 2 37
9588 8686 2 25
7308 8628 2 29
5992 8663 2 13
7656 8627 2 67
7656 8627 1 17
4988 8612 3 77
2549 8675 3 59
4757 8662 3 71
8497 8665 1 81
8194 8659 1 91
9201 8634 1 100
1214 8637 2 80
9073 8647 1 56
2258 8692 2 38
9520 8617 2 38
3176 8644 2 30
2528 8689 2 12
9201 8634 2 16
3739 8638 2 74
6247 8636 1 85
4168 8633 3 90
5943 8611 3 37
6142 8652 1 79
3312 8681 1 6
7189 8603 1 23
3415 8639 1 93
6568 8688 1 82
627 8613 1 63
9966 8653 3 47
6016 8683 1 5
9550 8622 3 71
4418 8608 1 46
988 8693 1 76
9935 8656 1 77
6382 8649 3 80
6151 8676 1 97
9073 8647 2 4
3058 8684 1 54
1959 8642 2 7
3900 8615 3 72
3616 8657 2 96
9550 8622 1 4
766 8680 1 77
8637 8625 3 10
986 8631 3 85
9480 8648 1 82
3616 8657 1 22
5588 8668 2 16
5406 8619 3 26
936 8640 1 66
4502 8654 2 44
8025 8660 2 75
2208 8607 1 100
3003 8679 3 83
7189 8603 3 34
1469 8661 3 97
8071 8635 1 81
4418 8608 2 51
627 8613 3 6
6399 8645 3 95
8071 8635 2 27
7388 8614 2 37
8025 8660 3 94
5184 8664 1 84
9669 8667 3 55
8338 8671 1 39
7052 8621 1 82
936 8640 2 83
8003 8602 1 11
8627 8685 1 9
1959 8642 1 37
3176 8644 3 14
3058 8684 2 17
7600 8670 3 53
8616 8678 2 58
8847 8630 2 72
841 8695 3 71
2571 8691 1 85
4502 8654 1 39
9172 8626 3 11
7179 8682 2 73
6950 8700 1 84
6950 8700 3 46
4394 8690 2 34
243 8632 2 58
966 8699 3 14
4394 8690 1 33
7659 8601 2 17
9935 8656 3 60
5015 8655 3 11
3415 8639 2 17
8847 8630 3 56
5406 8619 2 7
3273 8698 1 99
1585 8646 2 23
7894 8616 2 54
2528 8689 1 63
4988 8612 2 14
2366 8669 3 92
6982 8673 2 54
9669 8667 2 20
9909 8609 1 92
8616 8678 1 45
3262 8605 3 7
3312 8681 3 21
6382 8649 2 66
1469 8661 2 88
3143 8674 3 71
988 8693 3 41
9201 8634 3 60
7071 8610 3 84
8497 8665 3 68
6568 8688 3 49
988 8693 2 68
766 8680 2 50
9966 8653 2 88
3836 8623 1 37
2370 8666 3 75
3480 8629 2 48
3143 8674 1 50
4988 8612 1 62
2258 8692 1 22
9909 8609 3 75
3585 8697 2 41
7659 8601 1 10
5015 8655 1 96
6151 8676 2 65
6016 8683 2 16
9309 8641 2 40
841 8695 1 93
5943 8611 1 34
3739 8638 1 26
1529 8651 2 15
3415 8639 3 95
1214 8637 1 15
4418 8608 3 90
627 8613 2 42
2528 8689 3 80
8616 8678 3 80
2549 8675 1 64
8497 8665 2 80
9480 8648 2 14
2571 8691 2 75
8338 8671 3 55
1066 8618 1 95
7894 8616 3 36
8637 8625 2 33
6399 8645 1 34
2396 8643 3 30
6950 8700 2 23
8025 8660 1 83
6568 8688 2 66
7189 8603 2 73
7580 8677 2 24
4168 8633 1 15
9073 8647 3 34
3616 8657 3 40
8194 8659 3 88
6399 8645 2 21
9905 8694 3 67
243 8632 1 93
966 8699 2 45
7600 8670 1 38
5588 8668 3 6
9669 8667 1 8
7052 8621 2 18
7052 8621 3 73
7894 8616 1 99
7739 8620 1 12
7388 8614 3 43
6247 8636 2 92
2366 8669 1 93
3836 8623 2 75
9520 8617 1 44
9905 8694 2 31
9520 8617 3 73
3003 8679 1 36
8627 8685 2 38
9172 8626 2 52
9966 8653 1 9
3836 8623 3 35
966 8699 1 15
1585 8646 3 97
5334 8787 3 66
9633 8758 3 22
3888 8761 1 34
9841 8718 3 35
648 8706 3 66
6063 8738 3 75
1091 8731 2 79
8210 8719 1 98
1613 8728 3 80
2462 8790 2 34
2827 8769 1 2
9310 8722 2 18
5219 8744 2 46
9324 8772 3 95
2408 8730 2 64
6129 8766 1 0
2994 8752 3 59
2994 8752 2 50
9633 8758 1 69
73 8704 1 24
8528 8778 3 74
9441 8763 1 59
6196 8764 3 86
2006 8755 2 41
3524 8773 1 31
6036 8797 1 79
5463 8793 1 84
1953 8798 2 13
648 8706 2 79
1775 8708 1 32
9841 8718 2 9
5289 8724 1 47
5587 8786 1 14
6716 8775 3 26
258 8781 3 64
7273 8776 2 95
4229 8754 3 32
4982 8750 1 72
3642 8749 3 66
4507 8796 3 39
4982 8750 2 55
9240 8712 1 4
9633 8758 2 39
4479 8733 3 31
5463 8793 3 63
366 8760 1 35
4982 8750 3 100
2585 8757 3 85
5304 8740 2 32
73 8704 3 10
5219 8744 3 66
6196 8764 1 23
1404 8799 2 8
6478 8703 2 28
9404 8723 3 22
9240 8712 2 80
2454 8742 3 29
1775 8708 2 33
9841 8718 1 42
4372 8753 2 94
7789 8748 2 54
2195 8789 2 76
6910 8715 3 65
5037 8745 2 44
1592 8762 1 77
3358 8743 2 11
5334 8787 1 5
6063 8738 1 1
1592 8762 2 14
9441 8763 3 80
6619 8756 1 57
8673 8765 3 67
4137 8746 1 14
6063 8738 2 36
8355 8751 2 53
366 8760 3 28
8233 8780 3 63
9310 8722 1 59
4589 8729 3 95
5061 8794 2 44
3760 8717 3 53
1592 8762 3 85
5875 8714 2 57
7223 8737 3 97
6431 8795 3 65
4684 8771 3 80
258 8781 1 29
8673 8765 1 74
6619 8756 3 99
972 8736 1 14
5587 8786 2 22
8673 8765 2 93
6121 8770 3 99
3575 8791 3 50
1357 8767 3 100
258 8781 2 24
4348 8741 2 6
5289 8724 3 36
1613 8728 2 11
4609 8800 2 23
3888 8761 2 21
1404 8799 1 54
6478 8703 3 95
5334 8787 2 77
6910 8715 1 57
5587 8786 3 63
377 8747 1 32
4684 8771 2 82
7359 8779 3 37
9404 8723 1 40
890 8713 3 74
263 8774 1 27
4479 8733 2 85
4746 8707 3 4
808 8709 1 84
7439 8720 3 27
7273 8776 3 71
3575 8791 1 69
4137 8746 3 36
3760 8717 2 97
4609 8800 3 67
4589 8729 2 29
4878 8734 1 62
1853 8725 1 40
1853 8725 3 62
1638 8768 2 82
8528 8778 1 45
7318 8727 2 100
6196 8764 2 43
1691 8777 1 45
6668 8735 3 26
2857 8783 1 100
7440 8721 2 42
1170 8788 3 96
4878 8734 2 27
4372 8753 1 15
6619 8756 2 11
9324 8772 2 52
5830 8739 1 84
890 8713 2 77
2006 8755 3 52
9240 8712 3 95
4507 8796 2 33
7273 8776 1 77
3524 8773 3 9
5830 8739 2 20
6036 8797 3 79
7789 8748 3 21
5304 8740 3 9
4372 8753 3 59
9337 8726 2 20
8233 8780 2 17
3642 8749 1 39
4589 8729 1 70
890 8713 1 3
9324 8772 1 39
8355 8751 3 18
9399 8702 3 34
1091 8731 3 2
9399 8702 1 64
5463 8793 2 19
263 8774 2 4
6029 8732 2 79
7223 8737 1 43
1700 8782 1 72
7359 8779 2 39
7789 8748 1 75
2827 8769 2 99
5037 8745 1 96
6716 8775 1 73
9441 8763 2 76
8179 8701 3 63
8528 8778 2 8
9205 8784 2 15
1853 8725 2 78
7679 8710 3 60
8179 8701 1 19
7223 8737 2 62
1861 8705 2 55
5037 8745 3 9
2857 8783 2 80
808 8709 2 96
7359 8779 1 93
2994 8752 1 33
6036 8797 2 41
808 8709 3 59
3358 8743 3 96
2195 8789 3 6
4137 8746 2 73
5795 8711 3 81
6431 8795 2 47
3760 8717 1 2
9404 8723 2 57
8210 8719 3 0
2454 8742 1 93
1170 8788 2 1
6251 8716 3 69
2857 8783 3 38
9310 8722 3 2
8233 8780 1 0
972 8736 2 15
4746 8707 2 2
4609 8800 1 100
6808 8792 2 36
4348 8741 1 50
3888 8761 3 59
9337 8726 3 3
6121 8770 2 66
6808 8792 3 78
6716 8775 2 99
1700 8782 3 73
4458 8785 2 100
366 8760 2 97
2827 8769 3 27
5219 8744 1 33
4458 8785 1 83
1775 8708 3 98
6121 8770 1 16
5061 8794 1 53
972 8736 3 12
6710 8759 2 86
9205 8784 3 81
4479 8733 1 13
6808 8792 1 10
5875 8714 1 15
8179 8701 2 97
6431 8795 1 73
6129 8766 3 8
2462 8790 3 19
4348 8741 3 45
7440 8721 1 25
1691 8777 2 27
9399 8702 2 38
1091 8731 1 28
7318 8727 3 39
2585 8757 2 15
3642 8749 2 95
3575 8791 2 36
5289 8724 2 1
377 8747 2 21
5830 8739 3 9
7679 8710 2 40
4229 8754 2 69
1357 8767 1 94
7439 8720 2 100
6029 8732 1 53
2006 8755 1 27
1861 8705 1 59
1638 8768 1 34
1613 8728 1 55
4507 8796 1 11
5795 8711 2 6
2408 8730 1 71
5795 8711 1 73
1953 8798 1 85
7679 8710 1 47
1357 8767 2 87
377 8747 3 96
6710 8759 3 96
6478 8703 1 86
2195 8789 1 56
6029 8732 3 97
6668 8735 1 90
5061 8794 3 1
4684 8771 1 24
6251 8716 1 99
5304 8740 1 88
8210 8719 2 1
1404 8799 3 15
1691 8777 3 66
1170 8788 1 32
3358 8743 1 2
1953 8798 3 96
7318 8727 1 20
4458 8785 3 56
6668 8735 2 57
4229 8754 1 56
648 8706 1 84
6129 8766 2 49
7439 8720 1 9
9337 8726 1 69
6251 8716 2 48
6710 8759 1 82
73 8704 2 11
2454 8742 2 13
1638 8768 3 56
1700 8782 2 73
1861 8705 3 10
2462 8790 1 56
2585 8757 1 89
263 8774 3 49
8355 8751 1 52
4878 8734 3 93
4746 8707 1 23
6910 8715 2 69
7440 8721 3 98
3524 8773 2 51
5875 8714 3 6
2408 8730 3 68
9205 8784 1 100
5773 8819 2 47
7411 8824 1 16
4598 8846 3 20
2851 8899 2 92
238 8888 3 97
7162 8874 2 27
7998 8801 2 69
6438 8808 3 19
3659 8802 3 53
7835 8818 2 64
8892 8853 3 28
5368 8868 1 60
3455 8840 2 28
9261 8835 1 88
1939 8843 1 95
8866 8817 1 55
3584 8873 3 62
9883 8829 2 21
7961 8865 2 98
5428 8827 2 86
8866 8817 3 64
2333 8822 3 78
8892 8853 1 68
3350 8872 3 7
2309 8870 1 58
4276 8850 1 13
7269 8889 1 2
2861 8883 1 65
6824 8877 1 41
7182 8869 2 35
3538 8813 2 60
5268 8881 2 38
6212 8851 2 18
2851 8899 3 61
5625 8875 2 23
2677 8900 1 89
3910 8833 2 19
6230 8861 2 11
1203 8856 3 53
954 8867 1 84
663 8876 2 78
4915 8832 1 53
4016 8852 2 95
663 8876 1 98
9883 8829 3 42
3584 8873 1 81
2333 8822 2 34
805 8863 3 52
2939 8804 3 0
2011 8821 2 80
3659 8802 2 81
6812 8841 2 2
6970 8812 2 54
137 8845 1 13
4465 8894 3 72
2677 8900 2 99
2927 8893 1 51
2309 8870 2 16
118 8884 1 93
202 8805 3 11
5625 8875 1 98
9883 8829 1 15
5773 8819 1 26
5625 8875 3 86
6824 8877 3 83
2858 8879 3 27
3093 8882 2 62
2858 8879 2 8
4465 8894 2 34
5897 8834 3 79
2717 8814 3 55
8020 8823 2 44
6782 8831 2 77
5634 8820 3 34
3350 8872 1 8
4453 8803 3 4
8911 8871 3 76
2861 8883 3 47
577 8892 3 47
2593 8825 1 79
2476 8886 2 78
915 8826 2 44
9948 8806 1 69
2723 8862 2 87
1360 8816 2 72
4598 8846 2 38
7961 8865 1 13
1010 8864 2 40
5090 8838 3 90
577 8892 2 97
9610 8848 2 71
1681 8849 2 68
4453 8803 1 25
5368 8868 3 20
118 8884 2 64
8020 8823 3 45
7269 8889 3 34
5634 8820 2 14
7450 8855 2 23
6212 8851 1 70
5090 8838 2 6
9610 8848 1 2
6782 8831 3 41
5634 8820 1 60
577 8892 1 6
102 8854 2 91
6782 8831 1 22
3538 8813 3 40
2858 8879 1 10
4598 8846 1 36
2333 8822 1 5
2795 8811 1 47
2149 8897 3 18
2795 8811 2 15
954 8867 2 79
7998 8801 3 25
4465 8894 1 28
4915 8832 3 48
6395 8859 2 30
2476 8886 1 67
1939 8843 3 87
3093 8882 3 51
9610 8848 3 66
5028 8860 2 35
7411 8824 2 58
2476 8886 3 77
8866 8817 2 18
663 8876 3 15
3455 8840 3 78
7182 8869 1 62
8911 8871 2 10
3671 8887 3 94
8496 8880 2 77
3659 8802 1 98
8496 8880 1 44
1203 8856 1 5
5773 8819 3 33
137 8845 3 76
915 8826 1 13
4699 8830 3 91
6991 8836 2 88
5368 8868 2 46
202 8805 1 22
6991 8836 3 87
5076 8847 3 5
2795 8811 3 66
2149 8897 1 76
2309 8870 3 69
7157 8885 3 68
836 8839 3 100
7157 8885 1 70
1939 8843 2 32
5076 8847 1 85
1203 8856 2 33
8496 8880 3 47
9138 8809 2 93
2927 8893 3 56
102 8854 1 27
6824 8877 2 83
7337 8828 1 62
1222 8866 1 8
2861 8883 2 33
4199 8878 1 80
5090 8838 1 11
2677 8900 3 60
1723 8895 1 53
915 8826 3 17
7998 8801 1 90
5506 8890 1 24
4639 8810 2 59
6632 8858 3 33
8138 8891 2 43
4639 8810 3 36
9948 8806 2 3
5792 8807 2 53
3756 8898 3 67
2532 8896 2 49
7835 8818 3 50
118 8884 3 0
3671 8887 2 4
6632 8858 1 81
6438 8808 2 100
3350 8872 2 20
1360 8816 1 29
1723 8895 2 87
8138 8891 3 95
3756 8898 2 85
8138 8891 1 1
6395 8859 1 5
1661 8857 2 73
2593 8825 2 28
5076 8847 2 26
4016 8852 1 13
3093 8882 1 49
7450 8855 1 29
6438 8808 1 38
4915 8832 2 92
5897 8834 2 66
2593 8825 3 34
4395 8842 2 100
7411 8824 3 68
1723 8895 3 10
3538 8813 1 69
2515 8844 2 96
2723 8862 3 51
5428 8827 1 78
2834 8815 1 20
4395 8842 3 6
6970 8812 1 67
2532 8896 1 13
4639 8810 1 57
805 8863 2 13
2834 8815 2 50
7162 8874 1 83
9948 8806 3 84
7157 8885 2 10
4276 8850 2 88
5028 8860 3 66
5506 8890 3 85
5897 8834 1 4
2723 8862 1 47
2011 8821 1 3
4199 8878 2 97
2191 8837 1 5
4699 8830 1 17
1222 8866 2 55
6970 8812 3 10
6230 8861 3 23
4016 8852 3 52
5792 8807 1 61
9138 8809 3 37
202 8805 2 64
4276 8850 3 27
2191 8837 2 20
1010 8864 3 33
7337 8828 2 44
9261 8835 3 78
2011 8821 3 92
2927 8893 2 80
1661 8857 3 36
3756 8898 1 63
2717 8814 2 76
8911 8871 1 50
2515 8844 3 20
1681 8849 3 41
7269 8889 2 37
7835 8818 1 90
6991 8836 1 79
9261 8835 2 2
836 8839 2 11
2191 8837 3 47
5428 8827 3 12
5268 8881 3 89
6212 8851 3 17
1661 8857 1 64
2717 8814 1 46
6812 8841 3 59
8020 8823 1 53
7162 8874 3 65
5268 8881 1 4
1222 8866 3 83
4395 8842 1 5
2939 8804 1 65
137 8845 2 15
238 8888 2 11
2149 8897 2 26
6395 8859 3 74
3910 8833 3 4
3910 8833 1 23
4453 8803 2 29
102 8854 3 77
7450 8855 3 71
9138 8809 1 63
2532 8896 3 2
1681 8849 1 41
3671 8887 1 85
1360 8816 3 99
6230 8861 1 54
238 8888 1 59
2851 8899 1 35
954 8867 3 57
3584 8873 2 16
5506 8890 2 22
1010 8864 1 63
5028 8860 1 61
5792 8807 3 82
7182 8869 3 70
8892 8853 2 42
2515 8844 1 24
7337 8828 3 52
2939 8804 2 9
4199 8878 3 32
7961 8865 3 93
4699 8830 2 41
3455 8840 1 86
836 8839 1 69
6812 8841 1 13
2834 8815 3 74
805 8863 1 97
6632 8858 2 41
743 8984 2 52
1119 8907 2 68
4003 8966 3 10
1808 8991 2 34
824 8922 2 28
7642 8955 1 10
2570 8943 1 95
7642 8955 2 61
7621 8961 3 77
7244 8910 1 88
4003 8966 2 36
6955 8958 2 89
9951 8908 3 46
4028 8975 3 17
4354 8939 1 85
7004 8995 3 82
5849 8912 2 33
7244 8910 2 91
4003 8966 1 1
8390 8996 2 67
5183 8993 3 3
1080 8983 3 13
7802 8946 2 80
2689 8964 3 39
4381 8903 1 10
487 8933 3 3
2681 8921 3 1
2689 8964 2 49
1119 8907 1 82
8512 8973 2 100
8732 8927 1 87
3102 8965 1 60
743 8984 1 50
6631 8945 2 55
7791 8968 2 3
9254 8982 2 20
4028 8975 1 8
9951 8908 1 56
487 8933 1 68
837 8947 2 55
1842 8971 1 63
2570 8943 2 84
6669 8985 2 51
6955 8958 1 55
5246 8944 3 89
7791 8968 1 85
9936 8951 2 69
6512 8934 3 68
8070 8937 3 55
5670 8978 1 38
6975 8930 3 36
8142 8909 1 27
7556 8915 3 92
9254 8982 3 87
824 8922 3 45
7858 8959 1 77
7404 8969 2 36
153 8962 2 30
8776 8917 2 7
7991 8960 2 87
7858 8959 2 3
3186 8911 1 57
8793 8936 2 92
1396 8929 2 36
5670 8978 2 94
824 8922 1 64
4546 8906 2 73
8390 8996 1 58
6789 8938 1 65
1119 8907 3 78
530 8952 2 38
6776 8940 2 93
2681 8921 1 75
8533 8920 1 12
7556 8915 1 58
8070 8937 2 87
128 8902 3 62
5041 8987 3 37
645 8999 2 19
7004 8995 2 96
7601 8904 2 64
8753 8948 3 96
7004 8995 1 12
5764 8914 3 100
128 8902 2 46
7621 8961 1 2
837 8947 3 50
1080 8983 1 96
8590 8918 3 91
7244 8910 3 100
7991 8960 1 97
8793 8936 1 78
9035 8923 2 33
3792 8928 2 23
5246 8944 1 64
3828 8970 1 23
430 8953 3 74
6669 8985 3 89
4123 8974 1 50
4885 8957 2 73
9254 8982 1 15
6901 8990 1 50
3979 8931 1 71
3289 8977 3 35
4123 8974 3 14
1842 8971 3 92
1404 8998 1 34
7556 8915 2 35
6789 8938 2 26
8142 8909 3 14
4401 8913 3 95
6205 8979 1 74
8753 8948 2 81
6789 8938 3 37
6205 8979 2 78
153 8962 3 51
128 8902 1 5
7802 8946 3 44
1297 8942 2 36
5074 8954 3 3
7659 8901 1 15
1433 8905 1 97
7601 8904 1 83
1080 8983 2 61
1297 8942 1 0
6554 8972 2 33
8590 8918 2 66
9189 8994 1 69
7642 8955 3 92
4028 8975 2 13
6975 8925 2 25
6669 8985 1 72
8234 8992 1 10
8512 8973 1 74
8793 8936 3 15
4546 8906 1 93
1396 8929 3 17
4130 8950 3 44
3979 8931 2 55
6512 8934 2 15
1911 8941 2 37
9035 8923 3 19
3102 8965 2 11
3508 8963 3 78
8142 8909 2 54
3289 8977 2 78
5670 8978 3 55
7778 9000 2 25
1911 8941 1 3
9936 8951 1 70
2098 8949 2 12
7802 8946 1 68
6975 8925 1 4
5183 8993 1 11
5394 8932 1 86
4945 8976 1 47
5041 8987 2 36
2570 8943 3 33
7791 8968 3 41
9642 8935 3 67
6975 8930 2 7
7778 9000 3 79
2730 8986 2 39
9438 8924 2 36
9438 8924 1 71
3792 8928 3 8
2730 8986 1 98
1842 8971 2 7
6554 8972 3 67
4401 8913 2 33
8512 8973 3 87
4354 8939 2 92
3979 8931 3 4
6975 8925 3 23
9951 8908 2 24
4123 8974 2 55
4381 8903 2 19
9035 8923 1 57
4945 8976 3 40
7361 8916 1 93
5394 8932 3 100
4130 8950 1 6
5849 8912 3 71
3508 8963 1 94
7621 8961 2 53
645 8999 3 95
6776 8940 3 68
9936 8951 3 81
1544 8989 1 81
8533 8920 3 15
743 8984 3 65
9642 8935 1 92
2368 8997 1 18
8390 8996 3 33
4260 8980 2 21
1433 8905 3 75
251 8926 2 86
8234 8992 2 24
4260 8980 3 87
8590 8918 1 18
487 8933 2 50
6205 8979 3 38
5394 8932 2 33
837 8947 1 60
5764 8914 1 1
1808 8991 1 83
645 8999 1 43
251 8926 1 22
7404 8969 3 88
3828 8970 2 84
251 8926 3 85
2098 8949 1 68
1433 8905 2 87
1808 8991 3 99
5849 8912 1 79
4014 8981 3 30
1911 8941 3 34
4945 8976 2 91
2368 8997 3 49
430 8953 2 77
9189 8994 3 55
7361 8916 2 27
4014 8981 2 26
5246 8944 2 97
3186 8911 3 68
7463 8967 2 46
8753 8948 1 2
1544 8989 3 47
6776 8940 1 17
2730 8986 3 49
2368 8997 2 62
2098 8949 3 36
6512 8934 1 40
6631 8945 3 67
4546 8906 3 12
9541 8919 2 83
3828 8970 3 91
4885 8957 3 27
1404 8998 3 15
6901 8990 3 21
3508 8963 2 28
6975 8930 1 64
8234 8992 3 29
9438 8924 3 20
7463 8967 3 34
6184 8956 2 25
7991 8960 3 14
7659 8901 3 58
7778 9000 1 26
3792 8928 1 20
8776 8917 1 39
4885 8957 1 89
153 8962 1 32
7858 8959 3 3
7659 8901 2 19
4014 8981 1 47
430 8953 1 37
5074 8954 2 63
4260 8980 1 87
8776 8917 3 13
4130 8950 2 15
5041 8987 1 91
4401 8913 1 81
9642 8935 2 1
5074 8954 1 99
6184 8956 1 74
6901 8990 2 38
5183 8993 2 78
6631 8945 1 29
4381 8903 3 91
7404 8969 1 39
5764 8914 2 5
9541 8919 3 65
8070 8937 1 13
8732 8927 3 34
3186 8911 2 29
1544 8989 2 6
6184 8956 3 23
8533 8920 2 24
3102 8965 3 48
3289 8977 1 62
9189 8994 2 37
9541 8919 1 72
1396 8929 1 40
530 8952 1 41
7770 8988 1 99
8732 8927 2 79
1297 8942 3 29
6554 8972 1 89
7463 8967 1 97
1404 8998 2 13
6955 8958 3 73
2689 8964 1 99
7770 8988 3 78
7361 8916 3 66
7770 8988 2 6
7601 8904 3 1
530 8952 3 97
4354 8939 3 58
2681 8921 2 70
8474 9090 1 84
5563 9066 3 33
3301 9097 3 54
301 9017 2 14
2216 9015 3 66
6123 9099 1 62
8316 9036 1 71
5309 9052 2 37
604 9022 3 36
9435 9019 1 52
2104 9046 3 58
7981 9025 3 20
4313 9069 2 10
2693 9034 1 10
9535 9076 3 20
3963 9096 3 49
278 9065 2 23
4019 9001 3 46
2303 9050 3 40
3418 9013 2 40
7981 9025 2 22
6852 9040 2 76
8929 9005 2 37
9941 9098 1 63
8472 9078 1 79
9882 9028 3 78
8472 9078 3 21
2644 9037 1 48
9010 9068 3 7
7981 9025 1 40
2819 9063 1 8
7518 9080 2 74
8474 9090 2 56
2104 9046 2 80
7400 9007 2 48
1354 9026 2 29
6123 9099 2 87
2492 9062 3 84
4026 9003 2 88
6385 9084 2 59
4814 9060 2 72
8758 9075 2 62
9966 9061 1 57
9074 9070 1 60
2819 9063 3 30
4279 9055 2 64
2693 9034 3 64
9326 9064 1 98
8257 9031 3 53
5607 9048 2 58
7769 9032 2 5
8929 9005 3 10
9326 9064 2 8
7769 9032 1 85
2612 9094 1 65
1816 9044 1 27
4313 9069 1 14
8257 9031 2 10
2709 9047 1 69
3963 9096 1 100
5368 9081 1 9
6110 9071 2 52
2625 9006 3 97
6287 9072 2 91
244 9049 1 76
6613 9042 3 34
7796 9045 3 0
7400 9007 1 61
2894 9009 3 73
468 9021 3 34
174 9100 1 27
7981 9095 3 56
9882 9028 1 45
4218 9088 2 12
5607 9048 1 31
5031 9051 2 53
1290 9067 2 30
3723 9077 3 5
7470 9012 1 56
1515 9020 1 49
8474 9090 3 84
9056 9053 3 37
3495 9074 2 6
6160 9059 1 43
4313 9069 3 24
7691 9058 1 78
9966 9061 3 41
3837 9038 1 31
2116 9086 2 99
2709 9047 2 100
9681 9002 2 26
6289 9004 1 17
7470 9012 2 87
3418 9013 1 28
7971 9029 3 9
5909 9027 2 55
6385 9084 3 2
2895 9016 2 89
974 9056 3 97
604 9022 2 85
2914 9079 3 9
244 9049 3 20
2492 9062 2 17
7981 9095 2 64
9628 9085 2 71
8301 9033 3 56
5607 9048 3 91
3464 9083 3 0
174 9100 3 52
9010 9068 2 21
301 9017 1 65
2612 9094 3 73
244 9049 2 46
2104 9046 1 54
1988 9093 2 74
2492 9062 1 19
7971 9029 1 30
6160 9059 3 39
2644 9037 3 54
9056 9053 1 100
1444 9018 3 61
1816 9044 2 36
7400 9007 3 24
1816 9044 3 23
5558 9041 3 83
4218 9088 1 41
7524 9008 2 15
3048 9091 1 75
9941 9098 3 76
5368 9081 3 62
2914 9079 2 71
3723 9077 1 81
5909 9027 1 83
7524 9008 1 91
3495 9074 1 7
4499 9082 1 36
1290 9067 1 88
3942 9035 2 93
6852 9040 3 42
9395 9087 3 98
6852 9040 1 75
2894 9009 2 77
6481 9010 2 15
2596 9011 3 81
6110 9071 3 24
9535 9076 1 21
4026 9003 3 49
6123 9099 3 12
3307 9014 2 81
4279 9055 3 66
2348 9043 1 65
7470 9012 3 76
2693 9034 2 4
4019 9001 2 79
974 9056 2 34
2625 9006 2 45
4181 9057 1 21
2612 9094 2 77
7769 9032 3 52
974 9056 1 69
3048 9091 3 58
2596 9011 2 91
5309 9052 1 32
6481 9010 3 10
2303 9050 1 40
7971 9029 2 24
8472 9078 2 20
359 9073 2 52
9435 9019 2 30
8316 9036 2 45
6289 9004 2 74
4499 9082 3 57
4019 9001 1 93
8758 9075 3 56
9010 9068 1 18
6287 9072 3 78
5563 9066 1 44
8257 9031 1 16
359 9073 1 86
5031 9051 3 57
2894 9009 1 71
278 9065 1 63
8301 9033 1 5
6613 9042 1 98
4218 9088 3 69
2644 9037 2 91
8904 9024 2 92
6652 9030 1 56
9326 9064 3 6
3723 9077 2 50
3837 9038 3 90
2819 9063 2 59
3464 9083 2 97
1988 9093 1 70
9435 9019 3 87
9074 9070 2 1
9941 9098 2 48
4279 9055 1 38
1444 9018 1 12
6160 9059 2 61
4845 9089 3 98
6896 9023 1 48
1354 9026 3 79
7518 9080 3 11
6896 9023 2 28
2619 9039 1 33
3048 9091 2 8
9933 9092 1 71
8316 9036 3 13
2625 9006 1 89
1515 9020 2 80
6896 9023 3 76
4845 9089 1 2
7518 9080 1 0
3464 9083 1 100
7691 9058 2 75
4845 9089 2 80
2116 9086 1 58
3942 9035 1 23
278 9065 3 1
3301 9097 2 79
7524 9008 3 64
5563 9066 2 0
9681 9002 1 91
5309 9052 3 2
6652 9030 2 20
6110 9071 1 25
2348 9043 2 17
4181 9057 2 88
301 9017 3 22
9056 9053 2 49
6986 9054 1 66
7796 9045 2 49
8301 9033 2 6
8904 9024 3 100
9395 9087 1 19
359 9073 3 99
2303 9050 2 17
2895 9016 3 74
3418 9013 3 7
4181 9057 3 89
1988 9093 3 77
2596 9011 1 83
2709 9047 3 57
2216 9015 2 89
9966 9061 2 56
468 9021 2 91
5909 9027 3 70
3301 9097 1 56
8929 9005 1 78
9882 9028 2 90
5558 9041 2 89
6986 9054 2 59
6481 9010 1 95
2914 9079 1 95
9933 9092 2 20
2348 9043 3 25
2619 9039 2 28
8904 9024 1 32
174 9100 2 44
7691 9058 3 73
2116 9086 3 0
9395 9087 2 75
2895 9016 1 7
6652 9030 3 25
2619 9039 3 44
3307 9014 3 84
9535 9076 2 96
6289 9004 3 89
7796 9045 1 12
6385 9084 1 58
3963 9096 2 3
6287 9072 1 72
9628 9085 1 37
604 9022 1 48
2216 9015 1 2
9681 9002 3 26
1354 9026 1 16
468 9021 1 34
5031 9051 1 92
8758 9075 1 40
4026 9003 1 27
6986 9054 3 30
1515 9020 3 62
9628 9085 3 11
3495 9074 3 53
5368 9081 2 27
3942 9035 3 4
4499 9082 2 76
9074 9070 3 87
7981 9095 1 100
6613 9042 2 99
1444 9018 2 41
5558 9041 1 46
3837 9038 2 48
9933 9092 3 10
4814 9060 1 92
3307 9014 1 34
1290 9067 3 30
4814 9060 3 54
2217 9105 1 69
1449 9164 2 21
2936 9107 2 62
8609 9122 3 56
7807 9175 2 76
3464 9159 3 2
3464 9159 1 46
6009 9181 3 89
8209 9178 3 52
6279 9121 2 96
1737 9117 3 28
4069 9146 1 69
7154 9165 3 83
7315 9140 3 37
5921 9115 2 84
9314 9171 1 55
3990 9198 1 31
1879 9104 3 60
9039 9125 1 71
8487 9130 1 67
1701 9173 3 64
2536 9101 2 63
3464 9159 2 65
7712 9106 3 81
8162 9158 1 8
5113 9137 3 21
4891 9150 1 43
4891 9150 2 3
673 9155 1 36
327 9110 3 68
621 9142 2 38
2372 9127 1 1
6279 9121 1 32
7712 9106 1 75
8325 9156 1 4
8483 9152 1 18
5264 9118 1 77
327 9110 2 81
2546 9172 2 72
5870 9151 3 48
5462 9170 3 51
7154 9165 2 8
8937 9102 2 37
1549 9174 3 16
5870 9151 1 22
3471 9145 2 58
7738 9194 2 62
599 9109 3 32
5257 9169 3 21
6018 9120 1 52
3996 9135 2 93
4767 9119 2 6
2128 9196 3 75
2573 9153 3 31
7365 9183 1 42
2233 9134 2 5
2685 9162 2 29
9755 9186 2 58
3559 9187 1 43
7443 9166 1 32
4846 9157 1 86
689 9149 3 45
4562 9191 2 62
123 9161 2 64
3990 9198 2 45
9314 9171 2 10
182 9147 3 70
6018 9120 3 37
7738 9194 3 95
4494 9116 2 43
5113 9137 2 27
3991 9132 3 29
673 9155 3 80
4846 9157 2 40
4209 9129 1 15
5257 9169 1 6
3298 9190 2 93
8199 9133 3 19
5462 9170 1 29
3471 9145 3 1
7258 9112 2 56
3142 9138 1 0
3559 9187 2 67
313 9200 1 29
5921 9115 3 81
6438 9154 2 11
4494 9116 1 68
1261 9185 2 48
4422 9188 1 83
9755 9186 1 22
2824 9179 3 46
313 9200 3 43
8325 9156 3 71
1846 9184 3 32
7258 9112 3 57
8318 9131 3 98
6345 9114 2 91
1774 9180 1 81
3142 9138 3 33
8199 9133 1 41
2217 9105 2 53
1774 9180 2 77
4833 9176 2 62
8487 9130 2 3
7443 9166 2 90
5137 9139 3 32
5615 9163 3 74
2233 9134 1 2
4767 9119 3 81
5197 9143 2 4
7684 9197 1 93
2936 9107 1 18
6009 9181 1 51
3847 9113 2 4
7193 9192 2 8
1879 9104 2 14
3471 9145 1 39
182 9147 1 29
5870 9151 2 47
6009 9181 2 52
5113 9137 1 22
1879 9104 1 65
8179 9182 3 63
3991 9132 2 36
2372 9127 2 92
4069 9146 3 100
4767 9119 1 93
4209 9129 3 38
3661 9160 3 73
599 9109 2 9
1007 9128 1 1
5344 9136 2 1
3142 9138 2 40
4846 9157 3 33
1798 9144 2 92
3298 9190 1 27
4833 9176 3 52
1737 9117 1 62
5921 9115 1 97
5197 9143 1 57
3559 9187 3 90
1846 9184 1 51
8162 9158 2 72
5264 9118 2 29
2824 9179 1 73
3489 9177 2 99
5462 9170 2 24
8179 9182 2 11
7712 9106 2 18
1404 9199 2 31
6832 9148 3 85
1449 9164 3 13
1404 9199 3 11
2372 9127 3 27
6832 9148 2 85
123 9161 1 58
8937 9102 3 49
2536 9101 1 40
7193 9192 1 50
9755 9186 3 63
5235 9195 3 79
3904 9103 1 39
8842 9111 1 67
4701 9126 1 85
8209 9178 2 15
2977 9189 1 76
2573 9153 1 85
4209 9129 2 86
7443 9166 3 30
4562 9191 1 17
327 9110 1 11
7193 9192 3 97
4833 9176 1 15
1449 9164 1 0
2824 9179 2 63
2546 9172 1 77
2977 9189 3 86
6438 9154 1 19
7258 9112 1 18
3298 9190 3 60
8179 9182 1 23
2678 9168 2 9
5227 9124 1 16
2685 9162 3 11
1261 9185 1 23
9039 9125 3 1
4494 9116 3 5
1346 9167 2 89
2678 9168 3 30
1798 9144 3 5
1701 9173 2 71
3489 9177 3 87
6018 9120 2 17
8199 9133 2 98
3996 9135 3 73
8483 9152 3 59
1549 9174 1 33
1549 9174 2 54
5344 9136 3 26
3904 9103 2 66
9039 9125 2 18
9314 9171 3 29
2233 9134 3 34
1737 9117 2 98
2936 9107 3 97
1774 9180 3 21
7365 9183 3 30
2685 9162 1 4
3661 9160 1 32
1007 9128 2 74
7315 9140 1 27
5235 9195 1 0
8318 9131 1 37
3996 9135 1 65
1007 9128 3 79
7684 9197 2 60
7398 9193 1 43
3489 9177 1 94
2128 9196 1 75
8005 9123 2 78
7154 9165 1 81
6438 9154 3 32
7738 9194 1 93
4069 9146 2 92
4826 9141 3 2
2128 9196 2 32
689 9149 2 75
4891 9150 3 27
8609 9122 2 3
5227 9124 3 61
313 9200 2 88
1346 9167 3 91
6345 9114 3 13
5615 9163 2 85
3904 9103 3 95
5264 9118 3 81
5257 9169 2 65
7398 9193 2 54
182 9147 2 79
5227 9124 2 100
2678 9168 1 10
1456 9108 1 52
8209 9178 1 83
3661 9160 2 77
3847 9113 1 16
621 9142 3 51
8483 9152 2 19
1261 9185 3 22
5344 9136 1 14
7315 9140 2 12
1798 9144 1 89
8318 9131 2 35
4701 9126 2 30
123 9161 3 23
6279 9121 3 58
599 9109 1 76
8842 9111 2 93
7398 9193 3 59
7807 9175 1 2
1456 9108 3 73
8162 9158 3 93
5137 9139 2 97
7684 9197 3 43
8005 9123 3 92
8325 9156 2 2
8937 9102 1 85
689 9149 1 19
5137 9139 1 34
3991 9132 1 14
3847 9113 3 18
3990 9198 3 99
4826 9141 2 76
7807 9175 3 57
4826 9141 1 62
5235 9195 2 69
6832 9148 1 28
2536 9101 3 87
2573 9153 2 76
673 9155 2 35
4422 9188 3 84
1701 9173 1 34
2217 9105 3 3
8487 9130 3 63
1456 9108 2 18
4562 9191 3 77
8005 9123 1 69
6345 9114 1 33
5615 9163 1 71
8842 9111 3 59
5197 9143 3 18
2546 9172 3 95
4422 9188 2 49
2977 9189 2 24
1404 9199 1 52
4701 9126 3 20
621 9142 1 3
7365 9183 2 80
1846 9184 2 84
8609 9122 1 66
1346 9167 1 88
1580 9278 2 98
815 9232 3 1
2940 9234 2 32
5194 9281 2 62
4958 9272 1 62
575 9240 3 83
4829 9201 3 93
4334 9221 2 63
6454 9290 2 40
8678 9210 1 76
87 9227 3 42
3086 9203 2 86
4157 9242 2 65
9957 9250 3 4
6684 9261 3 31
736 9279 3 6
5194 9281 3 52
1726 9289 3 53
2783 9299 3 65
2309 9226 2 40
8534 9286 2 33
1726 9289 1 61
9767 9293 1 73
9198 9291 3 8
889 9262 2 2
7254 9280 1 47
9767 9293 3 57
3746 9277 1 58
2783 9299 2 55
2940 9234 1 74
9166 9217 2 20
3086 9203 3 67
1726 9289 2 55
806 9273 1 11
815 9232 1 37
8807 9259 2 87
8807 9259 3 10
4188 9239 2 38
6997 9231 1 29
6680 9294 1 66
7732 9255 1 8
5202 9202 3 24
8398 9205 2 45
4829 9201 2 83
6997 9231 2 55
8398 9205 1 48
1966 9230 3 81
8678 9210 2 61
1966 9230 1 0
3097 9206 1 21
752 9224 1 6
435 9235 1 3
6680 9294 3 97
2309 9226 3 47
296 9265 2 76
7545 9257 3 19
1580 9278 3 72
575 9240 1 8
736 9279 1 82
4613 9274 3 75
7371 9253 1 85
1150 9295 2 95
5044 9214 3 92
3735 9209 1 3
6454 9290 1 75
5219 9256 1 37
9166 9217 3 78
3854 9288 2 91
1064 9254 2 96
7732 9255 3 56
6877 9222 2 96
1844 9236 3 60
1150 9295 3 63
9983 9237 2 7
1844 9236 1 19
6181 9218 1 58
6758 9298 1 94
4334 9221 3 81
7766 9223 3 29
3831 9284 1 24
7254 9280 3 57
7994 9216 2 3
1536 9228 1 25
4958 9272 3 21
3099 9267 3 17
5202 9202 1 39
3462 9264 3 79
9957 9250 2 44
5254 9233 2 82
3566 9275 1 73
8019 9238 3 33
1173 9225 3 84
296 9265 1 18
3744 9247 2 10
8807 9259 1 96
815 9232 2 53
1580 9278 1 74
4157 9242 1 0
320 9245 1 28
8019 9238 2 53
1173 9225 2 59
6181 9218 3 35
4703 9244 2 43
2283 9251 1 23
8019 9238 1 75
2256 9246 2 94
6758 9298 3 95
7269 9269 3 90
3462 9264 1 88
4613 9274 1 34
4803 9260 3 94
806 9273 2 0
5808 9248 2 11
6680 9294 2 98
4516 9207 1 36
6997 9231 3 62
2997 9263 2 39
5254 9233 1 95
7202 9208 3 90
6431 9249 2 23
7994 9216 1 1
5087 9266 1 94
1901 9258 2 51
3622 9241 2 78
736 9279 2 65
3784 9296 3 39
2283 9251 3 76
1125 9220 2 96
7732 9255 2 24
7269 9269 2 32
3784 9296 2 74
5087 9266 3 71
654 9204 1 26
4744 9270 1 8
1064 9254 1 35
5219 9256 2 92
4334 9221 1 65
4516 9207 2 13
5712 9215 1 71
296 9265 3 1
4703 9244 1 68
4613 9274 2 77
3594 9292 2 63
3735 9209 3 43
320 9245 3 50
5254 9233 3 96
3566 9275 2 55
752 9224 3 51
9983 9237 1 36
5087 9266 2 0
5194 9281 1 59
9812 9219 1 30
654 9204 3 17
7545 9257 1 10
3594 9292 1 57
6514 9300 2 93
8645 9211 3 16
6514 9300 1 74
3735 9209 2 63
9370 9287 1 14
3831 9284 3 60
5539 9243 1 71
9983 9237 3 55
7994 9216 3 55
1125 9220 1 23
2997 9263 3 8
6074 9276 1 7
3784 9296 1 68
4188 9239 1 82
6514 9300 3 17
3841 9268 2 15
9007 9283 3 97
3854 9288 1 88
3841 9268 3 4
3936 9213 2 93
5712 9215 2 73
2256 9246 3 41
9370 9287 2 34
4516 9207 3 81
3086 9203 1 49
3462 9264 2 53
6684 9261 2 26
9602 9252 1 28
889 9262 3 93
703 9297 2 7
7869 9212 1 99
703 9297 1 35
435 9235 2 28
6431 9249 1 7
2256 9246 1 73
4703 9244 3 83
662 9229 3 91
5917 9282 2 56
9602 9252 2 38
8534 9286 3 10
8645 9211 1 22
9198 9291 1 10
1064 9254 3 52
3831 9284 2 9
1844 9236 2 42
3622 9241 3 65
3936 9213 3 26
8534 9286 1 13
703 9297 3 64
7766 9223 1 46
87 9227 1 46
320 9245 2 56
5917 9282 1 100
5219 9256 3 57
7766 9223 2 25
1966 9230 2 91
3744 9247 1 53
6074 9276 3 71
6877 9222 3 74
2940 9234 3 54
87 9227 2 29
7202 9208 1 57
4188 9239 3 36
3099 9267 1 10
7202 9208 2 36
8645 9211 2 83
4803 9260 2 71
662 9229 2 84
3097 9206 2 88
2104 9285 1 12
5539 9243 2 24
7254 9280 2 55
3097 9206 3 74
2783 9299 1 18
3440 9271 2 39
3746 9277 3 16
1901 9258 1 20
6181 9218 2 52
1125 9220 3 100
3936 9213 1 32
6431 9249 3 18
3099 9267 2 92
1536 9228 3 45
9812 9219 3 57
4803 9260 1 59
5917 9282 3 1
6877 9222 1 23
1150 9295 1 94
7371 9253 2 12
3594 9292 3 10
6454 9290 3 52
9812 9219 2 94
3841 9268 1 0
9602 9252 3 7
2283 9251 2 35
662 9229 1 34
3746 9277 2 20
6758 9298 2 19
2104 9285 3 54
3566 9275 3 77
4958 9272 2 21
3440 9271 1 15
9370 9287 3 9
5044 9214 1 97
435 9235 3 60
752 9224 2 66
6074 9276 2 21
7269 9269 1 54
4157 9242 3 60
5808 9248 1 18
654 9204 2 24
4829 9201 1 73
806 9273 3 37
5539 9243 3 91
4744 9270 3 2
9007 9283 2 12
1901 9258 3 67
9198 9291 2 77
5202 9202 2 88
5808 9248 3 76
9957 9250 1 68
9007 9283 1 37
8398 9205 3 61
7545 9257 2 74
2104 9285 2 26
3622 9241 1 79
7869 9212 2 87
8678 9210 3 36
3854 9288 3 35
5712 9215 3 26
7371 9253 3 31
3440 9271 3 72
6684 9261 1 76
2997 9263 1 78
4744 9270 2 26
5044 9214 2 50
9166 9217 1 31
575 9240 2 77
1173 9225 1 58
3744 9247 3 45
9767 9293 2 25
889 9262 1 53
1536 9228 2 28
7869 9212 3 57
2309 9226 1 93
7919 9330 1 46
2543 9357 1 72
8283 9345 1 42
2361 9302 3 35
4663 9391 3 67
629 9339 2 98
9536 9310 2 48
8273 9366 2 57
1662 9374 3 42
5940 9327 2 55
2923 9319 3 60
302 9324 1 58
5359 9306 2 2
3168 9352 1 23
2543 9357 2 60
9003 9392 3 29
1106 9384 2 23
7659 9350 2 65
2538 9399 1 19
9953 9373 2 14
1480 9371 1 46
5578 9380 3 61
641 9325 1 76
6857 9385 3 6
5075 9338 2 98
4029 9301 1 17
75 9342 1 81
1950 9317 3 43
9906 9344 2 33
8015 9322 3 84
8294 9397 3 99
5743 9376 3 39
4663 9391 2 98
9535 9305 1 63
8176 9307 1 52
346 9312 1 14
8819 9359 3 61
5247 9335 3 41
2262 9395 3 29
6046 9329 3 97
1480 9371 3 66
7268 9316 1 14
8283 9345 2 49
1035 9323 2 23
629 9339 1 44
6246 9351 3 96
3928 9378 3 71
2361 9302 1 11
9536 9310 1 34
2116 9379 3 49
3301 9336 1 57
3377 9318 3 66
7919 9330 2 62
2923 9319 1 51
449 9334 1 83
5075 9338 1 70
4029 9301 2 30
5908 9388 1 98
553 9387 1 80
3406 9383 1 66
9953 9373 1 51
2820 9361 2 19
2543 9357 3 36
6139 9377 2 68
7540 9396 2 73
5578 9380 2 70
5359 9306 1 40
9953 9373 3 60
5935 9309 3 22
6452 9346 2 82
8852 9304 1 51
3259 9333 2 56
3013 9367 1 15
4435 9341 1 52
3259 9333 3 35
5075 9338 3 32
4289 9398 2 90
192 9381 3 29
4435 9341 3 1
7268 9316 2 17
7756 9315 1 88
5326 9364 1 1
5935 9309 2 76
553 9387 2 47
8156 9358 2 79
6452 9346 1 59
782 9390 2 83
3415 9363 3 12
1118 9356 2 88
5578 9380 1 77
6246 9351 1 19
2262 9395 2 60
1950 9317 2 94
5326 9364 2 46
6637 9360 2 74
8955 9354 1 71
6838 9370 2 69
821 9340 3 81
2503 9320 3 66
9503 9348 3 47
1951 9308 2 9
3406 9383 2 9
1118 9356 3 19
7659 9350 1 68
8819 9359 2 1
8273 9366 1 50
1118 9356 1 56
8015 9322 2 64
7547 9321 3 88
6139 9377 1 81
3013 9367 2 54
5743 9376 1 49
9003 9392 1 19
546 9337 3 91
4289 9398 1 25
1644 9349 3 96
2556 9355 3 71
2444 9400 1 16
2820 9361 3 98
75 9342 3 4
8955 9354 2 9
7659 9350 3 24
5743 9376 2 82
2116 9379 1 67
9906 9344 1 46
2444 9400 2 37
346 9312 3 85
1035 9323 1 16
7540 9396 1 42
553 9387 3 21
5864 9372 1 22
75 9342 2 68
8184 9369 2 95
5723 9353 2 7
4435 9341 2 38
9906 9344 3 15
2503 9320 2 60
2538 9399 3 20
6857 9385 2 20
2116 9379 2 66
2820 9361 1 31
2639 9389 1 42
7255 9303 3 29
7663 9394 2 40
3415 9363 2 70
5864 9372 3 85
3377 9318 1 43
546 9337 2 54
6105 9331 3 30
1106 9384 1 23
7540 9396 3 73
6723 9386 1 71
8328 9343 3 71
302 9324 3 27
3301 9336 2 93
5247 9335 2 55
7756 9315 2 48
3168 9352 3 51
6452 9346 3 85
7663 9394 3 67
6637 9360 1 16
8156 9358 1 22
8176 9307 2 50
6075 9375 2 28
8328 9343 1 89
6046 9329 2 65
2538 9399 2 19
9863 9314 2 74
5359 9306 3 51
5723 9353 3 87
3301 9336 3 88
2219 9365 2 11
821 9340 2 2
3288 9313 2 60
346 9312 2 28
192 9381 1 35
2219 9365 3 69
3168 9352 2 36
1035 9323 3 98
6113 9328 2 11
9503 9348 2 44
8962 9332 2 22
8962 9332 3 40
8304 9326 3 77
8304 9326 2 78
8184 9369 3 42
1644 9349 2 76
3105 9393 1 75
7547 9321 2 19
5908 9388 3 24
5940 9327 3 75
8294 9397 1 75
6723 9386 3 93
1662 9374 2 97
2639 9389 2 28
6857 9385 1 13
6139 9377 3 16
1951 9308 1 43
8304 9326 1 23
7547 9321 1 0
868 9368 2 81
641 9325 3 65
5345 9362 2 72
1323 9347 2 72
9535 9305 2 37
8156 9358 3 95
2503 9320 1 7
1950 9317 1 41
9863 9314 1 34
5326 9364 3 73
6723 9386 2 67
8294 9397 2 45
2444 9400 3 26
5345 9362 1 1
1662 9374 1 26
3105 9393 2 54
6113 9328 3 74
8015 9322 1 15
7268 9316 3 38
324 9311 2 62
2262 9395 1 91
8852 9304 3 16
8273 9366 3 61
2556 9355 1 50
3288 9313 3 70
1323 9347 3 84
4029 9301 3 99
7663 9394 1 27
1106 9384 3 87
9863 9314 3 26
2361 9302 2 0
8819 9359 1 55
8328 9343 2 84
324 9311 1 100
2923 9319 2 73
9535 9305 3 74
5935 9309 1 45
9536 9310 3 98
1644 9349 1 38
5723 9353 1 80
4663 9391 1 78
6046 9329 1 19
6637 9360 3 11
8283 9345 3 9
2556 9355 2 36
8176 9307 3 0
5864 9372 2 14
7256 9382 1 25
1323 9347 1 51
449 9334 3 4
6075 9375 3 94
868 9368 3 62
6105 9331 2 56
5247 9335 1 78
2219 9365 1 43
782 9390 3 35
868 9368 1 51
3105 9393 3 68
2639 9389 3 73
5940 9327 1 72
9503 9348 1 38
7255 9303 1 24
3288 9313 1 46
4289 9398 3 75
1951 9308 3 55
782 9390 1 27
192 9381 2 7
821 9340 1 82
3013 9367 3 7
7256 9382 2 23
3928 9378 2 31
5908 9388 2 87
6246 9351 2 89
449 9334 2 35
641 9325 2 28
8184 9369 1 12
8955 9354 3 19
3415 9363 1 51
324 9311 3 43
7919 9330 3 71
6838 9370 3 53
8962 9332 1 56
546 9337 1 72
3928 9378 1 52
6113 9328 1 45
7256 9382 3 26
6075 9375 1 40
8852 9304 2 39
6838 9370 1 100
7255 9303 2 12
5345 9362 3 29
3406 9383 3 71
302 9324 2 21
6105 9331 1 27
7756 9315 3 8
9003 9392 2 79
1480 9371 2 68
3259 9333 1 8
629 9339 3 53
3377 9318 2 95
3494 9497 1 18
8297 9425 1 86
1158 9499 3 29
7381 9443 1 25
6042 9423 1 10
9495 9422 2 84
9360 9470 2 79
9360 9470 3 60
2338 9432 1 95
7381 9443 3 37
7168 9418 3 17
3108 9480 3 10
3494 9497 2 8
6946 9438 1 34
2359 9468 2 66
8444 9456 1 98
8460 9414 2 74
2032 9475 2 11
4450 9420 2 82
5391 9469 2 17
1245 9416 3 73
1667 9476 1 1
6560 9412 3 30
6355 9494 2 74
1881 9474 3 71
449 9452 2 81
3585 9407 1 38
2032 9475 1 95
5509 9402 1 30
7595 9426 1 91
1831 9472 1 80
1245 9416 1 86
1402 9406 2 94
3285 9481 2 94
7193 9440 1 26
3988 9446 2 23
6857 9434 1 26
3988 9446 1 76
3907 9454 3 86
7415 9419 3 66
5391 9469 3 96
1158 9499 1 55
2165 9493 1 49
2032 9475 3 97
2481 9445 3 87
9153 9413 1 7
957 9461 3 8
3027 9491 2 10
4025 9427 3 87
305 9489 3 52
4553 9431 1 85
6536 9449 2 31
9153 9413 3 62
2627 9498 1 26
644 9408 3 41
2951 9484 3 44
3283 9492 2 18
7007 9467 1 73
1881 9474 1 27
8993 9442 2 35
8993 9442 1 5
7595 9426 2 75
957 9461 2 11
8201 9495 2 79
8989 9450 3 94
3027 9491 1 14
4135 9465 2 80
7248 9460 3 28
8460 9414 1 95
7193 9440 3 9
7730 9421 2 81
6946 9438 2 81
3776 9496 3 98
9384 9451 1 59
1831 9472 2 98
4135 9465 1 94
9335 9483 3 77
3285 9481 3 46
4299 9486 3 76
1585 9457 1 70
1305 9459 2 10
305 9489 1 46
3613 9447 1 1
6042 9423 3 7
1546 9417 2 3
2338 9432 2 66
2426 9401 1 88
6536 9449 3 47
3707 9411 2 6
2481 9445 1 68
6536 9449 1 49
5098 9435 1 53
3988 9446 3 61
7168 9418 2 84
5206 9430 1 47
1881 9474 2 0
7495 9473 1 81
9889 9428 3 29
8201 9495 3 99
2050 9479 1 22
6857 9434 3 29
7248 9460 2 49
8817 9429 3 25
1585 9457 2 0
6843 9433 1 43
6843 9433 3 68
6697 9410 1 85
1745 9444 1 14
1428 9439 3 23
6697 9410 3 1
9858 9500 2 76
1546 9417 1 43
8700 9488 2 89
4703 9490 1 21
957 9461 1 67
2359 9468 1 83
449 9452 3 42
5206 9430 3 88
5593 9458 2 72
9179 9441 2 37
449 9452 1 54
4703 9490 2 42
3505 9404 3 94
8993 9442 3 36
1191 9455 2 97
4624 9466 2 52
2669 9478 3 91
1191 9455 1 9
5509 9402 3 40
5167 9477 3 64
6355 9494 3 70
7007 9467 3 46
9360 9470 1 77
2050 9479 2 14
8989 9450 2 25
5167 9477 2 99
2165 9493 2 11
3505 9404 2 53
5454 9403 2 37
6042 9423 2 88
1667 9476 3 0
9495 9422 3 99
9234 9485 2 78
9384 9451 3 46
1585 9457 3 97
1572 9415 1 31
7168 9418 1 74
9858 9500 3 97
3283 9492 3 2
1014 9482 2 87
3707 9411 1 97
3108 9480 2 35
7730 9421 3 48
9789 9409 3 84
3907 9454 1 29
4299 9486 1 65
1191 9455 3 55
2756 9471 3 68
4299 9486 2 21
4703 9490 3 50
7595 9426 3 53
4025 9427 2 82
8382 9487 1 69
7007 9467 2 28
8460 9414 3 97
5509 9402 2 49
644 9408 1 69
9179 9441 1 100
3027 9491 3 61
2481 9445 2 22
949 9462 2 92
1245 9416 2 39
8817 9429 1 65
5098 9435 2 66
4553 9431 3 32
9335 9483 1 87
7495 9473 3 55
305 9489 2 85
3505 9404 1 93
53 9453 1 40
995 9424 1 13
6245 9464 3 67
1920 9448 1 13
3776 9496 1 78
6697 9410 2 62
3776 9496 2 44
1745 9444 3 73
1920 9448 2 24
8444 9456 2 96
1745 9444 2 34
7193 9440 2 94
8297 9425 2 24
8382 9487 2 43
6946 9438 3 29
6161 9437 1 30
5206 9430 2 2
1014 9482 1 91
5454 9403 1 30
3613 9447 2 59
5391 9469 1 100
1572 9415 2 18
1616 9463 3 84
4624 9466 3 3
6161 9437 2 11
9858 9500 1 73
8700 9488 3 63
2627 9498 3 42
9384 9451 2 11
644 9408 2 48
1428 9439 2 47
1659 9405 2 18
4025 9427 1 43
53 9453 3 28
2426 9401 2 30
2756 9471 1 51
3585 9407 2 22
5454 9403 3 23
7495 9473 2 68
8382 9487 3 51
7381 9443 2 22
2951 9484 1 63
9889 9428 2 56
9789 9409 1 85
1667 9476 2 57
1616 9463 1 84
9335 9483 2 91
9495 9422 1 58
9542 9436 1 82
6560 9412 1 44
6161 9437 3 96
949 9462 1 96
1014 9482 3 41
6245 9464 2 91
1659 9405 3 24
5593 9458 3 41
6245 9464 1 57
6560 9412 2 84
9179 9441 3 41
9542 9436 2 90
1659 9405 1 14
5593 9458 1 28
9234 9485 1 14
8700 9488 1 13
6355 9494 1 29
8444 9456 3 14
4553 9431 2 17
2426 9401 3 68
53 9453 2 34
8989 9450 1 4
3285 9481 1 18
1616 9463 2 89
2669 9478 1 44
8817 9429 2 43
4624 9466 1 25
2669 9478 2 35
4135 9465 3 53
2338 9432 3 72
6857 9434 2 78
3283 9492 1 22
1428 9439 1 26
7730 9421 1 66
2165 9493 3 35
3613 9447 3 57
7415 9419 1 5
4450 9420 1 84
1546 9417 3 53
8297 9425 3 99
9542 9436 3 36
4450 9420 3 16
1305 9459 3 80
3707 9411 3 7
5167 9477 1 24
8201 9495 1 48
7415 9419 2 100
2951 9484 2 9
1920 9448 3 79
2627 9498 2 5
3108 9480 1 80
9234 9485 3 75
7248 9460 1 45
2756 9471 2 29
6843 9433 2 66
995 9424 2 90
995 9424 3 59
9789 9409 2 19
3585 9407 3 79
9153 9413 2 79
2359 9468 3 16
1402 9406 1 76
5098 9435 3 17
9889 9428 1 55
3494 9497 3 93
1402 9406 3 44
2050 9479 3 0
1572 9415 3 83
949 9462 3 4
1831 9472 3 69
1305 9459 1 85
3907 9454 2 86
1158 9499 2 64
1124 9582 1 99
6846 9527 1 81
9976 9551 2 16
7596 9600 3 65
137 9536 2 11
3905 9581 3 69
4944 9534 2 8
6905 9561 3 27
3602 9557 2 35
9431 9572 2 33
4870 9519 2 34
7501 9508 2 1
6518 9583 2 40
6134 9592 1 1
2628 9520 2 70
2044 9564 1 11
5820 9597 3 31
2628 9520 3 72
6395 9579 3 77
7344 9566 1 60
4994 9541 2 81
7000 9513 3 67
75 9589 3 63
2321 9543 3 51
8922 9530 2 62
5824 9577 2 11
2921 9585 2 63
475 9535 2 70
6134 9592 3 21
4058 9596 3 78
9431 9572 1 43
4568 9567 2 61
3378 9525 3 9
8424 9574 1 65
2233 9511 2 23
4467 9550 1 9
6894 9570 1 59
9291 9545 1 83
8574 9594 2 45
3133 9591 1 95
4994 9541 3 17
5820 9597 2 19
137 9536 1 27
4797 9503 1 58
8737 9507 3 78
7356 9554 3 98
1702 9510 2 48
5824 9577 3 91
4870 9519 3 60
4491 9528 1 67
7000 9513 1 39
689 9526 2 69
2514 9565 2 16
9790 9588 1 57
8237 9548 1 64
4513 9552 3 15
3978 9514 2 100
4596 9533 3 93
1658 9524 2 86
2921 9585 3 12
9291 9545 2 56
510 9547 2 67
4568 9567 3 41
4944 9534 1 91
4491 9528 2 25
3435 9505 2 66
9182 9555 3 27
4994 9541 1 5
186 9531 2 19
5639 9562 1 47
8237 9548 3 1
3353 9523 1 11
7344 9566 2 45
6297 9502 3 51
1546 9516 2 33
3978 9514 3 21
2321 9543 1 1
5932 9590 3 33
3378 9525 2 15
475 9535 1 5
6395 9579 1 100
9790 9588 3 15
6297 9502 2 37
3905 9581 1 26
6518 9583 1 68
4529 9546 3 51
924 9576 3 63
9326 9538 2 44
6913 9537 2 32
2150 9518 1 15
9883 9559 2 79
6297 9502 1 1
6423 9573 3 24
5865 9556 1 0
924 9576 1 5
7578 9558 2 66
9245 9539 2 40
5610 9575 1 61
3486 9549 1 57
9724 9587 3 7
7596 9600 2 44
1474 9553 1 22
2214 9529 1 32
6894 9570 2 28
8909 9578 3 20
6423 9573 2 3
2821 9580 1 20
689 9526 3 17
37 9595 3 42
2372 9599 1 93
1658 9524 1 31
6894 9570 3 9
272 9521 1 64
9245 9539 1 47
4529 9546 1 46
6846 9527 2 40
2790 9517 2 50
4596 9533 1 33
7270 9571 3 44
4568 9567 1 31
2150 9518 3 14
8424 9574 3 88
1568 9586 3 20
5932 9590 1 4
8574 9594 3 23
6518 9583 3 21
3133 9591 2 22
7471 9584 3 5
7567 9509 3 78
1299 9512 3 62
9790 9588 2 41
6134 9592 2 74
1299 9512 1 87
2821 9580 3 18
2790 9517 3 25
7567 9509 1 94
475 9535 3 18
5341 9568 3 93
8424 9574 2 16
3435 9505 1 32
186 9531 3 71
1546 9516 1 58
4513 9552 1 35
9928 9515 3 15
9928 9515 1 21
7567 9509 2 28
1568 9586 1 57
7356 9554 2 86
6377 9506 3 45
5865 9556 2 82
1452 9522 3 37
2233 9511 3 74
689 9526 1 87
320 9532 2 26
1546 9516 3 35
8909 9578 1 64
7434 9540 1 53
2622 9501 1 40
4058 9596 1 65
7456 9542 2 10
6423 9573 1 87
4513 9552 2 1
3602 9557 3 54
9326 9538 3 100
924 9576 2 62
4314 9569 2 30
7434 9540 3 79
4944 9534 3 80
7456 9542 1 43
7578 9558 1 96
5865 9556 3 51
2372 9599 2 97
4529 9546 2 23
130 9504 3 90
7270 9571 1 70
5225 9560 2 51
4491 9528 3 11
3486 9549 2 9
2790 9517 1 46
9182 9555 1 65
3602 9557 1 97
37 9595 2 13
75 9589 2 94
6785 9544 2 60
137 9536 3 90
6549 9563 1 68
7270 9571 2 70
5820 9597 1 55
2622 9501 2 44
4314 9569 1 16
7578 9558 3 65
6395 9579 2 10
2628 9520 1 88
510 9547 3 97
4314 9569 3 10
5225 9560 3 46
7000 9513 2 23
7471 9584 2 5
1474 9553 2 6
8737 9507 1 33
3353 9523 2 75
6785 9544 3 62
1124 9582 2 63
8237 9548 2 83
2233 9511 1 31
1299 9512 2 61
6913 9537 1 53
2372 9599 3 66
7356 9554 1 34
7501 9508 1 38
6549 9563 2 91
7501 9508 3 50
8922 9530 1 90
9883 9559 1 19
9326 9538 1 18
2150 9518 2 54
186 9531 1 50
6846 9527 3 25
9976 9551 3 21
2622 9501 3 49
3905 9581 2 19
6785 9544 1 41
272 9521 2 46
4467 9550 2 45
2044 9564 2 86
9724 9587 1 50
1658 9524 3 96
1568 9586 2 78
3435 9505 3 3
9976 9551 1 82
8909 9578 2 69
6549 9563 3 35
9801 9593 3 4
75 9589 1 29
8574 9594 1 64
5610 9575 3 33
5639 9562 3 71
1702 9510 1 58
2514 9565 1 39
1474 9553 3 98
8922 9530 3 70
4797 9503 3 72
4797 9503 2 74
9724 9587 2 62
2821 9580 2 83
37 9595 1 50
2214 9529 2 69
5932 9590 2 49
8534 9598 2 84
130 9504 1 86
3978 9514 1 96
7596 9600 1 75
7471 9584 1 49
1452 9522 2 33
6905 9561 1 84
8737 9507 2 80
320 9532 3 37
6377 9506 1 63
5824 9577 1 71
9291 9545 3 27
4870 9519 1 33
4467 9550 3 73
9182 9555 2 81
3353 9523 3 39
5639 9562 2 83
5341 9568 2 93
9801 9593 1 18
3378 9525 1 67
2514 9565 3 1
8534 9598 3 76
4058 9596 2 32
9431 9572 3 8
1452 9522 1 47
9245 9539 3 42
6913 9537 3 5
2921 9585 1 48
2214 9529 3 1
320 9532 1 71
9883 9559 3 70
7456 9542 3 31
9928 9515 2 18
1124 9582 3 37
6377 9506 2 33
2321 9543 2 40
1702 9510 3 35
2044 9564 3 13
7434 9540 2 68
5225 9560 1 39
9801 9593 2 73
5341 9568 1 66
8534 9598 1 66
6905 9561 2 77
3486 9549 3 51
272 9521 3 92
5610 9575 2 24
130 9504 2 85
3133 9591 3 24
7344 9566 3 69
510 9547 1 98
4596 9533 2 26
3808 9621 3 51
7209 9669 2 42
3577 9650 1 12
679 9627 2 47
1933 9632 2 2
2878 9619 1 39
6192 9694 2 65
3258 9633 2 83
8358 9625 3 35
5398 9631 3 21
6035 9680 3 56
2209 9645 1 63
8957 9698 1 14
2996 9615 2 47
3360 9649 3 33
1026 9653 1 55
1263 9635 3 61
5377 9637 3 23
8367 9623 2 55
5489 9638 1 49
6597 9651 1 10
6035 9680 1 76
8230 9677 1 44
5377 9637 2 53
8366 9656 2 34
8167 9697 3 79
16 9695 3 75
1557 9646 3 61
3722 9634 2 53
3360 9649 1 66
4200 9693 3 97
1308 9662 2 6
9940 9692 3 81
4486 9605 3 15
3291 9672 2 15
4719 9639 1 26
1933 9632 3 85
6597 9651 2 77
8583 9643 3 83
2125 9602 3 57
3258 9633 1 59
3523 9661 1 62
3523 9661 3 81
2889 9640 2 99
7540 9668 3 66
5105 9678 1 21
2607 9629 1 29
1308 9662 1 13
9225 9654 2 19
3240 9613 3 61
3291 9672 3 73
980 9667 2 44
2996 9615 3 11
9696 9683 3 66
2918 9699 1 21
4083 9659 1 67
4126 9690 3 15
7712 9688 2 11
4486 9606 2 0
9940 9692 1 23
2101 9686 2 87
9318 9648 1 8
7804 9616 3 47
9318 9648 2 35
1263 9635 1 87
4150 9603 2 14
6464 9601 2 38
2125 9602 2 48
2217 9628 1 100
7873 9666 1 76
2307 9647 3 93
3577 9650 2 99
5983 9676 3 55
1026 9653 3 68
9940 9692 2 26
8366 9656 1 31
4486 9606 1 38
5927 9641 3 82
8793 9664 2 34
7905 9682 2 13
4177 9679 3 42
3722 9634 1 83
4563 9652 1 90
980 9667 1 81
2878 9619 2 92
4719 9639 2 37
2258 9636 2 65
1507 9673 2 67
4486 9605 1 82
2791 9620 1 27
7290 9610 3 74
8379 9657 1 91
5105 9678 3 76
2221 9685 3 44
9219 9608 2 53
4563 9652 3 84
2918 9699 3 26
5105 9678 2 22
2217 9628 3 44
4063 9671 2 1
4654 9611 3 71
2139 9614 1 21
9225 9654 1 84
6192 9694 3 55
5983 9676 2 9
8639 9618 2 29
2217 9628 2 92
8583 9643 1 98
2416 9612 1 30
2791 9620 2 50
6653 9658 2 30
980 9667 3 71
945 9663 2 6
9318 9648 3 11
4063 9671 1 65
7209 9669 3 38
3574 9687 1 85
8643 9630 2 57
2603 9700 3 61
1557 9646 1 26
9219 9608 3 30
7290 9610 1 24
5377 9637 1 22
6464 9601 1 14
6035 9680 2 85
2996 9615 1 32
3648 9674 2 39
8957 9698 3 57
7209 9669 1 70
1933 9632 1 90
2221 9685 1 97
7290 9610 2 83
2139 9614 3 60
7261 9689 2 94
4486 9605 2 87
9225 9654 3 34
9219 9608 1 84
2416 9612 3 96
5761 9660 2 65
7483 9617 1 58
8583 9643 2 65
1308 9662 3 1
1253 9604 1 54
9653 9626 3 36
4083 9659 2 40
679 9627 1 74
1507 9673 1 2
8379 9657 3 37
9689 9691 1 43
3577 9650 3 41
6653 9658 3 39
7712 9688 1 73
4063 9671 3 74
2889 9640 3 61
6464 9601 3 70
1253 9604 2 15
945 9663 1 100
2307 9647 1 17
975 9607 3 66
6191 9644 3 19
7483 9617 3 71
4563 9652 2 38
7884 9665 1 89
7012 9675 2 26
3648 9674 1 87
4654 9611 2 81
3360 9649 2 94
2603 9700 2 34
1507 9673 3 57
1026 9653 2 62
8167 9622 1 59
2101 9686 1 3
6164 9655 1 20
7884 9665 2 96
3240 9613 1 59
8643 9630 3 7
6175 9624 3 69
6653 9658 1 68
4272 9684 3 37
2139 9614 2 5
7873 9666 3 5
8167 9697 2 5
5761 9660 3 97
8957 9698 2 84
1557 9646 2 9
7540 9668 2 81
9116 9642 2 10
2791 9620 3 21
1517 9670 3 82
3648 9674 3 40
2209 9645 2 86
8639 9618 1 16
8643 9630 1 100
9696 9683 1 56
9653 9626 1 81
2889 9640 1 38
7261 9689 3 37
8358 9625 1 67
7905 9682 3 51
8793 9664 3 61
16 9695 1 26
8167 9622 2 62
7905 9682 1 71
9689 9691 2 90
1215 9696 3 48
16 9695 2 29
4272 9684 1 90
1517 9670 1 55
6175 9624 1 37
4486 9606 3 25
6191 9644 2 26
7261 9689 1 50
7884 9665 3 18
4126 9690 1 93
5983 9676 1 33
9116 9642 3 61
7012 9675 3 71
4200 9693 2 66
7804 9616 1 64
4609 9681 2 19
975 9607 1 56
2209 9645 3 32
4177 9679 2 27
6175 9624 2 32
1215 9696 1 1
8366 9656 3 63
2607 9629 2 19
8167 9622 3 60
3574 9687 2 37
4719 9639 3 45
5489 9638 3 16
2307 9647 2 47
945 9663 3 58
2258 9636 1 40
5489 9638 2 61
8639 9618 3 85
7012 9675 1 53
4272 9684 2 45
4177 9679 1 68
4609 9681 3 68
5761 9660 1 86
4150 9603 1 23
3808 9621 1 86
7873 9666 2 46
5927 9641 1 9
1215 9696 2 84
3258 9633 3 91
4609 9681 1 21
8367 9623 3 43
4535 9609 2 81
4083 9659 3 84
6597 9651 3 3
8230 9677 3 100
2258 9636 3 35
3240 9613 2 27
3523 9661 2 68
4126 9690 2 43
2416 9612 2 94
2101 9686 3 45
6164 9655 2 44
1517 9670 2 32
3574 9687 3 49
7804 9616 2 75
2125 9602 1 59
5398 9631 1 14
2878 9619 3 8
1253 9604 3 10
8379 9657 2 99
4150 9603 3 67
7540 9668 1 40
8367 9623 1 39
8230 9677 2 26
4535 9609 1 50
2221 9685 2 66
8358 9625 2 65
4200 9693 1 2
8793 9664 1 43
6191 9644 1 60
1263 9635 2 25
3291 9672 1 86
6192 9694 1 71
9116 9642 1 26
9689 9691 3 14
2607 9629 3 94
8167 9697 1 83
5927 9641 2 20
3808 9621 2 59
2918 9699 2 41
6164 9655 3 55
4535 9609 3 6
7712 9688 3 79
3722 9634 3 69
9653 9626 2 65
2603 9700 1 15
975 9607 2 88
9696 9683 2 15
4654 9611 1 57
679 9627 3 29
7483 9617 2 8
5398 9631 2 36
7592 9718 3 16
7140 9742 2 8
1794 9771 1 86
2446 9787 2 20
2451 9737 1 96
7688 9721 1 96
9113 9791 2 43
9973 9736 2 71
3026 9756 2 27
3281 9734 2 87
1982 9751 2 15
1321 9755 3 40
6983 9707 2 17
3170 9709 2 55
1380 9763 3 20
9973 9736 1 99
1921 9775 3 12
4276 9724 2 88
848 9797 3 60
3578 9719 2 8
6000 9753 2 1
5893 9720 2 19
4545 9754 3 100
4697 9713 3 85
9017 9799 2 83
5571 9733 2 71
4545 9754 2 63
9973 9736 3 75
3567 9761 3 49
145 9701 3 45
6814 9748 2 67
1982 9751 3 19
3738 9795 1 49
414 9800 2 76
7530 9728 2 55
9436 9784 3 43
4686 9745 2 100
7063 9729 1 48
2593 9731 3 36
3578 9719 3 10
8067 9738 3 65
3480 9757 3 91
4050 9777 3 1
9324 9774 1 35
414 9800 3 26
5643 9776 2 58
2494 9749 3 2
1864 9772 3 42
6814 9748 3 29
7530 9728 3 38
8406 9727 3 75
7790 9708 2 66
3281 9734 3 100
9324 9774 3 61
5643 9776 1 6
1697 9778 1 40
5266 9706 2 79
2446 9740 2 43
1429 9769 1 99
5386 9735 2 96
4571 9741 1 63
3973 9785 3 42
1921 9775 1 21
7402 9770 1 19
3170 9709 3 3
2088 9792 2 40
3737 9739 1 57
9113 9791 3 33
145 9701 2 52
5643 9776 3 5
4503 9759 1 46
3621 9715 1 78
9973 9722 3 12
2451 9737 2 62
6460 9765 2 82
1321 9755 1 15
3893 9723 3 31
7298 9798 3 68
9113 9791 1 35
4686 9745 1 18
5339 9750 2 35
5893 9720 1 67
3003 9712 1 34
6089 9789 2 10
8731 9703 1 51
5339 9750 3 80
4676 9788 2 31
6170 9705 2 79
3973 9785 2 85
2811 9767 2 100
1429 9769 2 95
1448 9710 2 47
3552 9781 1 58
1731 9768 2 58
6983 9707 3 76
2593 9731 2 65
2315 9782 1 58
4676 9788 3 27
4050 9777 2 85
2088 9792 3 17
9914 9758 1 23
1697 9778 2 11
1831 9796 2 85
8406 9727 2 97
9973 9722 1 9
1912 9780 2 79
2446 9787 1 19
7140 9742 3 72
7140 9742 1 47
7071 9783 2 53
145 9716 1 38
5893 9720 3 72
4097 9730 2 62
6164 9744 3 37
9914 9758 2 27
5448 9714 1 77
5448 9714 3 75
4097 9730 3 41
3664 9743 1 34
2494 9749 2 21
4276 9724 3 82
1380 9763 1 49
5999 9779 3 59
3738 9795 2 43
2494 9749 1 41
801 9766 3 60
2593 9731 1 85
5339 9750 1 48
5571 9733 3 17
6814 9748 1 44
3893 9723 2 32
848 9797 2 23
811 9725 1 79
2571 9711 2 62
1982 9751 1 39
9436 9784 2 26
9436 9784 1 20
2284 9794 1 79
3621 9715 2 29
8045 9762 2 2
1772 9790 2 15
5995 9760 3 75
7315 9717 3 90
6170 9705 1 25
1921 9775 2 46
2826 9746 3 26
1831 9796 1 39
3973 9785 1 68
848 9797 1 54
9746 9793 3 40
3738 9795 3 39
1864 9772 1 3
4503 9759 3 100
6858 9764 3 47
5266 9706 3 98
2315 9782 3 94
7063 9729 3 18
7402 9770 3 21
2446 9740 3 33
5386 9735 1 89
3567 9761 1 24
1912 9780 1 22
7790 9708 3 85
1731 9768 1 87
9914 9758 3 97
2451 9737 3 36
3026 9756 3 88
4943 9726 3 11
3480 9757 1 7
1794 9771 3 26
4697 9713 1 13
4658 9702 1 40
811 9725 2 45
1697 9778 3 70
145 9716 2 48
4943 9726 2 33
4097 9730 1 86
8406 9727 1 27
8290 9704 2 81
8067 9738 2 28
7298 9798 1 55
414 9800 1 50
1321 9755 2 24
4658 9702 3 53
1772 9790 1 49
4697 9713 2 41
8731 9703 2 27
9017 9799 3 64
6000 9753 1 88
7525 9773 3 6
4779 9747 1 70
4779 9747 2 56
9746 9793 1 63
7592 9718 1 35
6858 9764 1 66
5286 9732 1 41
8731 9703 3 36
1429 9769 3 33
6089 9789 3 65
2284 9794 2 39
6858 9764 2 9
2446 9787 3 63
3578 9719 1 97
6000 9753 3 33
7525 9773 1 6
7790 9708 1 13
7525 9773 2 60
1772 9790 3 65
2284 9794 3 98
4658 9702 2 51
811 9725 3 59
6460 9765 1 36
6460 9765 3 92
7063 9729 2 12
3026 9756 1 36
5286 9732 3 35
3170 9709 1 11
801 9766 1 81
4276 9724 1 88
4571 9741 2 43
6164 9744 1 33
8290 9704 1 5
3552 9781 3 1
7071 9783 3 58
7530 9728 1 93
9017 9799 1 24
1864 9772 2 4
2627 9752 1 45
6164 9744 2 28
7071 9783 1 8
4475 9786 1 34
2571 9711 3 92
7688 9721 3 17
8045 9762 1 31
3737 9739 2 55
7402 9770 2 36
7315 9717 2 86
9973 9722 2 17
5266 9706 1 71
5386 9735 3 59
4475 9786 3 47
9324 9774 2 34
4779 9747 3 23
3737 9739 3 58
2826 9746 1 41
1831 9796 3 20
801 9766 2 43
4475 9786 2 38
2571 9711 1 76
1380 9763 2 9
4050 9777 1 72
1448 9710 1 14
5571 9733 1 14
2627 9752 2 13
6170 9705 3 14
3893 9723 1 94
1794 9771 2 85
5286 9732 2 67
145 9701 1 41
4503 9759 2 97
1448 9710 3 7
4686 9745 3 27
2088 9792 1 78
3552 9781 2 95
4943 9726 1 72
7298 9798 2 99
2811 9767 1 81
2315 9782 2 17
145 9716 3 39
8067 9738 1 24
9746 9793 2 84
3621 9715 3 18
3281 9734 1 47
8045 9762 3 91
8290 9704 3 91
3480 9757 2 76
6089 9789 1 3
2811 9767 3 85
3567 9761 2 20
5448 9714 2 96
6983 9707 1 16
5995 9760 1 67
7315 9717 1 4
1731 9768 3 46
2627 9752 3 95
1912 9780 3 1
7592 9718 2 68
4676 9788 1 46
4571 9741 3 42
5995 9760 2 46
2826 9746 2 26
3003 9712 2 43
7688 9721 2 30
3664 9743 2 86
5999 9779 2 55
3664 9743 3 71
2446 9740 1 7
5999 9779 1 56
3003 9712 3 54
4545 9754 1 54
6010 9816 2 61
143 9849 3 0
3923 9801 1 48
7842 9900 1 30
1417 9838 3 0
2145 9881 1 10
4289 9857 1 37
6318 9821 1 40
3923 9801 3 29
2990 9875 2 94
5163 9866 1 0
5070 9807 3 9
1949 9824 3 51
7842 9900 3 83
5380 9844 2 53
8140 9858 2 0
7717 9822 3 13
2479 9831 2 74
258 9885 2 25
7845 9820 2 3
941 9817 2 25
8140 9858 3 38
4251 9869 2 47
7284 9899 3 33
7767 9850 3 23
545 9833 1 8
4743 9825 3 72
120 9852 2 62
6010 9816 1 83
66 9870 3 62
4791 9841 2 36
7845 9820 1 20
1170 9805 3 59
2333 9887 2 30
6717 9815 2 61
2270 9808 3 48
1934 9888 1 99
3606 9868 3 29
4389 9830 3 65
8431 9863 1 69
1958 9843 2 48
4015 9886 1 39
7365 9878 2 86
4743 9825 1 5
7977 9895 1 85
5813 9834 3 32
1949 9824 1 17
8999 9811 1 63
8499 9839 2 13
9025 9847 3 6
4289 9857 3 98
4864 9851 1 72
4317 9879 1 17
2990 9875 3 82
8392 9832 1 100
2231 9898 2 14
7365 9878 1 28
5307 9804 1 98
3365 9842 1 4
2270 9808 1 60
8349 9846 2 51
6200 9802 2 72
120 9852 3 14
7578 9876 1 5
6717 9815 1 47
5361 9837 3 96
6593 9809 2 92
8965 9860 1 47
66 9870 2 4
4317 9879 2 97
9729 9826 3 50
4593 9836 3 68
8416 9882 2 22
737 9891 3 64
1958 9843 1 83
1383 9812 2 52
8349 9846 3 98
7844 9877 3 19
9025 9847 2 9
4389 9830 1 26
8683 9855 2 43
9048 9862 1 66
8157 9872 1 56
1547 9883 2 49
5568 9813 2 26
1958 9843 3 42
2841 9861 3 42
2813 9814 2 79
5070 9807 2 49
8102 9864 1 43
5568 9813 3 18
38 9854 2 51
5813 9834 2 23
7928 9840 2 15
7365 9878 3 12
7284 9899 2 43
1417 9838 1 77
1953 9823 1 34
2333 9887 1 49
1717 9835 1 20
5307 9804 3 62
38 9854 1 3
9749 9818 2 0
3606 9868 2 23
2654 9819 3 73
3365 9842 3 58
7842 9897 2 10
3365 9842 2 71
7284 9899 1 23
6010 9816 3 57
4504 9893 3 9
4593 9836 1 90
2479 9831 3 84
854 9874 3 56
4791 9841 1 35
1818 9859 2 52
4015 9886 2 18
3353 9803 1 88
8965 9860 2 83
4743 9825 2 9
1934 9888 3 10
8102 9864 3 98
3353 9803 2 15
66 9870 1 98
38 9854 3 75
2179 9873 2 13
3567 9867 3 54
2654 9819 2 91
4864 9851 3 0
5163 9866 2 61
1734 9865 3 95
1170 9805 2 98
6593 9809 3 99
4593 9836 2 56
4317 9879 3 18
7845 9820 3 54
7842 9897 1 91
7107 9810 3 20
545 9833 2 3
8416 9882 1 4
143 9849 2 92
737 9891 2 38
9729 9826 2 43
4289 9857 2 81
6318 9821 2 70
9685 9871 1 42
1383 9812 1 99
1717 9835 3 15
8157 9872 3 5
2231 9898 3 37
1170 9805 1 82
5813 9834 1 46
7717 9822 1 9
8102 9864 2 51
1818 9859 3 64
7928 9840 3 2
143 9849 1 62
3923 9801 2 32
4504 9893 1 43
5070 9807 1 57
3080 9884 1 13
1417 9838 2 89
4277 9890 1 31
1934 9888 2 86
4791 9841 3 58
1953 9823 3 85
6489 9848 1 46
6593 9809 1 99
1384 9829 1 21
772 9828 1 98
2231 9898 1 80
5343 9889 1 54
1949 9824 2 34
7107 9810 2 99
2145 9881 2 16
5487 9827 2 98
8416 9882 3 37
7977 9895 3 14
4251 9869 3 31
854 9874 1 81
5361 9837 2 2
5361 9837 1 60
9190 9880 1 80
545 9833 3 77
7107 9810 1 25
1818 9859 1 88
7842 9900 2 64
8499 9839 1 61
7977 9895 2 15
2841 9861 2 82
8999 9811 2 66
5163 9866 3 98
941 9817 1 60
7717 9822 2 74
3064 9806 2 100
8431 9863 3 67
3064 9806 3 46
9685 9871 3 33
5343 9889 2 31
120 9852 1 40
7844 9877 2 48
9048 9862 2 61
8448 9894 1 84
1717 9835 2 26
3080 9884 3 88
5487 9827 1 40
7844 9877 1 24
2179 9873 3 9
9025 9847 1 52
6717 9815 3 89
9749 9818 3 25
6308 9845 1 27
2654 9819 1 1
4864 9851 2 47
772 9828 3 31
8683 9855 3 5
7767 9850 2 85
4504 9893 2 4
5568 9813 1 31
2270 9808 2 85
6200 9802 3 34
7928 9840 1 89
4251 9869 1 66
4277 9890 3 30
7842 9897 3 9
5307 9804 2 74
3064 9806 1 69
3353 9803 3 44
5487 9827 3 66
9776 9896 1 22
2333 9887 3 1
2813 9814 1 86
669 9892 3 6
669 9892 2 98
224 9853 3 85
1400 9856 1 81
4389 9830 2 79
8392 9832 3 46
8999 9811 3 58
6308 9845 3 83
2813 9814 3 91
1400 9856 2 51
258 9885 3 3
2841 9861 1 6
7578 9876 2 34
8140 9858 1 79
9190 9880 2 93
1384 9829 2 76
3567 9867 1 18
6308 9845 2 67
9749 9818 1 99
1734 9865 1 13
854 9874 2 44
8448 9894 3 15
772 9828 2 96
1953 9823 2 83
7767 9850 1 60
9776 9896 3 36
2179 9873 1 89
1384 9829 3 73
6200 9802 1 35
2990 9875 1 2
2145 9881 3 57
2479 9831 1 17
6318 9821 3 21
6489 9848 3 81
3567 9867 2 41
5343 9889 3 5
3606 9868 1 54
224 9853 2 69
8965 9860 3 86
9048 9862 3 42
9776 9896 2 93
1734 9865 2 10
8431 9863 2 31
8448 9894 2 77
1547 9883 1 30
9729 9826 1 51
3080 9884 2 90
669 9892 1 73
1400 9856 3 57
9685 9871 2 16
4277 9890 2 37
8349 9846 1 10
1547 9883 3 7
8499 9839 3 68
224 9853 1 88
6489 9848 2 44
5380 9844 3 61
8392 9832 2 36
737 9891 1 42
8683 9855 1 19
1383 9812 3 11
9190 9880 3 37
941 9817 3 99
7578 9876 3 69
4015 9886 3 38
8157 9872 2 100
258 9885 1 21
5380 9844 1 8
2645 9989 3 60
6329 9948 1 60
2778 9982 3 7
1464 9955 2 75
1057 9969 2 72
4661 9987 1 78
2218 9939 3 36
2162 9984 1 13
8913 9952 1 59
5870 9911 3 68
4550 9985 3 24
1674 9917 1 70
8913 9952 3 9
5481 9936 2 8
9493 9949 3 18
8425 9930 1 66
4019 9974 3 80
3010 9925 3 80
4661 9987 3 87
1662 9967 2 100
9386 9901 1 12
1738 9995 3 21
3433 9932 2 3
3829 9979 2 38
5282 9928 3 78
8346 9937 3 7
675 9927 1 100
6048 9972 1 14
5731 9973 2 44
3999 9916 2 69
5138 9926 1 45
1662 9967 3 3
6042 9908 2 73
7241 9910 3 60
680 9951 3 81
7983 9965 2 56
6042 9908 1 35
7948 9999 3 57
5316 9963 3 92
3507 9909 3 71
6948 9980 1 67
9128 9976 2 99
3010 9925 1 99
283 9992 3 24
9171 9924 2 23
2162 9984 3 46
1328 9935 2 66
608 9907 1 86
5068 9918 3 15
1328 9935 1 49
502 9993 2 34
259 9923 2 8
2778 9982 2 9
1076 9991 3 8
9473 9954 3 65
7681 9970 3 40
8917 9912 2 83
7 9906 1 24
8489 9929 2 1
9171 9924 3 62
5316 9963 2 87
3377 10000 3 27
1738 9995 1 70
259 9923 1 36
8346 9937 2 52
1583 9931 1 44
2646 9940 1 67
2218 9939 2 61
608 9907 3 60
9435 9981 1 36
6659 9956 2 47
2645 9989 1 91
5977 9994 1 20
9128 9976 1 84
5900 9962 2 48
9515 9950 3 91
2545 9968 2 88
1893 9961 3 36
7 9906 3 6
6659 9956 3 56
8917 9912 3 27
6144 9996 1 6
9473 9954 2 89
6329 9948 2 70
3999 9916 3 22
1057 9969 1 10
9757 9977 2 52
5068 9918 2 61
5731 9973 1 66
5633 9964 2 26
1464 9955 1 7
4561 9945 3 91
1464 9955 3 62
9171 9924 1 19
7163 9919 2 37
4019 9974 1 84
8882 9915 2 40
7681 9970 2 41
7551 9988 1 63
2645 9989 2 25
5870 9911 1 3
3819 9953 1 37
7983 9965 3 59
5900 9962 3 62
5977 9994 2 16
6042 9908 3 83
3829 9979 1 99
5138 9926 3 98
8489 9929 1 86
9748 9903 1 30
7691 9971 3 50
1536 9902 3 29
1738 9995 2 23
3588 9938 1 77
7691 9971 2 21
8967 9947 2 91
9680 9904 1 80
4550 9985 1 57
9373 9914 1 49
3588 9938 2 50
1893 9961 1 95
9373 9914 3 98
5393 9942 3 97
3507 9909 2 34
5977 9994 3 65
6705 9943 3 30
9473 9954 1 84
2821 9998 2 45
3507 9909 1 53
2646 9940 3 41
6705 9943 1 97
2091 9958 1 72
4550 9985 2 3
9178 9990 2 77
5633 9964 1 76
9373 9914 2 60
2646 9940 2 83
8882 9915 3 86
7691 9971 1 98
5282 9928 1 9
6705 9943 2 36
9178 9990 3 48
5534 9921 2 63
9757 9977 3 59
7163 9919 1 96
8175 9946 2 29
6384 9913 2 12
2091 9958 2 75
1536 9902 2 56
9515 9950 2 65
7551 9988 3 69
9680 9904 3 98
8417 9905 2 99
3999 9916 1 47
1536 9902 1 91
8950 9957 2 100
8967 9947 1 11
9435 9981 2 26
608 9907 2 24
6937 9978 2 69
4019 9974 2 35
502 9993 1 89
259 9923 3 67
8913 9952 2 57
3669 9944 1 30
2545 9968 3 79
7948 9999 1 63
2778 9982 1 17
7241 9910 1 73
5870 9911 2 54
8400 9983 2 98
6144 9996 2 51
6048 9972 3 90
7981 9997 2 78
6329 9948 3 43
4561 9945 2 9
9386 9901 2 59
8950 9957 1 51
8950 9957 3 42
5873 9966 2 80
1074 9933 1 96
7681 9970 1 99
1893 9961 2 41
3588 9938 3 54
3433 9932 1 61
5703 9922 3 71
3669 9944 2 47
1674 9917 3 13
1057 9969 3 24
8489 9929 3 76
7551 9988 2 78
1568 9975 3 13
8417 9905 1 40
7981 9997 3 74
1076 9991 1 73
284 9959 1 55
6048 9972 2 28
1674 9917 2 68
1583 9931 3 99
5873 9966 3 10
7189 9941 2 42
8400 9983 3 46
2218 9939 1 13
9748 9903 2 68
1328 9935 3 41
2162 9984 2 52
8387 9960 1 78
1568 9975 1 63
9748 9903 3 73
680 9951 1 93
8175 9946 1 38
5068 9918 1 95
8967 9947 3 17
6937 9978 1 2
3433 9932 3 20
5703 9922 1 44
5873 9966 1 77
3669 9944 3 66
8175 9946 3 91
283 9992 1 37
8417 9905 3 33
675 9927 2 11
9757 9977 1 83
2414 9920 1 53
675 9927 3 16
2821 9998 1 49
3377 10000 2 77
4661 9987 2 12
5534 9921 1 82
7948 9999 2 85
8917 9912 1 83
9435 9981 3 37
3010 9925 2 76
5393 9942 2 20
704 9986 3 51
8346 9937 1 92
8882 9915 1 30
704 9986 2 86
5940 9934 1 63
1583 9931 2 100
5481 9936 1 45
5900 9962 1 97
8425 9930 3 82
6144 9996 3 3
1662 9967 1 81
1076 9991 2 15
9386 9901 3 15
3377 10000 1 48
5633 9964 3 22
704 9986 1 37
2414 9920 2 87
7241 9910 2 69
1074 9933 3 50
5703 9922 2 96
9680 9904 2 63
8387 9960 3 52
8400 9983 1 21
3819 9953 3 97
7983 9965 1 96
680 9951 2 20
9515 9950 1 75
5138 9926 2 32
5534 9921 3 28
5282 9928 2 43
9493 9949 1 22
5316 9963 1 81
7189 9941 1 79
1074 9933 2 95
4561 9945 1 80
283 9992 2 52
3829 9979 3 58
6384 9913 3 25
8425 9930 2 40
7189 9941 3 67
502 9993 3 53
3819 9953 2 60
7 9906 2 0
9493 9949 2 54
6937 9978 3 30
5940 9934 3 38
5393 9942 1 99
284 9959 2 81
6384 9913 1 88
1568 9975 2 65
7981 9997 1 48
9178 9990 1 92
2414 9920 3 88
6948 9980 3 36
6659 9956 1 72
6948 9980 2 38
5731 9973 3 0
7163 9919 3 85
284 9959 3 82
2821 9998 3 100
8387 9960 2 58
9128 9976 3 13
2545 9968 1 95
2091 9958 3 69
5481 9936 3 33
5940 9934 2 57
